min_start,min_start_real,temp,DateTime_start,bw,mo2,mo2_unscaled,ID,mo2_scaled,mmr,percent_mmr,aas,fas,mo2_recovered,percent_aas,fas_available,rmr,ln_mo2_minus_rmr,B,beta,Bebt,ln_mo2_minus_Bebt,A,alpha
1.92,0,19,7/26/2022 8:45,0.006,11.7624,0.0705744,A01,8.116164991,8.116164991,1,5.654283221,3.296732235,0,0,1,2.46188177,1.73241335,3.175950635,-0.011845,3.175950635,0.90758599,4.569482683,-0.12934
10,8,19,7/26/2022 8:53,0.006,5.799733333,0.0347984,A01,3.889261757,8.116164991,0.479199445,5.654283221,3.296732235,4.226903234,74.75577484,2.08681377,2.46188177,0.355840587,3.175950635,-0.011845,2.888816782,,4.569482683,-0.12934
20,18,19,7/26/2022 9:03,0.006,3.449333333,0.020696,A01,2.313099491,8.116164991,0.284999072,5.654283221,3.296732235,5.8030655,102.6313199,3.508783354,2.46188177,,3.175950635,-0.011845,2.566125054,,4.569482683,-0.12934
28,26,19,7/26/2022 9:11,0.006,6.604,0.039624,A01,4.428597518,8.116164991,0.54565149,5.654283221,3.296732235,3.687567473,65.21724026,1.832671621,2.46188177,0.676365019,3.175950635,-0.011845,2.334124794,,4.569482683,-0.12934
4.5,36,19,7/26/2022 9:21,0.006,7.432533333,0.0445952,A01,4.98420634,8.116164991,0.614108553,5.654283221,3.296732235,3.131958651,55.39090506,1.628376603,2.46188177,0.925180925,3.175950635,-0.011845,2.073394253,-0.800887599,4.569482683,-0.12934
4.5,46,19,7/26/2022 9:31,0.006,6.929866667,0.0415792,A01,4.64712149,8.116164991,0.572576025,5.654283221,3.296732235,3.469043501,61.35248917,1.746492965,2.46188177,0.781725534,3.175950635,-0.011845,1.841788297,-1.068709594,4.569482683,-0.12934
4.5,54,19,7/26/2022 9:39,0.006,5.338666667,0.032032,A01,3.580073584,8.116164991,0.441104091,5.654283221,3.296732235,4.536091407,80.22398648,2.267038596,2.46188177,0.111712929,3.175950635,-0.011845,1.675274446,,4.569482683,-0.12934
14.5,64,19,7/26/2022 9:49,0.006,5.685333333,0.034112,A01,3.812545894,8.116164991,0.469747214,5.654283221,3.296732235,4.303619096,76.11254916,2.128804536,2.46188177,0.300596415,3.175950635,-0.011845,1.488139973,,4.569482683,-0.12934
24.5,74,19,7/26/2022 9:59,0.006,6.066666667,0.0364,A01,4.068265436,8.116164991,0.501254649,5.654283221,3.296732235,4.047899555,71.58996811,1.994993965,2.46188177,0.473985482,3.175950635,-0.011845,1.321909127,-1.257111523,4.569482683,-0.12934
2.99,0,19,7/26/2022 8:46,0.0073,12.14011849,0.088622865,A02,8.815003053,8.815003053,1,5.756326912,2.881966788,0,0,1,3.058676141,1.750299582,3.175950635,-0.011845,3.175950635,0.947935232,4.569482683,-0.12934
10,7,19,7/26/2022 8:53,0.0073,7.066721507,0.051587067,A02,5.006395724,8.815003053,0.567940328,5.756326912,2.881966788,3.808607329,66.16384696,1.760748358,3.058676141,0.666659244,3.175950635,-0.011845,2.923238275,,4.569482683,-0.12934
20,17,19,7/26/2022 9:03,0.0073,4.029546986,0.029415693,A02,2.854719375,8.815003053,0.323847803,5.756326912,2.881966788,5.960283678,103.5431755,3.087870258,3.058676141,,3.175950635,-0.011845,2.596701537,,4.569482683,-0.12934
28,25,19,7/26/2022 9:11,0.0073,5.01048,0.036576504,A02,3.549658158,8.815003053,0.402683713,5.756326912,2.881966788,5.265344895,91.47056752,2.483338581,3.058676141,-0.711347777,3.175950635,-0.011845,2.361936894,,4.569482683,-0.12934
4.5,35,19,7/26/2022 9:21,0.0073,6.486169315,0.047349036,A02,4.595105424,8.815003053,0.521282341,5.756326912,2.881966788,4.219897629,73.30885986,1.918346205,3.058676141,0.429461077,3.175950635,-0.011845,2.098099637,,4.569482683,-0.12934
4.5,45,19,7/26/2022 9:31,0.0073,5.596751918,0.040856289,A02,3.96500058,8.815003053,0.449801385,5.756326912,2.881966788,4.850002473,84.25516041,2.223203471,3.058676141,-0.098357937,3.175950635,-0.011845,1.863733996,,4.569482683,-0.12934
4.5,53,19,7/26/2022 9:39,0.0073,4.961862329,0.036221595,A02,3.515215128,8.815003053,0.398776394,5.756326912,2.881966788,5.299787925,92.06891835,2.507671005,3.058676141,-0.784081178,3.175950635,-0.011845,1.695236061,,4.569482683,-0.12934
14.5,63,19,7/26/2022 9:49,0.0073,6.180163973,0.045115197,A02,4.378316941,8.815003053,0.496689214,5.756326912,2.881966788,4.436686112,77.0749504,2.013331417,3.058676141,0.277359578,3.175950635,-0.011845,1.505871801,,4.569482683,-0.12934
24.5,73,19,7/26/2022 9:59,0.0073,5.962814384,0.043528545,A02,4.224336336,8.815003053,0.479221199,5.756326912,2.881966788,4.590666717,79.7499306,2.086719037,3.058676141,0.153287617,3.175950635,-0.011845,1.337660243,,4.569482683,-0.12934
10.87,0,19,7/26/2022 8:54,0.0092,12.42906565,0.114347404,A03,9.584267243,9.584267243,1,6.840631052,3.493271912,0,0,1,2.743636191,1.922879986,3.175950635,-0.011845,3.175950635,1.298741133,4.569482683,-0.12934
20,9,19,7/26/2022 9:03,0.0092,5.651630435,0.051995,A03,4.271802292,9.584267243,0.445709848,6.840631052,3.493271912,5.312464951,77.66045137,2.243612084,2.743636191,0.42406839,3.175950635,-0.011845,2.854800605,,4.569482683,-0.12934
28,17,19,7/26/2022 9:11,0.0092,5.742056522,0.05282692,A03,4.340151129,9.584267243,0.452841205,6.840631052,3.493271912,5.244116115,76.66129155,2.20827961,2.743636191,0.46782309,3.175950635,-0.011845,2.596701537,,4.569482683,-0.12934
4.5,27,19,7/26/2022 9:21,0.0092,6.25974587,0.057589662,A03,4.731448219,9.584267243,0.493668227,6.840631052,3.493271912,4.852819025,70.9411016,2.025651936,2.743636191,0.68703455,3.175950635,-0.011845,2.306640184,,4.569482683,-0.12934
4.5,37,19,7/26/2022 9:31,0.0092,6.056287174,0.055717842,A03,4.577663336,9.584267243,0.477622673,6.840631052,3.493271912,5.006603907,73.18921119,2.093702953,2.743636191,0.606514175,3.175950635,-0.011845,2.048979778,,4.569482683,-0.12934
4.5,45,19,7/26/2022 9:39,0.0092,5.622241957,0.051724626,A03,4.24958892,9.584267243,0.443392156,6.840631052,3.493271912,5.334678323,77.98517831,2.255339851,2.743636191,0.40942574,3.175950635,-0.011845,1.863733996,,4.569482683,-0.12934
14.5,55,19,7/26/2022 9:49,0.0092,5.11585587,0.047065874,A03,3.866835435,9.584267243,0.403456554,6.840631052,3.493271912,5.717431809,83.58047328,2.478581622,2.743636191,0.116181081,3.175950635,-0.011845,1.655547881,,4.569482683,-0.12934
24.5,65,19,7/26/2022 9:59,0.0092,5.436868478,0.05001919,A03,4.109473805,9.584267243,0.428772873,6.840631052,3.493271912,5.474793438,80.03345593,2.332237094,2.743636191,0.311767877,3.175950635,-0.011845,1.47061694,,4.569482683,-0.12934
1.53,0,19,7/26/2022 9:02,0.029,9.941022069,0.28828964,A05,10.33213602,10.33213602,1,6.905453797,3.015201099,0,0,1,3.426682228,1.932311504,3.175950635,-0.011845,3.175950635,1.316275023,4.569482683,-0.12934
10,10,19,7/26/2022 9:11,0.029,6.424547586,0.18631188,A05,6.697161736,10.33213602,0.648187531,6.905453797,3.015201099,3.634974289,52.63918051,1.542763401,3.426682228,1.184936613,3.175950635,-0.011845,2.821184974,-0.800076627,4.569482683,-0.12934
19,19,19,7/26/2022 9:20,0.029,5.213444138,0.15118988,A05,5.434667286,10.33213602,0.52599649,6.905453797,3.015201099,4.897468739,70.92175088,1.901153369,3.426682228,0.697131761,3.175950635,-0.011845,2.535908613,,4.569482683,-0.12934
29,29,19,7/26/2022 9:30,0.029,4.847263448,0.14057064,A05,5.052948376,10.33213602,0.48905167,6.905453797,3.015201099,5.279187649,76.44953981,2.044773715,3.426682228,0.48628668,3.175950635,-0.011845,2.252638059,,4.569482683,-0.12934
4.5,37,19,7/26/2022 9:38,0.029,4.639238621,0.13453792,A05,4.836096388,10.33213602,0.468063562,6.905453797,3.015201099,5.496039637,79.58984013,2.136461971,3.426682228,0.343174129,3.175950635,-0.011845,2.048979778,,4.569482683,-0.12934
14.5,47,19,7/26/2022 9:48,0.029,4.478945517,0.12988942,A05,4.669001534,10.33213602,0.451891218,6.905453797,3.015201099,5.663134491,82.00959209,2.212921959,3.426682228,0.216980041,3.175950635,-0.011845,1.820101011,,4.569482683,-0.12934
24.5,57,19,7/26/2022 9:58,0.029,4.49818069,0.13044724,A05,4.689052916,10.33213602,0.453831899,6.905453797,3.015201099,5.643083109,81.71922186,2.203459036,3.426682228,0.232991452,3.175950635,-0.011845,1.616788865,,4.569482683,-0.12934
11.63,0,19,7/26/2022 9:13,0.0122,14.42936525,0.176038256,A07,11.97392078,11.97392078,1,8.737041069,4.253754109,0,0,1,2.814906662,2.214738544,3.175950635,-0.011845,3.175950635,1.788932725,4.569482683,-0.12934
19,7,19,7/26/2022 9:20,0.0122,10.73666328,0.130987292,A07,8.782676438,11.97392078,0.73348376,8.737041069,4.253754109,3.19124434,36.52545885,1.363356702,2.814906662,1.786373286,3.175950635,-0.011845,2.923238275,1.113347031,4.569482683,-0.12934
29,17,19,7/26/2022 9:30,0.0122,6.892019344,0.084082636,A07,5.637726948,11.97392078,0.470833827,8.737041069,4.253754109,6.336193829,72.52104894,2.123891577,2.814906662,1.037736487,3.175950635,-0.011845,2.596701537,-1.48669498,4.569482683,-0.12934
4.5,25,19,7/26/2022 9:38,0.0122,5.773794754,0.070440296,A07,4.72301029,11.97392078,0.394441418,8.737041069,4.253754109,7.250910488,82.99045902,2.53523072,2.814906662,0.646109884,3.175950635,-0.011845,2.361936894,,4.569482683,-0.12934
14.5,35,19,7/26/2022 9:48,0.0122,5.558685902,0.067815968,A07,4.547049528,11.97392078,0.379746084,8.737041069,4.253754109,7.42687125,85.00442188,2.633338543,2.814906662,0.549359293,3.175950635,-0.011845,2.098099637,,4.569482683,-0.12934
24.5,45,19,7/26/2022 9:58,0.0122,5.435766557,0.066316352,A07,4.446500521,11.97392078,0.371348751,8.737041069,4.253754109,7.527420257,86.1552578,2.6928864,2.814906662,0.489557365,3.175950635,-0.011845,1.863733996,,4.569482683,-0.12934
34.5,55,19,7/26/2022 10:08,0.0122,5.987196393,0.073043796,A07,4.897574538,11.97392078,0.409020122,8.737041069,4.253754109,7.07634624,80.99248,2.444867492,2.814906662,0.733649705,3.175950635,-0.011845,1.655547881,-0.850690287,4.569482683,-0.12934
12.27,0,19,7/26/2022 9:13,0.0372,9.999767204,0.37199134,A08,11.088343,11.088343,1,9.826944939,4.12659727,0,0,1,2.687042683,2.128386494,3.175950635,-0.011845,3.175950635,1.65352172,4.569482683,-0.12934
19,7,19,7/26/2022 9:20,0.0372,6.872426882,0.25565428,A08,7.681374665,11.088343,0.692743241,9.826944939,4.12659727,3.406968339,34.66965939,1.443536279,2.687042683,1.608303666,3.175950635,-0.011845,2.923238275,0.728076829,4.569482683,-0.12934
29,17,19,7/26/2022 9:30,0.0372,5.090339301,0.189360622,A08,5.689519003,11.088343,0.513108135,9.826944939,4.12659727,5.398824,54.93898698,1.948906928,2.687042683,1.099437388,3.175950635,-0.011845,2.596701537,-0.901956995,4.569482683,-0.12934
4.5,25,19,7/26/2022 9:38,0.0372,4.573528387,0.170135256,A08,5.111874697,11.088343,0.461013399,9.826944939,4.12659727,5.976468307,60.81715471,2.16913435,2.687042683,0.885762249,3.175950635,-0.011845,2.361936894,-2.766286693,4.569482683,-0.12934
14.5,35,19,7/26/2022 9:48,0.0372,4.686046452,0.174320928,A08,5.237637171,11.088343,0.472355263,9.826944939,4.12659727,5.850705832,59.53738287,2.117050616,2.687042683,0.936326465,3.175950635,-0.011845,2.098099637,-0.792978894,4.569482683,-0.12934
24.5,45,19,7/26/2022 9:58,0.0372,4.500171022,0.167406362,A08,5.029882495,11.088343,0.453618949,9.826944939,4.12659727,6.058460508,61.65151577,2.204493447,2.687042683,0.851363788,3.175950635,-0.011845,1.863733996,-0.735833795,4.569482683,-0.12934
34.5,55,19,7/26/2022 10:08,0.0372,4.791945806,0.178260384,A08,5.356001853,11.088343,0.483029958,9.826944939,4.12659727,5.732341151,58.33289172,2.070264967,2.687042683,0.981688572,3.175950635,-0.011845,1.655547881,0.013322154,4.569482683,-0.12934
1.75,0,19,7/26/2022 9:22,0.0442,10.28397439,0.454551668,A09,11.9263177,11.9263177,1,9.552969564,4.894289216,0,0,1,2.436782375,2.250189647,3.175950635,-0.011845,3.175950635,1.842703612,4.569482683,-0.12934
10,8,19,7/26/2022 9:30,0.0442,6.732116652,0.297559556,A09,7.896718663,11.9263177,0.662125466,9.552969564,4.894289216,4.029599038,42.18163798,1.51028778,2.436782375,1.697437121,3.175950635,-0.011845,2.888816782,0.94434141,4.569482683,-0.12934
19,17,19,7/26/2022 9:39,0.0442,4.721057014,0.20867072,A09,5.537761889,11.9263177,0.46433124,9.552969564,4.894289216,6.388555812,66.87507763,2.153634977,2.436782375,1.131718034,3.175950635,-0.011845,2.596701537,-0.684627621,4.569482683,-0.12934
4.5,28,19,7/26/2022 9:50,0.0442,4.728433665,0.208996768,A09,5.546414642,11.9263177,0.465056758,9.552969564,4.894289216,6.379903059,66.78450105,2.150275172,2.436782375,1.134504477,3.175950635,-0.011845,2.27947921,-0.186145189,4.569482683,-0.12934
13.5,37,19,7/26/2022 9:59,0.0442,4.461491086,0.197197906,A09,5.233293145,11.9263177,0.438802091,9.552969564,4.894289216,6.693024556,70.06224098,2.278931711,2.436782375,1.028372487,3.175950635,-0.011845,2.048979778,-0.290979514,4.569482683,-0.12934
22.5,47,19,7/26/2022 10:09,0.0442,4.577673348,0.202333162,A09,5.369574004,11.9263177,0.450228993,9.552969564,4.894289216,6.556743697,68.63565987,2.22109197,2.436782375,1.075954744,3.175950635,-0.011845,1.820101011,0.106781063,4.569482683,-0.12934
31.5,57,19,7/26/2022 10:19,0.0442,5.502982081,0.243231808,A09,6.454953702,11.9263177,0.541236102,9.552969564,4.894289216,5.471363999,57.27396034,1.847622501,2.436782375,1.390826905,3.175950635,-0.011845,1.616788865,0.876044597,4.569482683,-0.12934
3.74,0,19,7/26/2022 9:24,0.0239,13.39592264,0.320162551,A10,13.24011273,13.24011273,1,9.446313969,4.137783946,0,0,1,3.199807651,2.3066075,3.175950635,-0.011845,3.175950635,1.926341999,4.569482683,-0.12934
10,6,19,7/26/2022 9:30,0.0239,7.22435,0.172661965,A10,7.133899519,13.24011273,0.538809576,9.446313969,4.137783946,6.106213208,64.64122649,1.85594326,3.199807651,1.369680072,3.175950635,-0.011845,2.958069916,-0.0242702,4.569482683,-0.12934
19,15,19,7/26/2022 9:39,0.0239,5.21293205,0.124589076,A10,5.147664973,13.24011273,0.388793138,9.446313969,4.137783946,8.092447754,85.66778302,2.572061857,3.199807651,0.666729959,3.175950635,-0.011845,2.65895184,,4.569482683,-0.12934
4.5,26,19,7/26/2022 9:50,0.0239,5.341614435,0.127664585,A10,5.274736226,13.24011273,0.398390583,9.446313969,4.137783946,7.965376502,84.32258898,2.510099494,3.199807651,0.729926731,3.175950635,-0.011845,2.334124794,,4.569482683,-0.12934
13.5,35,19,7/26/2022 9:59,0.0239,4.976294644,0.118933442,A10,4.91399032,13.24011273,0.371144145,9.446313969,4.137783946,8.326122407,88.14149555,2.694370943,3.199807651,0.538936389,3.175950635,-0.011845,2.098099637,,4.569482683,-0.12934
22.5,45,19,7/26/2022 10:09,0.0239,5.048840418,0.120667286,A10,4.985627805,13.24011273,0.376554785,9.446313969,4.137783946,8.254484922,87.38313113,2.655656067,3.199807651,0.57987778,3.175950635,-0.011845,1.863733996,,4.569482683,-0.12934
31.5,55,19,7/26/2022 10:19,0.0239,8.526719372,0.203788593,A10,8.419962935,13.24011273,0.635943448,9.446313969,4.137783946,4.820149792,51.02677941,1.572466866,3.199807651,1.652527149,3.175950635,-0.011845,1.655547881,1.271053922,4.569482683,-0.12934
0.54,0,26,7/27/2022 10:28,0.0199,15.9619203,0.317642214,H01,15.04258713,15.04258713,1,9.101875847,2.532118869,0,0,1,5.940711281,2.20848053,3.175950635,-0.011845,3.175950635,1.779336829,4.569482683,-0.12934
8,8,26,7/27/2022 10:36,0.0199,12.53364784,0.249419592,H01,11.75799164,15.04258713,0.781646903,9.101875847,2.532118869,3.284595489,36.08701705,1.279350045,5.940711281,1.76083286,3.175950635,-0.011845,2.888816782,1.074477909,4.569482683,-0.12934
16,16,26,7/27/2022 10:44,0.0199,9.99514809,0.198903447,H01,9.376589257,15.04258713,0.623336211,9.101875847,2.532118869,5.665997871,62.25088066,1.60427067,5.940711281,1.23427249,3.175950635,-0.011845,2.627642352,-0.212901649,4.569482683,-0.12934
4.5,24.5,26,7/27/2022 10:52,0.0199,8.50527196,0.169254912,H01,7.978915466,15.04258713,0.530421755,9.101875847,2.532118869,7.063671662,77.60676789,1.885292205,5.940711281,0.712069119,3.175950635,-0.011845,2.375966971,,4.569482683,-0.12934
12.5,32.5,26,7/27/2022 11:00,0.0199,9.777117437,0.194564637,H01,9.172051629,15.04258713,0.609738973,9.101875847,2.532118869,5.870535499,64.49808367,1.640046059,5.940711281,1.17289702,3.175950635,-0.011845,2.161158672,0.067828425,4.569482683,-0.12934
20.5,40.5,26,7/27/2022 11:08,0.0199,9.489524623,0.18884154,H01,8.902256758,15.04258713,0.59180357,9.101875847,2.532118869,6.14033037,67.46225144,1.689749862,5.940711281,1.085711253,3.175950635,-0.011845,1.965770932,-0.004234407,4.569482683,-0.12934
4.5,50.5,26,7/27/2022 11:16,0.0199,9.634878392,0.19173408,H01,9.038615176,15.04258713,0.600868394,9.101875847,2.532118869,6.003971951,65.96411611,1.664257946,5.940711281,1.13072572,3.175950635,-0.011845,1.746186907,0.301375628,4.569482683,-0.12934
14.5,60.5,26,7/27/2022 11:26,0.0199,9.327558995,0.185618424,H01,8.75031452,15.04258713,0.581702765,9.101875847,2.532118869,6.292272608,69.13160225,1.719091022,5.940711281,1.033043277,3.175950635,-0.011845,1.551131245,0.229898282,4.569482683,-0.12934
1.5,0,26,7/27/2022 10:29,0.0138,14.33765826,0.197859684,H02,12.28520435,12.28520435,1,8.548351781,3.287580689,0,0,1,3.736852571,2.14573849,3.175950635,-0.011845,3.175950635,1.681274949,4.569482683,-0.12934
8,8,26,7/27/2022 10:36,0.0138,10.33361043,0.142603824,H02,8.749737558,12.28520435,0.712217502,8.548351781,3.287580689,3.535466794,41.35846166,1.404065467,3.736852571,1.612011595,3.175950635,-0.011845,2.888816782,0.753333215,4.569482683,-0.12934
16,16,26,7/27/2022 10:44,0.0138,8.074452754,0.111427448,H02,6.836849808,12.28520435,0.556510874,8.548351781,3.287580689,5.448354544,63.73573156,1.796910082,3.736852571,1.13140122,3.175950635,-0.011845,2.627642352,-0.750024701,4.569482683,-0.12934
4.5,24.5,26,7/27/2022 10:52,0.0138,6.587450435,0.090906816,H02,5.577766149,12.28520435,0.454023066,8.548351781,3.287580689,6.707438203,78.46469559,2.202531268,3.736852571,0.610261958,3.175950635,-0.011845,2.375966971,,4.569482683,-0.12934
12.5,32.5,26,7/27/2022 11:00,0.0138,6.91621971,0.095443832,H02,5.856143672,12.28520435,0.476682642,8.548351781,3.287580689,6.42906068,75.20819036,2.097831788,3.736852571,0.751081646,3.175950635,-0.011845,2.161158672,,4.569482683,-0.12934
20.5,40.5,26,7/27/2022 11:08,0.0138,6.412508986,0.088492624,H02,5.42963866,12.28520435,0.441965677,8.548351781,3.287580689,6.855565693,80.19751489,2.262619139,3.736852571,0.526375745,3.175950635,-0.011845,1.965770932,,4.569482683,-0.12934
4.5,50.5,26,7/27/2022 11:16,0.0138,6.367265507,0.087868264,H02,5.391329826,12.28520435,0.438847387,8.548351781,3.287580689,6.893874526,80.64565781,2.27869649,3.736852571,0.503485101,3.175950635,-0.011845,1.746186907,,4.569482683,-0.12934
14.5,60.5,26,7/27/2022 11:26,0.0138,6.279794783,0.086661168,H02,5.317266082,12.28520435,0.432818692,8.548351781,3.287580689,6.967938271,81.51206746,2.310436258,3.736852571,0.457686529,3.175950635,-0.011845,1.551131245,-3.530773191,4.569482683,-0.12934
8.45,0,26,7/27/2022 10:36,0.0115,17.53229348,0.201621375,H03,14.32701673,14.32701673,1,9.840455043,3.193317672,0,0,1,4.486561689,2.286501954,3.175950635,-0.011845,3.175950635,1.896795593,4.569482683,-0.12934
16,8,26,7/27/2022 10:44,0.0115,12.12176087,0.13940025,H03,9.752992835,14.32701673,0.680741359,9.840455043,3.193317672,4.574023897,46.48183317,1.468986697,4.486561689,1.661352931,3.175950635,-0.011845,2.888816782,0.866097617,4.569482683,-0.12934
4.5,16,26,7/27/2022 10:52,0.0115,9.084997826,0.104477475,H03,7.309657372,14.32701673,0.510200938,9.840455043,3.193317672,7.017359359,71.3113299,1.960012077,4.486561689,1.037834043,3.175950635,-0.011845,2.627642352,-1.632433644,4.569482683,-0.12934
12.5,24,26,7/27/2022 11:00,0.0115,8.691176087,0.099948525,H03,6.992794117,14.32701673,0.488084453,9.840455043,3.193317672,7.334222614,74.53133602,2.048825761,4.486561689,0.918780601,3.175950635,-0.011845,2.390080387,-2.152855246,4.569482683,-0.12934
20.5,32,26,7/27/2022 11:08,0.0115,8.266643478,0.0950664,H03,6.651221343,14.32701673,0.464243287,9.840455043,3.193317672,7.675795388,78.00244353,2.154042993,4.486561689,0.772263145,3.175950635,-0.011845,2.173996112,,4.569482683,-0.12934
4.5,40,26,7/27/2022 11:16,0.0115,10.43446957,0.1199964,H03,8.395422744,14.32701673,0.585985408,9.840455043,3.193317672,5.931593987,60.27763921,1.706527136,4.486561689,1.363246041,3.175950635,-0.011845,1.977447754,0.658252015,4.569482683,-0.12934
14.5,50,26,7/27/2022 11:26,0.0115,9.305393478,0.107012025,H03,7.486984514,14.32701673,0.522578053,9.840455043,3.193317672,6.840032217,69.50930813,1.913589737,4.486561689,1.09875322,3.175950635,-0.011845,1.756559384,0.218222215,4.569482683,-0.12934
8.67,0,26,7/27/2022 10:37,0.0133,13.34300842,0.177462012,H04,11.32376335,11.32376335,1,6.855136773,2.534058992,0,0,1,4.468626573,1.924998266,3.175950635,-0.011845,3.175950635,1.302691571,4.569482683,-0.12934
16,8,26,7/27/2022 10:44,0.0133,11.99548421,0.15953994,H04,10.0524759,11.32376335,0.887732778,6.855136773,2.534058992,1.271287449,18.54503405,1.126465108,4.468626573,1.719878382,3.175950635,-0.011845,2.888816782,0.991410281,4.569482683,-0.12934
4.5,16,26,7/27/2022 10:52,0.0133,9.486192632,0.126166362,H04,7.949635138,11.32376335,0.702031197,6.855136773,2.534058992,3.374128207,49.22043599,1.424438122,4.468626573,1.247322069,3.175950635,-0.011845,2.627642352,-0.1585665,4.569482683,-0.12934
12.5,24,26,7/27/2022 11:00,0.0133,8.426748947,0.112075761,H04,7.061798357,11.32376335,0.623626452,6.855136773,2.534058992,4.261964989,62.17184471,1.603524029,4.468626573,0.952881753,3.175950635,-0.011845,2.390080387,-1.594099168,4.569482683,-0.12934
20.5,32,26,7/27/2022 11:08,0.0133,7.793916316,0.103659087,H04,6.531470888,11.32376335,0.576793305,6.855136773,2.534058992,4.792292458,69.90805022,1.733723314,4.468626573,0.724085766,3.175950635,-0.011845,2.173996112,,4.569482683,-0.12934
4.5,40,26,7/27/2022 11:16,0.0133,8.020602632,0.106674015,H04,6.721438936,11.32376335,0.593569358,6.855136773,2.534058992,4.602324409,67.13687213,1.684723087,4.468626573,0.812179375,3.175950635,-0.011845,1.977447754,-1.289659208,4.569482683,-0.12934
14.5,50,26,7/27/2022 11:26,0.0133,7.894665789,0.104999055,H04,6.615901132,11.32376335,0.584249329,6.855136773,2.534058992,4.707862214,68.67641551,1.711598031,4.468626573,0.764199391,3.175950635,-0.011845,1.756559384,-0.939776436,4.569482683,-0.12934
0.03,0,26,7/27/2022 10:44,0.0119,15.63725403,0.186083323,H05,12.89253441,12.89253441,1,8.296969978,2.791574572,0,0,1,4.618373637,2.113137499,3.175950635,-0.011845,3.175950635,1.628889525,4.569482683,-0.12934
8,8,26,7/27/2022 10:52,0.0119,10.17042941,0.12102811,H05,8.261696498,12.89253441,0.640812445,8.296969978,2.791574572,4.630837912,55.81360334,1.560519006,4.618373637,1.292896139,3.175950635,-0.011845,2.888816782,-0.281691943,4.569482683,-0.12934
16,16,26,7/27/2022 11:00,0.0119,8.390166639,0.099842983,H05,6.815544116,12.89253441,0.528642693,8.296969978,2.791574572,6.076990294,73.24348901,1.891636851,4.618373637,0.787170387,3.175950635,-0.011845,2.627642352,,4.569482683,-0.12934
4.5,24.5,26,7/27/2022 11:08,0.0119,8.092580924,0.096301713,H05,6.57380773,12.89253441,0.509892587,8.296969978,2.791574572,6.318726681,76.15703922,1.961197367,4.618373637,0.670612211,3.175950635,-0.011845,2.375966971,,4.569482683,-0.12934
12.5,32.5,26,7/27/2022 11:16,0.0119,7.800246723,0.092822936,H05,6.33633728,12.89253441,0.491473366,8.296969978,2.791574572,6.556197131,79.01917384,2.034698256,4.618373637,0.541139661,3.175950635,-0.011845,2.161158672,,4.569482683,-0.12934
6.5,42.5,26,7/27/2022 11:26,0.0119,7.409884286,0.088177623,H05,6.01923602,12.89253441,0.466877639,8.296969978,2.791574572,6.87329839,82.84106618,2.141888832,4.618373637,0.337088035,3.175950635,-0.011845,1.919749099,,4.569482683,-0.12934
16.5,52.5,26,7/27/2022 11:36,0.0119,7.26984395,0.086511143,H05,5.905477721,12.89253441,0.458054059,8.296969978,2.791574572,6.98705669,84.21214863,2.183148429,4.618373637,0.252394799,3.175950635,-0.011845,1.705305886,,4.569482683,-0.12934
0.5,0,26,7/27/2022 10:45,0.0079,12.54300633,0.09908975,H06,9.084771837,14.64152549,0.62047987,10.20159945,3.287610367,5.556753656,54.46943573,1.611655829,4.453546454,1.532821495,3.175950635,-0.011845,3.175950635,0.375194713,4.569482683,-0.12934
12.5,32.5,26,7/27/2022 11:16,0.0079,18.67191532,0.147508131,H06,13.52387824,14.64152549,0.923665929,10.20159945,3.287610367,1.117647249,10.95560803,1.082642511,4.453546454,2.205008844,3.175950635,-0.011845,2.161158672,1.932849966,4.569482683,-0.12934
6.5,42.5,26,7/27/2022 11:26,0.0079,19.75457481,0.156061141,H06,14.64152549,14.64152549,1,10.20159945,3.287610367,0,0,1,4.453546454,2.321208499,3.175950635,-0.011845,1.919749099,2.112420452,4.569482683,-0.12934
16.5,52.5,26,7/27/2022 11:36,0.0079,19.10761975,0.150950196,H06,13.83945453,14.64152549,0.94521944,10.20159945,3.287610367,0.802070964,7.862207958,1.057955388,4.453546454,2.239209424,3.175950635,-0.011845,1.705305886,2.038697954,4.569482683,-0.12934
9.5,0,26,7/27/2022 10:54,0.0089,13.39088685,0.119178893,H07,10.23732144,10.23732144,1,6.60828245,2.803690912,0,0,1,3.651373051,1.884938347,3.175950635,-0.011845,3.175950635,1.226711633,4.569482683,-0.12934
16,8,26,7/27/2022 11:00,0.0089,11.84623528,0.105431494,H07,8.87128136,10.23732144,0.866562744,6.60828245,2.803690912,1.366040083,20.67163584,1.153984529,3.651373051,1.652479836,3.175950635,-0.011845,2.888816782,0.846336625,4.569482683,-0.12934
4.5,16.5,26,7/27/2022 11:08,0.0089,10.44925146,0.092998338,H07,7.82512313,10.23732144,0.764372124,6.60828245,2.803690912,2.412198313,36.5026515,1.308263304,3.651373051,1.428814931,3.175950635,-0.011845,2.612126133,0.445726271,4.569482683,-0.12934
12.5,24.5,26,7/27/2022 11:16,0.0089,8.599888652,0.076539009,H07,6.440192186,10.23732144,0.629089574,6.60828245,2.803690912,3.797129257,57.46015376,1.589598749,3.651373051,1.025618257,3.175950635,-0.011845,2.375966971,-0.884665705,4.569482683,-0.12934
6.5,34.5,26,7/27/2022 11:26,0.0089,7.704506404,0.068570107,H07,5.769667952,10.23732144,0.563591559,6.60828245,2.803690912,4.467653491,67.60687856,1.774334593,3.651373051,0.750611473,3.175950635,-0.011845,2.110562501,-4.862335956,4.569482683,-0.12934
16.5,44.5,26,7/27/2022 11:36,0.0089,7.432610225,0.066150231,H07,5.566053263,10.23732144,0.543702109,6.60828245,2.803690912,4.67126818,70.68808295,1.83924245,3.651373051,0.649550618,3.175950635,-0.011845,1.874804711,-3.22199316,4.569482683,-0.12934
1.69,0,26,7/27/2022 11:02,0.0094,17.4429134,0.163963386,H09,13.5259527,13.5259527,1,8.177279703,2.528842706,0,0,1,5.348672998,2.101359541,3.175950635,-0.011845,3.175950635,1.609703691,4.569482683,-0.12934
8,8,26,7/27/2022 11:08,0.0094,12.12250511,0.113951548,H09,9.218175503,13.5259527,0.68151765,8.177279703,2.528842706,4.307777198,52.67983186,1.467313428,5.348672998,1.353125947,3.175950635,-0.011845,2.888816782,-0.019503234,4.569482683,-0.12934
4.5,16.5,26,7/27/2022 11:17,0.0094,10.96493596,0.103070398,H09,8.337938664,13.5259527,0.616440028,8.177279703,2.528842706,5.188014037,63.44425317,1.622217822,5.348672998,1.095027761,3.175950635,-0.011845,2.612126133,-0.975140046,4.569482683,-0.12934
13.5,25.5,26,7/27/2022 11:27,0.0094,10.06313447,0.094593464,H09,7.652192251,13.5259527,0.565741462,8.177279703,2.528842706,5.87376045,71.83024996,1.767591856,5.348672998,0.834438064,3.175950635,-0.011845,2.347989665,,4.569482683,-0.12934
22.5,34.5,26,7/27/2022 11:36,0.0094,10.37181957,0.097495104,H09,7.886922074,13.5259527,0.583095494,8.177279703,2.528842706,5.639030627,68.95973761,1.714984955,5.348672998,0.931474503,3.175950635,-0.011845,2.110562501,-0.849364653,4.569482683,-0.12934
1.49,0,26,7/27/2022 11:02,0.0075,14.291648,0.10718736,H10,10.45042222,10.45042222,1,5.818011269,2.25593591,0,0,1,4.632410953,1.760958497,3.175950635,-0.011845,3.175950635,0.971559155,4.569482683,-0.12934
8,8,26,7/27/2022 11:08,0.0075,11.950392,0.08962794,H10,8.53053173,10.45042222,0.816285845,5.818011269,2.25593591,1.919890492,32.99908514,1.225061057,4.632410953,1.360494585,3.175950635,-0.011845,2.888816782,0.00926098,4.569482683,-0.12934
4.5,16.5,26,7/27/2022 11:17,0.0075,9.978078,0.074835585,H10,7.122637565,10.45042222,0.681564574,5.818011269,2.25593591,3.327784656,57.19797543,1.467212409,4.632410953,0.912373715,3.175950635,-0.011845,2.612126133,,4.569482683,-0.12934
13.5,25.5,26,7/27/2022 11:27,0.0075,9.989174,0.074918805,H10,7.130558208,10.45042222,0.682322499,5.818011269,2.25593591,3.319864014,57.0618354,1.465582626,4.632410953,0.915549359,3.175950635,-0.011845,2.347989665,-1.896069931,4.569482683,-0.12934
22.5,34.5,26,7/27/2022 11:36,0.0075,9.609136,0.07206852,H10,6.85927621,10.45042222,0.656363548,5.818011269,2.25593591,3.591146012,61.72463142,1.523545911,4.632410953,0.800594882,3.175950635,-0.011845,2.110562501,-2.15155852,4.569482683,-0.12934
9.69,0,26,7/27/2022 11:10,0.0118,13.60893153,0.160585392,H11,11.1956406,11.1956406,1,6.556843493,2.413479256,0,0,1,4.63879711,1.880509312,3.175950635,-0.011845,3.175950635,1.218139833,4.569482683,-0.12934
4.5,16.5,26,7/27/2022 11:17,0.0118,12.50483729,0.14755708,H11,10.13402111,11.1956406,0.905175637,6.556843493,2.413479256,1.061619492,16.19101467,1.104757971,4.63879711,1.703879351,3.175950635,-0.011845,2.612126133,1.058865364,4.569482683,-0.12934
13.5,25.5,26,7/27/2022 11:27,0.0118,10.23315458,0.120751224,H11,8.293031099,11.1956406,0.740737524,6.556843493,2.413479256,2.902609505,44.26839695,1.350005862,4.63879711,1.295886492,3.175950635,-0.011845,2.347989665,0.267156092,4.569482683,-0.12934
22.5,34.5,26,7/27/2022 11:36,0.0118,9.628195593,0.113612708,H11,7.802767454,11.1956406,0.696946939,6.556843493,2.413479256,3.392873149,51.74552592,1.434829458,4.63879711,1.151827677,3.175950635,-0.011845,2.110562501,0.052030474,4.569482683,-0.12934
0.88,0,22,7/28/2022 9:09,0.0484,9.564932231,0.46294272,I01,11.35735731,11.35735731,1,7.770368935,3.166265437,0,0,1,3.586988373,2.050317645,3.175950635,-0.011845,3.175950635,1.524842154,4.569482683,-0.12934
8,8,22,7/28/2022 9:17,0.0484,6.981726942,0.337915584,I01,8.400330211,11.35735731,0.739637751,7.770368935,3.166265437,2.957027097,38.05516986,1.352013198,3.586988373,1.571391612,3.175950635,-0.011845,2.888816782,0.654679214,4.569482683,-0.12934
16,16,22,7/28/2022 9:25,0.0484,5.413111736,0.261994608,I01,6.512991188,11.35735731,0.573460094,7.770368935,3.166265437,4.84436612,62.34409409,1.743800503,3.586988373,1.073637265,3.175950635,-0.011845,2.627642352,-1.209452916,4.569482683,-0.12934
24,24,22,7/28/2022 9:33,0.0484,4.877610248,0.236076336,I01,5.868682214,11.35735731,0.516729557,7.770368935,3.166265437,5.488675095,70.63596517,1.935248305,3.586988373,0.82491808,3.175950635,-0.011845,2.390080387,,4.569482683,-0.12934
4.5,32.5,22,7/28/2022 9:41,0.0484,4.660799504,0.225582696,I01,5.607818124,11.35735731,0.493760826,7.770368935,3.166265437,5.749539184,73.99312995,2.02527205,3.586988373,0.703508195,3.175950635,-0.011845,2.161158672,,4.569482683,-0.12934
12.5,40.5,22,7/28/2022 9:49,0.0484,4.604807603,0.222872688,I01,5.54044934,11.35735731,0.487829095,7.770368935,3.166265437,5.816907968,74.86012591,2.049898233,3.586988373,0.669602654,3.175950635,-0.011845,1.965770932,,4.569482683,-0.12934
20.5,48.5,22,7/28/2022 9:57,0.0484,4.313481322,0.208772496,I01,5.189929049,11.35735731,0.456966256,7.770368935,3.166265437,6.167428259,79.37111237,2.18834539,3.586988373,0.471839865,3.175950635,-0.011845,1.788047961,,4.569482683,-0.12934
7,58.5,22,7/28/2022 10:07,0.0484,4.389680826,0.212460552,I01,5.281611379,11.35735731,0.465038762,7.770368935,3.166265437,6.075745929,78.19121563,2.150358384,3.586988373,0.527460301,3.175950635,-0.011845,1.588316262,-2.241426546,4.569482683,-0.12934
17,68.5,22,7/28/2022 10:17,0.0484,4.382944959,0.212134536,I01,5.273506864,11.35735731,0.46432517,7.770368935,3.166265437,6.083850444,78.29551589,2.153663132,3.586988373,0.52266634,3.175950635,-0.011845,1.410895346,-1.288720763,4.569482683,-0.12934
1.22,0,22,7/28/2022 9:10,0.0167,12.93648413,0.216039285,I02,11.6481818,11.6481818,1,8.11530396,3.297080263,0,0,1,3.532877841,2.093751657,3.175950635,-0.011845,3.175950635,1.597234417,4.569482683,-0.12934
8,8,22,7/28/2022 9:17,0.0167,8.379158024,0.139931939,I02,7.48406913,11.6481818,0.642509643,8.11530396,3.297080263,4.164112671,51.31185094,1.556396874,3.532877841,1.374017126,3.175950635,-0.011845,2.888816782,0.060506505,4.569482683,-0.12934
16,16,22,7/28/2022 9:25,0.0167,6.307080479,0.105328244,I02,5.633337643,11.6481818,0.483623774,8.11530396,3.297080263,6.014844158,74.11729971,2.067722998,3.532877841,0.742156274,3.175950635,-0.011845,2.627642352,,4.569482683,-0.12934
24,24,22,7/28/2022 9:33,0.0167,5.524295629,0.092255737,I02,4.934172415,11.6481818,0.423600224,8.11530396,3.297080263,6.714009387,82.73269147,2.360716412,3.532877841,0.337396505,3.175950635,-0.011845,2.390080387,,4.569482683,-0.12934
4.5,32.5,22,7/28/2022 9:41,0.0167,5.178327126,0.086478063,I02,4.625161392,11.6481818,0.397071532,8.11530396,3.297080263,7.02302041,86.54044808,2.518437912,3.532877841,0.088270506,3.175950635,-0.011845,2.161158672,,4.569482683,-0.12934
12.5,40.5,22,7/28/2022 9:49,0.0167,4.69422012,0.078393476,I02,4.19276827,11.6481818,0.359950449,8.11530396,3.297080263,7.455413532,91.86856794,2.778160168,3.532877841,-0.415681474,3.175950635,-0.011845,1.965770932,,4.569482683,-0.12934
20.5,48.5,22,7/28/2022 9:57,0.0167,4.085664012,0.068230589,I02,3.649220103,11.6481818,0.313286671,8.11530396,3.297080263,7.998961698,98.56638443,3.191964713,3.532877841,-2.151218898,3.175950635,-0.011845,1.788047961,,4.569482683,-0.12934
7,58.5,22,7/28/2022 10:07,0.0167,4.324606287,0.072220925,I02,3.862637788,11.6481818,0.331608645,8.11530396,3.297080263,7.785544014,95.93656691,3.015602922,3.532877841,-1.109390323,3.175950635,-0.011845,1.588316262,,4.569482683,-0.12934
17,68.5,22,7/28/2022 10:17,0.0167,4.609594731,0.076980232,I02,4.11718284,11.6481818,0.353461417,8.11530396,3.297080263,7.530998962,92.79996164,2.829163108,3.532877841,-0.537332174,3.175950635,-0.011845,1.410895346,,4.569482683,-0.12934
8.8,0,22,7/28/2022 9:17,0.0264,13.64050508,0.360109334,I03,13.83512446,13.83512446,1,9.696055692,3.342569367,0,0,1,4.139068764,2.271719174,3.175950635,-0.011845,3.175950635,1.87489049,4.569482683,-0.12934
16,8,22,7/28/2022 9:25,0.0264,9.312951515,0.24586192,I03,9.456125752,13.83512446,0.683486859,9.696055692,3.342569367,4.378998703,45.16268102,1.463085922,4.139068764,1.670919953,3.175950635,-0.011845,2.888816782,0.8871668,4.569482683,-0.12934
24,16,22,7/28/2022 9:33,0.0264,7.865225076,0.207641942,I03,7.986142445,13.83512446,0.577236762,9.696055692,3.342569367,5.84898201,60.32331286,1.732391396,4.139068764,1.347312776,3.175950635,-0.011845,2.627642352,0.198384626,4.569482683,-0.12934
4.5,24,22,7/28/2022 9:41,0.0264,6.847988258,0.18078689,I03,6.953266965,13.83512446,0.502580731,9.696055692,3.342569367,6.881857491,70.97584533,1.989730084,4.139068764,1.03467739,3.175950635,-0.011845,2.390080387,-0.857743999,4.569482683,-0.12934
12.5,32,22,7/28/2022 9:49,0.0264,6.43078053,0.169772606,I03,6.529645224,13.83512446,0.471961437,9.696055692,3.342569367,7.305479232,75.34485634,2.118817177,4.139068764,0.871534534,3.175950635,-0.011845,2.173996112,-1.529793675,4.569482683,-0.12934
20.5,40,22,7/28/2022 9:57,0.0264,6.139360152,0.162079108,I03,6.233744644,13.83512446,0.450573803,9.696055692,3.342569367,7.601379811,78.39661872,2.219392235,4.139068764,0.73939883,3.175950635,-0.011845,1.977447754,-2.143633446,4.569482683,-0.12934
7,50,22,7/28/2022 10:07,0.0264,6.031542424,0.15923272,I03,6.124269363,13.83512446,0.442660952,9.696055692,3.342569367,7.710855093,79.52568898,2.259065309,4.139068764,0.685719966,3.175950635,-0.011845,1.756559384,-1.475601249,4.569482683,-0.12934
17,60,22,7/28/2022 10:17,0.0264,6.479220379,0.171051418,I03,6.57882977,13.83512446,0.475516486,9.696055692,3.342569367,7.256294685,74.83759289,2.102976509,4.139068764,0.891900086,3.175950635,-0.011845,1.560345077,-0.128497309,4.569482683,-0.12934
10,0,22,7/28/2022 9:19,0.0192,14.1176601,0.271059074,I04,13.18125127,13.18125127,1,7.579117211,2.352898224,0,0,1,5.602134056,2.02539673,3.175950635,-0.011845,3.175950635,1.482323959,4.569482683,-0.12934
16,8,22,7/28/2022 9:25,0.0192,10.18128719,0.195480714,I04,9.455920876,13.18125127,0.717376574,7.579117211,2.352898224,3.725330391,49.15256339,1.393968017,5.602134056,1.349056255,3.175950635,-0.011845,2.888816782,-0.035658226,4.569482683,-0.12934
24,16,22,7/28/2022 9:33,0.0192,8.93839375,0.17161716,I04,8.301577444,13.18125127,0.629801927,7.579117211,2.352898224,4.879673824,64.38314237,1.587800796,5.602134056,0.993045599,3.175950635,-0.011845,2.627642352,-2.633856373,4.569482683,-0.12934
4.5,24,22,7/28/2022 9:41,0.0192,8.203314167,0.157503632,I04,7.618868642,13.18125127,0.578007997,7.579117211,2.352898224,5.562382626,73.39090386,1.73007987,5.602134056,0.701479662,3.175950635,-0.011845,2.390080387,,4.569482683,-0.12934
12.5,32,22,7/28/2022 9:49,0.0192,7.453011042,0.143097812,I04,6.9220209,13.18125127,0.525141412,7.579117211,2.352898224,6.259230368,82.58521663,1.904248985,5.602134056,0.277546009,3.175950635,-0.011845,2.173996112,,4.569482683,-0.12934
20.5,40,22,7/28/2022 9:57,0.0192,7.022402292,0.134830124,I04,6.522090892,13.18125127,0.494800589,7.579117211,2.352898224,6.659160376,87.86195266,2.021016188,5.602134056,-0.083428527,3.175950635,-0.011845,1.977447754,,4.569482683,-0.12934
7,50,22,7/28/2022 10:07,0.0192,7.112656146,0.136562998,I04,6.605914606,13.18125127,0.501159903,7.579117211,2.352898224,6.575336662,86.75597011,1.995371127,5.602134056,0.003773422,3.175950635,-0.011845,1.756559384,,4.569482683,-0.12934
17,60,22,7/28/2022 10:17,0.0192,7.073509896,0.13581139,I04,6.569557332,13.18125127,0.498401646,7.579117211,2.352898224,6.611693935,87.23567338,2.006413919,5.602134056,-0.033119159,3.175950635,-0.011845,1.560345077,,4.569482683,-0.12934
0.27,0,22,7/28/2022 9:25,0.0244,13.80513148,0.336845208,I05,13.71821167,13.71821167,1,10.08775871,3.77865016,0,0,1,3.630452963,2.31132268,3.175950635,-0.011845,3.175950635,1.933231264,4.569482683,-0.12934
8,8,22,7/28/2022 9:33,0.0244,8.694822787,0.212153676,I05,8.635881688,13.71821167,0.629519495,10.08775871,3.77865016,5.082329982,50.38116125,1.588513155,3.630452963,1.610523068,3.175950635,-0.011845,2.888816782,0.749816671,4.569482683,-0.12934
16,16,22,7/28/2022 9:41,0.0244,7.548355328,0.18417987,I05,7.497185986,13.71821167,0.546513362,10.08775871,3.77865016,6.221025684,61.66905715,1.829781427,3.630452963,1.35240997,3.175950635,-0.011845,2.627642352,0.214377781,4.569482683,-0.12934
24,24,22,7/28/2022 9:49,0.0244,6.552939836,0.159891732,I05,6.508518289,13.71821167,0.474443641,10.08775871,3.77865016,7.20969338,71.46972472,2.107731908,3.630452963,1.057118307,3.175950635,-0.011845,2.390080387,-0.717470736,4.569482683,-0.12934
4.5,32.5,22,7/28/2022 9:57,0.0244,5.431930574,0.132539106,I05,5.395108206,13.71821167,0.393280723,10.08775871,3.77865016,8.323103463,82.50696416,2.542712981,3.630452963,0.567955342,3.175950635,-0.011845,2.161158672,,4.569482683,-0.12934
7,43,22,7/28/2022 10:08,0.0244,6.00728582,0.146577774,I05,5.966563192,13.71821167,0.434937391,10.08775871,3.77865016,7.751648478,76.84212817,2.299181493,3.630452963,0.848487251,3.175950635,-0.011845,1.908412988,-0.849339713,4.569482683,-0.12934
17,53,22,7/28/2022 10:18,0.0244,5.069575574,0.123697644,I05,5.035209565,13.71821167,0.367045624,10.08775871,3.77865016,8.683002105,86.0746411,2.724456945,3.630452963,0.339864051,3.175950635,-0.011845,1.695236061,,4.569482683,-0.12934
27,63,22,7/28/2022 10:28,0.0244,6.076022951,0.14825496,I05,6.034834363,13.71821167,0.439914072,10.08775871,3.77865016,7.683377307,76.16535573,2.2731712,3.630452963,0.877292656,3.175950635,-0.011845,1.505871801,-0.107017889,4.569482683,-0.12934
8.97,0,22,7/28/2022 9:34,0.0085,16.61590412,0.141235185,I07,12.55187183,12.55187183,1,8.794762484,3.340832188,0,0,1,3.757109344,2.174156372,3.175950635,-0.011845,3.175950635,1.726120227,4.569482683,-0.12934
16,8,22,7/28/2022 9:41,0.0085,11.06335941,0.094038555,I07,8.179017138,12.55187183,0.651617324,8.794762484,3.340832188,4.372854691,49.72112321,1.534643053,3.757109344,1.486571231,3.175950635,-0.011845,2.888816782,0.427285967,4.569482683,-0.12934
24,16,22,7/28/2022 9:49,0.0085,9.534077647,0.08103966,I07,7.048436335,12.55187183,0.561544639,8.794762484,3.340832188,5.503435493,62.57628336,1.780802327,3.757109344,1.191290824,3.175950635,-0.011845,2.627642352,-0.409948183,4.569482683,-0.12934
4.5,24.5,22,7/28/2022 9:57,0.0085,5.825017059,0.049512645,I07,4.306369573,12.55187183,0.343085847,8.794762484,3.340832188,8.245502255,93.75468945,2.914722394,3.757109344,-0.599182944,3.175950635,-0.011845,2.375966971,,4.569482683,-0.12934
7,43,22,7/28/2022 10:08,0.0085,6.350324118,0.053977755,I07,4.694723172,12.55187183,0.374025742,8.794762484,3.340832188,7.857148657,89.33895225,2.673612771,3.757109344,-0.064417112,3.175950635,-0.011845,1.908412988,,4.569482683,-0.12934
17,53,22,7/28/2022 10:18,0.0085,8.647928824,0.073507395,I07,6.39331648,12.55187183,0.509351638,8.794762484,3.340832188,6.158555348,70.02526059,1.963280227,3.757109344,0.969341193,3.175950635,-0.011845,1.695236061,-0.060842878,4.569482683,-0.12934
27,63,22,7/28/2022 10:28,0.0085,9.151143529,0.07778472,I07,6.76533745,12.55187183,0.538990323,8.794762484,3.340832188,5.786534378,65.79523197,1.85532088,3.757109344,1.101351236,3.175950635,-0.011845,1.505871801,0.407034746,4.569482683,-0.12934
0.18,0,22,7/28/2022 9:41,0.0061,18.19305148,0.110977614,I09,12.6074398,12.6074398,1,9.122669322,3.617868055,0,0,1,3.48477048,2.21076245,3.175950635,-0.011845,3.175950635,1.782839586,4.569482683,-0.12934
8,8,22,7/28/2022 9:49,0.0061,11.85985492,0.072345115,I09,7.990032166,12.6074398,0.63375533,9.122669322,3.617868055,4.617407636,50.61465534,1.577896001,3.48477048,1.505245977,3.175950635,-0.011845,2.888816782,0.480229235,4.569482683,-0.12934
16,16,22,7/28/2022 9:57,0.0061,9.634217869,0.058768729,I09,6.490611496,12.6074398,0.514823913,9.122669322,3.617868055,6.116828306,67.05086077,1.942411714,3.48477048,1.100557401,3.175950635,-0.011845,2.627642352,-0.972335655,4.569482683,-0.12934
4.5,24.5,22,7/28/2022 10:08,0.0064,8.17916125,0.052346632,I09,5.584907192,12.6074398,0.442985037,9.122669322,3.617868055,7.02253261,76.97892318,2.257412588,3.48477048,0.742002444,3.175950635,-0.011845,2.375966971,,4.569482683,-0.12934
13.5,33.5,22,7/28/2022 10:18,0.0064,9.21696125,0.058988552,I09,6.29353935,12.6074398,0.499192497,9.122669322,3.617868055,6.313900452,69.21110729,2.003235238,3.48477048,1.032746263,3.175950635,-0.011845,2.13571076,-0.395923609,4.569482683,-0.12934
22.5,42.5,22,7/28/2022 10:27,0.0064,9.0937225,0.058199824,I09,6.209389281,12.6074398,0.492517861,9.122669322,3.617868055,6.398050521,70.13353543,2.03038322,3.48477048,1.002328529,3.175950635,-0.011845,1.919749099,-0.217074876,4.569482683,-0.12934
31.5,51.5,22,7/28/2022 10:37,0.0064,9.012644375,0.057680924,I09,6.154027394,12.6074398,0.488126653,9.122669322,3.617868055,6.453412408,70.74039604,2.048648632,3.48477048,0.981800124,3.175950635,-0.011845,1.725625339,-0.058019469,4.569482683,-0.12934
0.51,0,22,7/28/2022 9:41,0.0091,15.99610747,0.145564578,I10,12.2998743,12.2998743,1,9.143837685,3.897253361,0,0,1,3.156036614,2.213080175,3.175950635,-0.011845,3.175950635,1.786392937,4.569482683,-0.12934
8,8,22,7/28/2022 9:49,0.0091,10.19117901,0.092739729,I10,7.679497752,12.2998743,0.624355791,9.143837685,3.897253361,4.620376547,50.52994931,1.601650876,3.156036614,1.509277439,3.175950635,-0.011845,2.888816782,0.491425262,4.569482683,-0.12934
16,16,22,7/28/2022 9:57,0.0091,8.726810989,0.07941398,I10,6.576032596,12.2998743,0.53464226,9.143837685,3.897253361,5.723841703,62.59780521,1.87040957,3.156036614,1.229639376,3.175950635,-0.011845,2.627642352,-0.232747484,4.569482683,-0.12934
4.5,24.5,22,7/28/2022 10:08,0.0091,7.257873956,0.066046653,I10,5.469124492,12.2998743,0.444648812,9.143837685,3.897253361,6.830749807,74.70331433,2.248965866,3.156036614,0.838583376,3.175950635,-0.011845,2.375966971,,4.569482683,-0.12934
13.5,33.5,22,7/28/2022 10:18,0.0091,8.173960659,0.074383042,I10,6.159435767,12.2998743,0.500772253,9.143837685,3.897253361,6.140438532,67.15384441,1.996915751,3.156036614,1.099744698,3.175950635,-0.011845,2.13571076,-0.141922623,4.569482683,-0.12934
22.5,42.5,22,7/28/2022 10:27,0.0091,7.470332967,0.06798003,I10,5.62922162,12.2998743,0.457664971,9.143837685,3.897253361,6.670652679,72.95243976,2.185004452,3.156036614,0.905506796,3.175950635,-0.011845,1.919749099,-0.59160933,4.569482683,-0.12934
31.5,51.5,22,7/28/2022 10:37,0.0091,6.883215055,0.062637257,I10,5.186802673,12.2998743,0.421695584,9.143837685,3.897253361,7.113071626,77.79087808,2.371378877,3.156036614,0.708413091,3.175950635,-0.011845,1.725625339,-1.186982231,4.569482683,-0.12934
8.7,0,22,7/28/2022 9:50,0.009,17.32961778,0.15596656,I11,13.28702139,13.28702139,1,9.238812221,3.282197344,0,0,1,4.048209171,2.22341333,3.175950635,-0.011845,3.175950635,1.802181897,4.569482683,-0.12934
16,8,22,7/28/2022 9:57,0.009,13.42096,0.12078864,I11,10.08203689,13.28702139,0.758788339,9.238812221,3.282197344,3.204984502,34.69043882,1.317890575,4.048209171,1.797381589,3.175950635,-0.011845,2.888816782,1.145817368,4.569482683,-0.12934
4.5,16.5,22,7/28/2022 10:08,0.009,8.444831111,0.07600348,I11,6.343890362,13.28702139,0.47745015,9.238812221,3.282197344,6.94313103,75.15177128,2.094459493,4.048209171,0.831029615,3.175950635,-0.011845,2.612126133,,4.569482683,-0.12934
13.5,25.5,22,7/28/2022 10:18,0.009,9.917524444,0.08925772,I11,7.450200828,13.28702139,0.560712639,9.238812221,3.282197344,5.836820564,63.17717499,1.783444728,4.048209171,1.224361042,3.175950635,-0.011845,2.347989665,0.052594341,4.569482683,-0.12934
22.5,34.5,22,7/28/2022 10:27,0.009,8.319791111,0.07487812,I11,6.249958342,13.28702139,0.470380694,9.238812221,3.282197344,7.03706305,76.16848229,2.125937592,4.048209171,0.789252122,3.175950635,-0.011845,2.110562501,-2.394846552,4.569482683,-0.12934
31.5,43.5,22,7/28/2022 10:37,0.009,8.361471111,0.07525324,I11,6.281269015,13.28702139,0.472737179,9.238812221,3.282197344,7.005752377,75.82957862,2.115340285,4.048209171,0.803372772,3.175950635,-0.011845,1.897143815,-1.090894065,4.569482683,-0.12934
