min_start,min_start_real,t_mean,DateTime,bw,mo2,mo2_unscaled,mo2_scaled,mmr,ID,temp,percent_mmr,aas,mo2_recovered,percent_aas,fas_available,rmr,mo2_minus_rmr,ln_mo2_minus_rmr,mmr_50,B,beta,Bebt,ln_mo2_minus_Bebt,A,alpha
0,0,16.87,8/14/2021 11:14,0.0442,11.58291131,0.51196468,13.43269392,13.43269392,A01,16,100,11.42800529,0,0,1,2.004688629,11.42800529,2.436066947,6.71634696,3.501130793,-0.012281,3.501130793,2.070258822,5.841864444,-0.11956
12,11,16.84435688,8/14/2021 11:25,0.0442,5.498781538,0.243046144,6.450026499,13.43269392,A01,16,48.01737118,11.42800529,6.982667421,61.10136672,2.082579649,2.004688629,4.44533787,1.491855877,6.71634696,3.501130793,-0.012281,3.058715327,0.326870965,5.841864444,-0.11956
20,19,16.84435688,8/14/2021 11:33,0.0442,4.351976833,0.192357376,5.104833807,13.43269392,A01,16,38.00305313,11.42800529,8.327860113,72.87238588,2.631367529,2.004688629,3.100145178,1.131448942,6.71634696,3.501130793,-0.012281,2.772493234,,5.841864444,-0.11956
30.5,29,16.94,8/14/2021 11:43,0.0442,3.879195566,0.171460444,4.550265185,13.43269392,A01,16,33.87455422,11.42800529,8.882428735,77.72510171,2.952068368,2.004688629,2.545576556,0.934357169,6.71634696,3.501130793,-0.012281,2.452080873,,5.841864444,-0.11956
40.5,39,17.01,8/14/2021 11:53,0.0442,3.9076819,0.17271954,4.583679426,13.43269392,A01,16,34.12330731,11.42800529,8.849014494,77.43271262,2.930548294,2.004688629,2.578990797,0.947398158,6.71634696,3.501130793,-0.012281,2.168698027,,5.841864444,-0.11956
50.5,49,17.09,8/14/2021 12:03,0.0442,3.676115566,0.162484308,4.312053979,13.43269392,A01,16,32.1011854,11.42800529,9.120639941,79.80955302,3.115149761,2.004688629,2.30736535,0.836106332,6.71634696,3.501130793,-0.012281,1.918065258,,5.841864444,-0.11956
0,0,16.87,8/14/2021 11:14,0.0391,12.52641463,0.489782812,13.60920836,13.60920836,A02,16,100,11.54978102,0,0,1,2.059427341,11.54978102,2.446666477,6.80460418,3.501130793,-0.012281,3.501130793,2.085504404,5.841864444,-0.11956
12,11,16.84435688,8/14/2021 11:25,0.0391,5.524196496,0.215996083,6.261168732,13.60920836,A02,16,46.00685482,11.54978102,7.348039628,63.62059692,2.17358914,2.059427341,4.201741391,1.435499056,6.80460418,3.501130793,-0.012281,3.058715327,0.133679188,5.841864444,-0.11956
20,19,16.84435688,8/14/2021 11:33,0.0391,4.264719054,0.166750515,4.83366687,13.60920836,A02,16,35.5176197,11.54978102,8.77554149,75.98015473,2.81550399,2.059427341,2.774239529,1.020376666,6.80460418,3.501130793,-0.012281,2.772493234,,5.841864444,-0.11956
30.5,29,16.94,8/14/2021 11:43,0.0391,3.851970895,0.150612062,4.365854788,13.60920836,A02,16,32.08015244,11.54978102,9.243353572,80.03055258,3.11719217,2.059427341,2.306427447,0.835699768,6.80460418,3.501130793,-0.012281,2.452080873,,5.841864444,-0.11956
40.5,39,17.01,8/14/2021 11:53,0.0391,3.662427826,0.143200928,4.15102515,13.60920836,A02,16,30.50159157,11.54978102,9.45818321,81.89058471,3.278517443,2.059427341,2.091597809,0.737928276,6.80460418,3.501130793,-0.012281,2.168698027,,5.841864444,-0.11956
50.5,49,17.09,8/14/2021 12:03,0.0391,3.717322813,0.145347322,4.21324357,13.60920836,A02,16,30.9587704,11.54978102,9.39596479,81.35188688,3.230102446,2.059427341,2.153816229,0.767241259,6.80460418,3.501130793,-0.012281,1.918065258,,5.841864444,-0.11956
0,0,16.87,8/14/2021 11:25,0.0363,11.92599777,0.432913719,12.24524777,12.24524777,A03,16,100,10.5317325,0,0,1,1.713515275,10.5317325,2.354392842,6.122623885,3.501130793,-0.012281,3.501130793,1.950272293,5.841864444,-0.11956
8,8,16.86659833,8/14/2021 11:33,0.0363,5.689317769,0.206522235,6.315545145,12.24524777,A03,16,51.57547862,10.5317325,5.929702625,56.30320201,1.938905904,1.713515275,4.60202987,1.526497482,6.122623885,3.501130793,-0.012281,3.173509267,0.356639365,5.841864444,-0.11956
18.5,18,16.94,8/14/2021 11:43,0.0363,4.359788512,0.158260323,4.839673629,12.24524777,A03,16,39.52287222,10.5317325,7.405574141,70.31677021,2.530180485,1.713515275,3.126158354,1.139804888,6.122623885,3.501130793,-0.012281,2.80675216,,5.841864444,-0.11956
28.5,28,17.01,8/14/2021 11:53,0.0363,4.041752645,0.146715621,4.48663132,12.24524777,A03,16,36.63977573,10.5317325,7.75861645,73.66894716,2.729274348,1.713515275,2.773116045,1.019971614,6.122623885,3.501130793,-0.012281,2.482380553,,5.841864444,-0.11956
38.5,38,17.09,8/14/2021 12:03,0.0363,3.882734711,0.14094327,4.310110166,12.24524777,A03,16,35.19822748,10.5317325,7.935137604,75.34503562,2.841052154,1.713515275,2.596594891,0.954200929,6.122623885,3.501130793,-0.012281,2.195496024,,5.841864444,-0.11956
48.5,48,17.23,8/14/2021 12:13,0.0363,4.008038595,0.145491801,4.449206341,12.24524777,A03,16,36.33414713,10.53350617,7.796041429,74.01183711,2.752231933,1.713515275,2.735691066,1.006384079,6.122623885,3.501130793,-0.012281,1.941766256,,5.841864444,-0.11956
0,0,16.61,8/14/2021 11:23,0.0226,9.707845841,0.219397316,9.575188317,9.575188317,A04,16,100,8.108139146,0,0,1,1.467049171,8.108139146,2.09286839,4.787594159,3.501130793,-0.012281,3.501130793,1.527578699,5.841864444,-0.11956
14.7,14,16.58315468,8/14/2021 11:37,0.0226,8.983556283,0.203028372,8.733241173,9.575188317,A04,16,91.20699128,8.108139146,0.841947144,10.38397503,1.096407179,1.467049171,7.266192002,1.983232358,4.787594159,3.501130793,-0.012281,2.948073777,1.462819711,5.841864444,-0.11956
20,19,16.58315468,8/14/2021 11:42,0.0226,3.608709027,0.081556824,3.508157044,9.575188317,A04,16,36.63799528,8.108139146,6.067031273,74.8264326,2.729406978,1.467049171,2.041107873,0.713492735,4.787594159,3.501130793,-0.012281,2.772493234,,5.841864444,-0.11956
30.5,31,16.7,8/14/2021 11:54,0.0226,3.399429381,0.076827104,3.304708703,9.575188317,A04,16,34.51325022,8.108139146,6.270479614,77.3356192,2.897437922,1.467049171,1.837659532,0.608492768,4.787594159,3.501130793,-0.012281,2.392586504,,5.841864444,-0.11956
40.5,41,16.76,8/14/2021 12:04,0.0226,3.283870619,0.074215476,3.192369836,9.575188317,A04,16,33.34002142,8.108139146,6.382818481,78.72112659,2.999398193,1.467049171,1.725320665,0.545412926,4.787594159,3.501130793,-0.012281,2.116079322,,5.841864444,-0.11956
50.5,51,16.84,8/14/2021 12:14,0.0226,2.939924071,0.066442284,2.858006911,9.575188317,A04,16,29.84804911,8.108139146,6.717181406,82.84492021,3.350302716,1.467049171,1.39095774,0.329992531,4.787594159,3.501130793,-0.012281,1.871527608,,5.841864444,-0.11956
0,0,19.49,8/14/2021 11:37,0.0163,15.21394387,0.247987285,12.79520055,12.79520055,A05,16,100,11.06790344,0,0,1,1.727297112,11.06790344,2.404049337,6.397600275,3.501130793,-0.012281,3.501130793,2.023766642,5.841864444,-0.11956
8,6,19.55280928,8/14/2021 11:42,0.0163,4.661131656,0.075976446,4.135049348,12.79520055,A05,16,32.31719059,11.06790344,8.660151202,78.24563386,3.09432838,1.727297112,2.407752236,0.87869363,6.397600275,3.501130793,-0.012281,3.292611438,,5.841864444,-0.11956
18.5,17,16.7,8/14/2021 11:54,0.0163,3.644756564,0.059409532,3.233388234,12.79520055,A05,16,25.27032086,11.06790344,9.561812316,86.39226361,3.957211329,1.727297112,1.506091122,0.409517634,6.397600275,3.501130793,-0.012281,2.841434414,,5.841864444,-0.11956
28.5,27,16.76,8/14/2021 12:04,0.0163,3.400167546,0.055422731,3.016404948,12.79520055,A05,16,23.57450308,11.06790344,9.778795602,88.35273686,4.241870959,1.727297112,1.289107836,0.253950379,6.397600275,3.501130793,-0.012281,2.513054637,,5.841864444,-0.11956
38.5,37,16.84,8/14/2021 12:14,0.0163,3.334267914,0.054348567,2.957943131,12.79520055,A05,16,23.11759882,11.06790344,9.837257419,88.88094726,4.325708772,1.727297112,1.230646019,0.20753925,6.397600275,3.501130793,-0.012281,2.222625156,,5.841864444,-0.11956
48,47,16.93,8/14/2021 12:23,0.0163,3.245556871,0.052902577,2.87924453,12.79520055,A05,16,22.50253537,11.06790344,9.91595602,89.59199973,4.443943686,1.727297112,1.151947418,0.141453917,6.397600275,3.501130793,-0.012281,1.96576012,,5.841864444,-0.11956
0,0,19.49,8/14/2021 11:37,0.0217,14.66968908,0.318332253,13.14411595,13.14411595,A06,16,100,11.71413026,0,0,1,1.429985691,11.71413026,2.460795828,6.572057975,3.501130793,-0.012281,3.501130793,2.1057182,5.841864444,-0.11956
8,6,19.55280928,8/14/2021 11:42,0.0217,5.934646313,0.128781825,5.704011133,13.14411595,A06,16,43.3959283,11.71413026,7.440104817,63.51393276,2.304363656,1.429985691,4.274025442,1.45255611,6.572057975,3.501130793,-0.012281,3.292611438,-0.018760886,5.841864444,-0.11956
18.5,17,16.7,8/14/2021 11:54,0.0217,4.507493917,0.097812618,4.332321444,13.14411595,A06,16,32.96015845,11.71413026,8.811794506,75.22363428,3.033965997,1.429985691,2.902335753,1.065515845,6.572057975,3.501130793,-0.012281,2.841434414,,5.841864444,-0.11956
28.5,27,16.76,8/14/2021 12:04,0.0217,4.478175346,0.097176405,4.304142265,13.14411595,A06,16,32.74577219,11.71413026,8.839973685,75.46419144,3.053829344,1.429985691,2.874156574,1.055759266,6.572057975,3.501130793,-0.012281,2.513054637,,5.841864444,-0.11956
40,38,16.85,8/14/2021 12:15,0.0217,7.778879032,0.168801675,7.476572362,13.14411595,A06,16,56.88151558,11.71413026,5.667543588,48.38211171,1.758040358,1.429985691,6.046586671,1.799493926,6.572057975,3.501130793,-0.012281,2.195496024,,5.841864444,-0.11956
48,46,16.93,8/14/2021 12:23,0.0217,4.72029,0.102430293,4.536847739,13.14411595,A06,16,34.51618775,11.71413026,8.607268211,73.47765493,2.897191333,1.429985691,3.106862048,1.133613229,6.572057975,3.501130793,-0.012281,1.99005047,,5.841864444,-0.11956
0,0,17.61,8/14/2021 11:45,0.0175,13.08169,0.228929575,11.09852583,11.09852583,A08,16,100,9.433253099,0,0,1,1.665272731,9.433253099,2.244241011,5.549262915,3.501130793,-0.012281,3.501130793,1.780382042,5.841864444,-0.11956
12,10,17.64554909,8/14/2021 11:55,0.0175,6.46722,0.11317635,5.852549372,11.09852583,A08,16,52.73267334,9.433253099,5.245976458,55.61153086,1.896357489,1.665272731,4.187276641,1.432050556,5.549262915,3.501130793,-0.012281,3.096511019,0.086879855,5.841864444,-0.11956
20,19,18.04,8/14/2021 12:04,0.0175,5.352832,0.09367456,4.844077295,11.09852583,A08,16,43.64613255,9.433253099,6.254448535,66.3021385,2.291153744,1.665272731,3.178804564,1.156505203,5.549262915,3.501130793,-0.012281,2.772493234,,5.841864444,-0.11956
30,29,18.15,8/14/2021 12:14,0.0175,4.707288,0.08237754,4.259888396,11.09852583,A08,16,38.38247044,9.433253099,6.838637434,72.49500636,2.605356009,1.665272731,2.594615665,0.9534384,5.549262915,3.501130793,-0.012281,2.452080873,,5.841864444,-0.11956
40,39,18.31,8/14/2021 12:24,0.0175,4.561216,0.07982128,4.127699667,11.09852583,A08,16,37.19142281,9.433253099,6.970826163,73.89631222,2.688791997,1.665272731,2.462426936,0.901147423,5.549262915,3.501130793,-0.012281,2.168698027,,5.841864444,-0.11956
0,0,17.91,8/14/2021 11:56,0.0132,14.33762091,0.189256596,12.872919,12.872919,A10,16,100,,,,1,,12.872919,2.555125802,6.4364595,3.501130793,-0.012281,3.501130793,2.237703922,5.841864444,-0.11956
8,8,18.04,8/14/2021 12:04,0.0132,6.402763636,0.08451648,5.354327951,12.872919,A10,16,41.59373605,,,,2.404208169,,5.354327951,1.677905197,6.4364595,3.501130793,-0.012281,3.173509267,0.779700349,5.841864444,-0.11956
18,18,18.15,8/14/2021 12:14,0.0132,5.192689091,0.068543496,4.342399926,12.872919,A10,16,33.73283034,,,,2.96447108,,4.342399926,1.468427174,6.4364595,3.501130793,-0.012281,2.80675216,,5.841864444,-0.11956
28,28,18.31,8/14/2021 12:24,0.0132,4.91436,0.064869552,4.109646491,12.872919,A10,16,31.92474443,,,,3.132366501,,4.109646491,1.413337013,6.4364595,3.501130793,-0.012281,2.482380553,,5.841864444,-0.11956
38,38,18.41,8/14/2021 12:34,0.0132,4.582276364,0.060486048,3.831940675,12.872919,A10,16,29.76745737,,,,3.35937325,,3.831940675,1.343371379,6.4364595,3.501130793,-0.012281,2.195496024,,5.841864444,-0.11956
48,48,18.62,8/14/2021 12:44,0.0132,5.287058182,0.069789168,4.421316327,12.872919,A10,16,34.34587235,,,,2.911558018,,4.421316327,1.486437463,6.4364595,3.501130793,-0.012281,1.941766256,,5.841864444,-0.11956
0,0,24.78,8/17/2021 11:32,0.0163,14.25302423,0.232324295,12.60832132,12.60832132,2501,25,100,7.129963882,0,0,1,5.478357438,7.129963882,1.964306169,6.30416066,3.501130793,-0.012281,3.501130793,1.288911134,2.522751069,-0.07443
10,9,24.7,8/17/2021 11:41,0.0163,11.98466521,0.195350043,10.6320065,12.60832132,2501,25,84.32531366,7.129963882,1.97631482,27.71844083,1.185883523,5.478357438,5.153649062,1.639705019,6.30416066,3.501130793,-0.012281,3.134773742,0.702540584,2.522751069,-0.07443
20,19,24.59,8/17/2021 11:51,0.0163,9.706202147,0.158211095,8.61070397,12.60832132,2501,25,68.29381764,7.129963882,3.99761735,56.06784854,1.464261385,5.478357438,3.132346532,1.141782414,6.30416066,3.501130793,-0.012281,2.772493234,,2.522751069,-0.07443
30,29,24.67,8/17/2021 12:01,0.0163,9.905757117,0.161463841,8.78773601,12.60832132,2501,25,69.69790654,7.129963882,3.82058531,53.58491815,1.434763323,5.478357438,3.309378572,1.196760429,6.30416066,3.501130793,-0.012281,2.452080873,,2.522751069,-0.07443
40,39,24.81,8/17/2021 12:11,0.0163,9.424551779,0.153620194,8.360842294,12.60832132,2501,25,66.31209724,7.129963882,4.247479026,59.57223762,1.508020469,5.478357438,2.882484856,1.058652719,6.30416066,3.501130793,-0.012281,2.168698027,,2.522751069,-0.07443
50,49,24.85,8/17/2021 12:21,0.0163,9.038071902,0.147320572,8.017982773,12.60832132,2501,25,63.59278582,7.129963882,4.590338547,64.38095091,1.572505414,5.478357438,2.539625335,0.932016564,6.30416066,3.501130793,-0.012281,1.918065258,,2.522751069,-0.07443
0,0,24.77,8/17/2021 11:31,0.0223,12.49557022,0.278651216,11.46049232,11.46049232,2502,25,100,7.054530363,0,0,1,4.405961957,7.054530363,1.953670015,5.73024616,3.501130793,-0.012281,3.501130793,1.267904771,2.522751069,-0.07443
10,10,24.7,8/17/2021 11:41,0.0223,10.38794987,0.231651282,10.06078815,11.46049232,2502,25,87.78670121,7.054530363,1.39970417,19.8412098,1.139124704,4.405961957,5.654826193,1.732509374,5.73024616,3.501130793,-0.012281,3.096511019,0.939348907,2.522751069,-0.07443
20,20,24.59,8/17/2021 11:51,0.0223,7.885722915,0.175851621,7.637367208,11.46049232,2502,25,66.64083003,7.054530363,3.823125112,54.19389974,1.50058155,4.405961957,3.231405251,1.172917105,5.73024616,3.501130793,-0.012281,2.73865247,,2.522751069,-0.07443
30,30,24.67,8/17/2021 12:01,0.0223,7.531400987,0.167950242,7.294204418,11.46049232,2502,25,63.64651897,7.054530363,4.166287902,59.05833114,1.571177837,4.405961957,2.888242461,1.060648172,5.73024616,3.501130793,-0.012281,2.422151028,,2.522751069,-0.07443
40,40,24.81,8/17/2021 12:11,0.0223,7.427027085,0.165622704,7.193117705,11.46049232,2502,25,62.76447385,7.054530363,4.267374615,60.49126441,1.593257999,4.405961957,2.787155748,1.025021631,5.73024616,3.501130793,-0.012281,2.142227124,,2.522751069,-0.07443
50,50,24.85,8/17/2021 12:21,0.0223,7.099256413,0.158313418,6.875669956,11.46049232,2502,25,59.99454268,7.054530363,4.584822364,64.9911777,1.666818273,4.405961957,2.469707999,0.904099925,5.73024616,3.501130793,-0.012281,1.894653553,,2.522751069,-0.07443
0,0,24.74,8/17/2021 11:22,0.0354,11.76227203,0.41638443,12.62951464,12.62951464,2503,25,100,7.314669754,0,0,1,5.314844886,7.314669754,1.989881887,6.31475732,3.501130793,-0.012281,3.501130793,1.338557619,2.522751069,-0.07443
10,9,24.78792479,8/17/2021 11:31,0.0354,8.800519831,0.311538402,9.70076618,12.62951464,2503,25,76.81028493,7.314669754,2.92874846,40.03938057,1.301908984,5.314844886,4.385921294,1.478399705,6.31475732,3.501130793,-0.012281,3.134773742,0.224061171,2.522751069,-0.07443
20,19,24.7,8/17/2021 11:41,0.0354,7.971598136,0.282194574,8.787050207,12.62951464,2503,25,69.5755178,7.314669754,3.842464433,52.53093526,1.437287183,5.314844886,3.472205321,1.244789931,6.31475732,3.501130793,-0.012281,2.772493234,,2.522751069,-0.07443
30,29,24.59,8/17/2021 11:51,0.0354,7.470671186,0.26446176,8.234881096,12.62951464,2503,25,65.20346451,7.314669754,4.394633544,60.07972597,1.533660838,5.314844886,2.92003621,1.071596017,6.31475732,3.501130793,-0.012281,2.452080873,,2.522751069,-0.07443
40,39,24.67,8/17/2021 12:01,0.0354,7.392275254,0.261686544,8.148465677,12.62951464,2503,25,64.51923062,7.314669754,4.481048963,61.26112475,1.549925488,5.314844886,2.833620791,1.041555325,6.31475732,3.501130793,-0.012281,2.168698027,,2.522751069,-0.07443
50,49,24.81,8/17/2021 12:11,0.0354,6.879819492,0.24354561,7.583588417,12.62951464,2503,25,60.0465547,7.314669754,5.045926223,68.98365056,1.665374483,5.314844886,2.268743531,0.819226168,6.31475732,3.501130793,-0.012281,1.918065258,,2.522751069,-0.07443
0,0,25.27,8/17/2021 11:20,0.04,9.0562185,0.36224874,9.721861114,9.721861114,2504,25,100,6.144618922,0,0,1,3.577242192,6.144618922,1.815576727,4.860930557,3.501130793,-0.012281,3.501130793,0.972099306,2.522751069,-0.07443
10,9,25.09,8/17/2021 11:31,0.04,7.052901,0.28211604,8.044913575,9.721861114,2504,25,82.75075606,6.144618922,1.676947539,27.2913188,1.208448173,3.577242192,4.467671383,1.496867329,4.860930557,3.501130793,-0.012281,3.134773742,0.287355249,2.522751069,-0.07443
20,19,24.97,8/17/2021 11:41,0.04,5.4675785,0.21870314,6.23661051,9.721861114,2504,25,64.15037653,6.144618922,3.485250604,56.72037027,1.558837304,3.577242192,2.659368318,0.97808862,4.860930557,3.501130793,-0.012281,2.772493234,,2.522751069,-0.07443
30,29,24.91,8/17/2021 11:51,0.04,5.0577395,0.20230958,5.769126373,9.721861114,2504,25,59.34178966,6.144618922,3.952734741,64.32839516,1.685153087,3.577242192,2.191884181,0.784761531,4.860930557,3.501130793,-0.012281,2.452080873,,2.522751069,-0.07443
40,39,25.07,8/17/2021 12:01,0.04,5.01237175,0.20049487,5.717377507,9.721861114,2504,25,58.80949584,6.144618922,4.004483607,65.17057702,1.700405667,3.577242192,2.140135315,0.760869058,4.860930557,3.501130793,-0.012281,2.168698027,,2.522751069,-0.07443
50,49,25.25,8/17/2021 12:11,0.04,4.8936,0.195744,5.581900139,9.721861114,2504,25,57.41596258,6.144618922,4.139960975,67.3753902,1.74167593,3.577242192,2.004657947,0.695473446,4.860930557,3.501130793,-0.012281,1.918065258,,2.522751069,-0.07443
0,0,25.06,8/17/2021 11:11,0.0171,10.34825187,0.176955107,9.217206874,9.217206874,2506,25,100,5.229334706,0,0,1,3.987872168,5.229334706,1.654284063,4.608603437,3.501130793,-0.012281,3.501130793,0.547082669,2.522751069,-0.07443
10,9,25.11517771,8/17/2021 11:20,0.0171,9.277701579,0.158648697,8.341729594,9.217206874,2506,25,90.50170738,5.229334706,0.87547728,16.741657,1.10495153,3.987872168,4.353857426,1.471062217,4.608603437,3.501130793,-0.012281,3.134773742,0.198099498,2.522751069,-0.07443
20,20,25.09,8/17/2021 11:31,0.0171,7.119760877,0.121747911,6.401490661,9.217206874,2506,25,69.45152418,5.229334706,2.815716213,53.84463553,1.43985321,3.987872168,2.413618493,0.881127071,4.608603437,3.501130793,-0.012281,2.73865247,,2.522751069,-0.07443
30,30,24.97,8/17/2021 11:41,0.0171,6.515922398,0.111422273,5.858569845,9.217206874,2506,25,63.56122766,5.229334706,3.358637029,64.22685136,1.573286163,3.987872168,1.870697677,0.626311451,4.608603437,3.501130793,-0.012281,2.422151028,,2.522751069,-0.07443
40,40,24.91,8/17/2021 11:51,0.0171,6.754089766,0.115494935,6.072709928,9.217206874,2506,25,65.88449203,5.229334706,3.144496946,60.1318738,1.517807862,3.987872168,2.08483776,0.734691039,4.608603437,3.501130793,-0.012281,2.142227124,,2.522751069,-0.07443
50,50,25.07,8/17/2021 12:01,0.0171,6.797392924,0.116235419,6.111644488,9.217206874,2506,25,66.30690372,5.229334706,3.105562386,59.38733244,1.508138586,3.987872168,2.12377232,0.753193904,4.608603437,3.501130793,-0.012281,1.894653553,,2.522751069,-0.07443
0,0,25.09,8/17/2021 11:01,0.0226,10.90374124,0.246424552,10.35553751,10.35553751,2507,25,100,6.024405318,0,0,1,4.331132192,6.024405318,1.795818772,5.177768755,3.501130793,-0.012281,3.501130793,0.925557473,2.522751069,-0.07443
10,9,25.06234954,8/17/2021 11:10,0.0226,9.709934602,0.219444522,9.439379905,10.35553751,2507,25,91.15296908,6.024405318,0.916157605,15.20743636,1.097056969,4.331132192,5.108247713,1.630856432,5.177768755,3.501130793,-0.012281,3.134773742,0.679795427,2.522751069,-0.07443
20,19,25.06234954,8/17/2021 11:20,0.0226,7.946419469,0.17958908,7.725002827,10.35553751,2507,25,74.59779678,6.024405318,2.630534683,43.66463649,1.340522164,4.331132192,3.393870635,1.22197105,5.177768755,3.501130793,-0.012281,2.772493234,,2.522751069,-0.07443
30,30,25.09,8/17/2021 11:31,0.0226,7.344445929,0.165984478,7.139802497,10.35553751,2507,25,68.94671078,6.024405318,3.215735013,53.37846382,1.450395514,4.331132192,2.808670305,1.03271117,5.177768755,3.501130793,-0.012281,2.422151028,,2.522751069,-0.07443
40,40,24.97,8/17/2021 11:41,0.0226,6.742472389,0.152379876,6.554602167,10.35553751,2507,25,63.29562479,6.024405318,3.800935343,63.09229115,1.579888031,4.331132192,2.223469975,0.799069027,5.177768755,3.501130793,-0.012281,2.142227124,,2.522751069,-0.07443
50,50,24.91,8/17/2021 11:51,0.0226,6.888126018,0.155671648,6.696197346,10.35553751,2507,25,64.66296259,6.024405318,3.659340164,60.74193171,1.546480334,4.331132192,2.365065154,0.860805571,5.177768755,3.501130793,-0.012281,1.894653553,,2.522751069,-0.07443
0,0,24.66,8/17/2021 11:01,0.0188,13.88510298,0.261039936,12.42291052,12.42291052,2508,25,100,6.557978087,0,0,1,5.864932433,6.557978087,1.880682337,6.21145526,3.501130793,-0.012281,3.501130793,1.117384089,2.522751069,-0.07443
10,10,24.62,8/17/2021 11:11,0.0188,11.2230817,0.210993936,10.36222743,12.42291052,2508,25,83.41223591,6.557978087,2.06068309,31.42253699,1.198864878,5.864932433,4.497294997,1.503476104,6.21145526,3.501130793,-0.012281,3.096511019,0.337032064,2.522751069,-0.07443
20,20,24.74,8/17/2021 11:21,0.0188,9.931861277,0.186718992,9.170048661,12.42291052,2508,25,73.81562192,6.557978087,3.252861859,49.60159695,1.354726783,5.864932433,3.305116228,1.19547164,6.21145526,3.501130793,-0.012281,2.73865247,,2.522751069,-0.07443
30,30,24.65,8/17/2021 11:31,0.0188,9.553013617,0.179596656,8.820260099,12.42291052,2508,25,70.99994872,6.557978087,3.602650421,54.93538364,1.408451721,5.864932433,2.955327666,1.08360953,6.21145526,3.501130793,-0.012281,2.422151028,,2.522751069,-0.07443
40,40,24.59,8/17/2021 11:41,0.0188,8.076852766,0.151844832,7.457326561,12.42291052,2508,25,60.02881973,6.557978087,4.965583959,75.71821517,1.665866503,5.864932433,1.592394128,0.465238625,6.21145526,3.501130793,-0.012281,2.142227124,,2.522751069,-0.07443
50,50,24.32,8/17/2021 11:51,0.0188,7.996151489,0.150327648,7.382815388,12.42291052,2508,25,59.42903135,6.557978087,5.040095132,76.85440642,1.682679285,5.864932433,1.517882955,0.417316571,6.21145526,3.501130793,-0.012281,1.894653553,,2.522751069,-0.07443
0,0,24.71,8/17/2021 10:50,0.0221,13.9547562,0.308400112,12.37712762,12.37712762,2509,25,100,7.238656848,0,0,1,5.138470772,7.238656848,1.979435671,6.18856381,3.501130793,-0.012281,3.501130793,1.31842391,2.522751069,-0.07443
10,10,24.75032722,8/17/2021 11:00,0.0221,9.056565656,0.200150101,8.749236863,12.37712762,2509,25,70.68875051,7.238656848,3.627890757,50.11828621,1.414652251,5.138470772,3.610766091,1.283919963,6.18856381,3.501130793,-0.012281,3.096511019,-0.665035888,2.522751069,-0.07443
20,21,24.62,8/17/2021 11:11,0.0221,8.000674208,0.1768149,7.72917642,12.37712762,2509,25,62.44725479,7.238656848,4.6479512,64.21013314,1.601351418,5.138470772,2.590705648,0.95193029,6.18856381,3.501130793,-0.012281,2.705224762,,2.522751069,-0.07443
30,31,24.74,8/17/2021 11:21,0.0221,7.323086244,0.161840206,7.074581972,12.37712762,2509,25,57.15851197,7.238656848,5.302545648,73.25317057,1.749520702,5.138470772,1.9361112,0.660681425,6.18856381,3.501130793,-0.012281,2.392586504,,2.522751069,-0.07443
40,41,24.65,8/17/2021 11:31,0.0221,6.771928688,0.149659624,6.542127597,12.37712762,2509,25,52.85658998,7.238656848,5.835000023,80.60887739,1.891911681,5.138470772,1.403656825,0.339080849,6.18856381,3.501130793,-0.012281,2.116079322,,2.522751069,-0.07443
50,51,24.59,8/17/2021 11:41,0.0221,6.453877195,0.142630686,6.234868979,12.37712762,2509,25,50.37411886,7.238656848,6.142258641,84.85356842,1.985146386,5.138470772,1.096398207,0.09203045,6.18856381,3.501130793,-0.012281,1.871527608,,2.522751069,-0.07443
0,0,24.77,8/17/2021 10:54,0.0181,9.599636188,0.173753415,8.782247602,8.782247602,2510,25,100,4.506210646,0,0,1,4.276036956,4.506210646,1.505456589,4.391123801,3.501130793,-0.012281,3.501130793,0.005066994,2.522751069,-0.07443
10,6,24.75032722,8/17/2021 11:00,0.0181,8.705643094,0.15757214,7.952939101,8.782247602,2510,25,90.55699021,4.506210646,0.829308501,18.40367808,1.104276984,4.276036956,3.676902145,1.302070589,4.391123801,3.501130793,-0.012281,3.252422164,-0.856890433,2.522751069,-0.07443
20,17,24.62,8/17/2021 11:11,0.0183,7.890218033,0.14439099,7.230229904,8.782247602,2510,25,82.32778477,4.506210646,1.552017698,34.44174762,1.214656756,4.276036956,2.954192948,1.0832255,4.391123801,3.501130793,-0.012281,2.841434414,,2.522751069,-0.07443
30,27,24.74,8/17/2021 11:21,0.0183,7.681682131,0.140574783,7.039137275,8.782247602,2510,25,80.15188815,4.506210646,1.743110327,38.68239778,1.247631245,4.276036956,2.763100319,1.016353353,4.391123801,3.501130793,-0.012281,2.513054637,,2.522751069,-0.07443
40,37,24.65,8/17/2021 11:31,0.0183,6.899977377,0.126269586,6.322819289,8.782247602,2510,25,71.99545692,4.506210646,2.459428313,54.57863616,1.388976531,4.276036956,2.046782333,0.716268966,4.391123801,3.501130793,-0.012281,2.222625156,,2.522751069,-0.07443
50,47,24.59,8/17/2021 11:41,0.0183,7.920705738,0.144948915,7.258167423,8.782247602,2510,25,82.64589832,4.506210646,1.524080179,33.82176952,1.209981403,4.276036956,2.982130467,1.092637967,4.391123801,3.501130793,-0.012281,1.96576012,,2.522751069,-0.07443
0,0,19.31,8/16/2021 10:31,0.0222,16.51394378,0.366609552,15.8413798,15.8413798,1901,19,100,13.08830564,0,0,1,2.753073988,13.08830581,2.571719145,7.9206899,3.501130793,-0.012281,3.501130793,2.26042627,7.526348521,-0.21568
10,8,19.31616435,8/16/2021 10:39,0.0222,9.140508108,0.20291928,8.841500354,15.8413798,1901,19,55.81269098,13.08830564,6.999879446,53.48193753,1.791707195,2.753073988,6.088426366,1.806389652,7.9206899,3.501130793,-0.012281,3.173509267,1.06984138,7.526348521,-0.21568
20.5,18,19.77,8/16/2021 10:49,0.0222,7.442787027,0.165229872,7.199315766,15.8413798,1901,19,45.44626704,13.08830564,8.642064034,66.02889841,2.200400748,2.753073988,4.446241778,1.492059195,7.9206899,3.501130793,-0.012281,2.80675216,,7.526348521,-0.21568
30.5,28,19.99,8/16/2021 10:59,0.0222,6.790884324,0.150757632,6.568738351,15.8413798,1901,19,41.46569575,13.08830564,9.272641449,70.84676737,2.411632029,2.753073988,3.815664363,1.339114795,7.9206899,3.501130793,-0.012281,2.482380553,,7.526348521,-0.21568
40.5,38,20.16,8/16/2021 11:09,0.0222,6.307274234,0.140021488,6.100948297,15.8413798,1901,19,38.51273294,13.08830564,9.740431503,74.42087441,2.596543853,2.753073988,3.347874309,1.20832561,7.9206899,3.501130793,-0.012281,2.195496024,,7.526348521,-0.21568
50.5,48,20.13,8/16/2021 11:19,0.0222,6.131584144,0.136121168,5.931005447,15.8413798,1901,19,37.43995486,13.08830564,9.910374353,75.71930719,2.670943391,2.753073988,3.177931459,1.156230501,7.9206899,3.501130793,-0.012281,1.941766256,,7.526348521,-0.21568
0,0,19.27,8/16/2021 10:29,0.0173,18.68648931,0.323276265,16.74632405,16.74632405,1902,19,100,13.31854098,0,0,1,3.42778307,13.31854098,2.589157123,8.373162025,3.501130793,-0.012281,3.501130793,2.284157359,7.526348521,-0.21568
10,10,19.31616435,8/16/2021 10:39,0.0173,8.921482486,0.154341647,8.047606517,16.74632405,1902,19,48.05595839,13.31854098,8.698717533,65.31284129,2.080907412,3.42778307,4.619823447,1.530356489,8.373162025,3.501130793,-0.012281,3.096511019,0.420887193,7.526348521,-0.21568
20,20,19.77,8/16/2021 10:49,0.0173,7.33499422,0.1268954,6.616517757,16.74632405,1902,19,39.51026946,13.31854098,10.12980629,76.05792788,2.530987547,3.42778307,3.188734687,1.159624188,8.373162025,3.501130793,-0.012281,2.73865247,,7.526348521,-0.21568
30,30,19.99,8/16/2021 10:59,0.0173,6.916189711,0.119650082,6.238735937,16.74632405,1902,19,37.25436053,13.31854098,10.50758811,78.89443843,2.684249537,3.42778307,2.810952867,1.033523524,8.373162025,3.501130793,-0.012281,2.422151028,,7.526348521,-0.21568
40,40,20.16,8/16/2021 11:09,0.0173,5.800560751,0.100349701,5.23238493,16.74632405,1902,19,31.244976,13.31854098,11.51393912,86.45045382,3.200514541,3.42778307,1.80460186,0.590339991,8.373162025,3.501130793,-0.012281,2.142227124,,7.526348521,-0.21568
50,50,20.13,8/16/2021 11:19,0.0173,5.552117399,0.096051631,5.00827707,16.74632405,1902,19,29.90672493,13.31854098,11.73804698,88.13312958,3.343729553,3.42778307,1.580494,0.457737456,8.373162025,3.501130793,-0.012281,1.894653553,,7.526348521,-0.21568
0,0,19.53,8/16/2021 10:40,0.0205,17.44367488,0.357595335,15.77703204,15.77703204,1903,19,100,11.62281596,0,0,1,4.15421608,11.62281596,2.452970059,7.88851602,3.501130793,-0.012281,3.501130793,2.094537666,7.526348521,-0.21568
10,9,19.77,8/16/2021 10:49,0.0205,8.607030244,0.17644412,8.141814581,15.77703204,1903,19,51.6054893,11.62281596,7.635217459,65.69163175,1.937778352,4.15421608,3.987598501,1.38318917,7.88851602,3.501130793,-0.012281,3.134773742,-0.159201194,7.526348521,-0.21568
20,19,19.99,8/16/2021 10:59,0.0205,7.227338537,0.14816044,6.836696121,15.77703204,1903,19,43.33322075,11.62281596,8.940335919,76.92056684,2.307698304,4.15421608,2.682480041,0.986741755,7.88851602,3.501130793,-0.012281,2.772493234,,7.526348521,-0.21568
30,29,20.16,8/16/2021 11:09,0.0205,6.542506098,0.134121375,6.188879327,15.77703204,1903,19,39.22714558,11.62281596,9.588152713,82.49423157,2.549255076,4.15421608,2.034663247,0.710330325,7.88851602,3.501130793,-0.012281,2.452080873,,7.526348521,-0.21568
40,39,20.13,8/16/2021 11:19,0.0205,6.045175366,0.123926095,5.718429649,15.77703204,1903,19,36.24528133,11.62281596,10.05860239,86.54187097,2.758979826,4.15421608,1.564213569,0.447383186,7.88851602,3.501130793,-0.012281,2.168698027,,7.526348521,-0.21568
50,49,20.07,8/16/2021 11:29,0.0205,6.542506098,0.134121375,6.188879327,15.77703204,1903,19,39.22714558,11.62281596,9.588152713,82.49423157,2.549255076,4.15421608,2.034663247,0.710330325,7.88851602,3.501130793,-0.012281,1.918065258,,7.526348521,-0.21568
0,0,20.41,8/16/2021 10:39,0.0278,11.21519424,0.3117824,11.40922227,11.40922227,1904,19,100,9.555964194,0,0,1,1.853258076,9.555964194,2.257165482,5.704611135,3.501130793,-0.012281,3.501130793,1.800856862,7.526348521,-0.21568
10,9,20.43501515,8/16/2021 10:48,0.0278,5.812717122,0.161593536,5.988092892,11.40922227,1904,19,52.48467205,9.555964194,5.421129378,56.73032326,1.905318183,1.853258076,4.134834816,1.41944738,5.704611135,3.501130793,-0.012281,3.134773742,6.11E-05,7.526348521,-0.21568
20,19,20.43501515,8/16/2021 10:58,0.0278,4.775311655,0.132753664,4.919387814,11.40922227,1904,19,43.11764376,9.555964194,6.489834456,67.91396791,2.319236194,1.853258076,3.066129738,1.120416095,5.704611135,3.501130793,-0.012281,2.772493234,,7.526348521,-0.21568
30,31,19.51,8/16/2021 11:10,0.0278,4.825484892,0.13414848,4.97107483,11.40922227,1904,19,43.57067215,9.555964194,6.43814744,67.37308041,2.295121812,1.853258076,3.117816754,1.137132999,5.704611135,3.501130793,-0.012281,2.392586504,,7.526348521,-0.21568
40,41,19.63,8/16/2021 11:20,0.0278,4.666111079,0.129717888,4.806892542,11.40922227,1904,19,42.13164077,9.555964194,6.602329728,69.09119367,2.373513069,1.853258076,2.953634466,1.083036434,5.704611135,3.501130793,-0.012281,2.116079322,,7.526348521,-0.21568
50,51,19.7,8/16/2021 11:30,0.0278,4.087643165,0.11363648,4.210971645,11.40922227,1904,19,36.90848986,9.555964194,7.198250625,75.32730846,2.709403727,1.853258076,2.357713569,0.857692323,5.704611135,3.501130793,-0.012281,1.871527608,,7.526348521,-0.21568
0,0,19.02,8/16/2021 10:49,0.0215,13.8398514,0.297556805,13.08463208,13.08463208,1905,19,100,10.75990767,0,0,1,2.32472441,10.75990767,2.375826974,6.54231604,3.501130793,-0.012281,3.501130793,1.98221134,7.526348521,-0.21568
10,9,19.06473112,8/16/2021 10:58,0.0215,7.151372558,0.15375451,6.855655248,13.08463208,1905,19,52.39471164,10.75990767,6.228976832,57.89061601,1.908589567,2.32472441,4.530930838,1.510927401,6.54231604,3.501130793,-0.012281,3.134773742,0.333723531,7.526348521,-0.21568
20,21,19.51,8/16/2021 11:10,0.0215,5.989825581,0.12878125,5.742139547,13.08463208,1905,19,43.88460839,10.75990767,7.342492533,68.23936374,2.278703256,2.32472441,3.417415137,1.228884457,6.54231604,3.501130793,-0.012281,2.705224762,,7.526348521,-0.21568
30,31,19.63,8/16/2021 11:20,0.0215,5.372633953,0.11551163,5.150469488,13.08463208,1905,19,39.36273834,10.75990767,7.934162592,73.73820329,2.540473662,2.32472441,2.825745078,1.038772074,6.54231604,3.501130793,-0.012281,2.392586504,,7.526348521,-0.21568
40,41,19.7,8/16/2021 11:30,0.0215,4.977784651,0.10702237,4.771947649,13.08463208,1905,19,36.46986495,10.75990767,8.312684431,77.25609444,2.741989863,2.32472441,2.447223239,0.89495401,6.54231604,3.501130793,-0.012281,2.116079322,,7.526348521,-0.21568
50,51,19.74,8/16/2021 11:40,0.0215,4.910698605,0.10558002,4.707635686,13.08463208,1905,19,35.97835734,10.75990767,8.376996394,77.85379439,2.779448741,2.32472441,2.382911276,0.868322965,6.54231604,3.501130793,-0.012281,1.871527608,,7.526348521,-0.21568
0,0,19.03,8/16/2021 10:49,0.0201,13.98184761,0.281035137,12.78604384,12.78604384,1906,19,100,10.42983922,0,0,1,2.356204619,10.42983922,2.344670854,6.39302192,3.501130793,-0.012281,3.501130793,1.935673422,7.526348521,-0.21568
10,9,19.06473112,8/16/2021 10:58,0.0201,8.032690498,0.161457079,7.556709505,12.78604384,1906,19,59.10123256,10.42983922,5.229334335,50.13820659,1.69201209,2.356204619,5.200504886,1.648755714,6.39302192,3.501130793,-0.012281,3.134773742,0.725484228,7.526348521,-0.21568
20,21,19.51,8/16/2021 11:10,0.0201,5.976746816,0.120132611,5.622591769,12.78604384,1906,19,43.97444463,10.42983922,7.163452071,68.68228666,2.274048049,2.356204619,3.26638715,1.183684527,6.39302192,3.501130793,-0.012281,2.705224762,,7.526348521,-0.21568
30,31,19.63,8/16/2021 11:20,0.0201,5.279851393,0.106125013,4.966991224,12.78604384,1906,19,38.84697477,10.42983922,7.819052616,74.96810307,2.574203026,2.356204619,2.610786605,0.959651557,6.39302192,3.501130793,-0.012281,2.392586504,,7.526348521,-0.21568
40,41,19.7,8/16/2021 11:30,0.0201,4.886442687,0.098217498,4.596894143,12.78604384,1906,19,35.95243533,10.42983922,8.189149697,78.5165478,2.781452747,2.356204619,2.240689524,0.806783642,6.39302192,3.501130793,-0.012281,2.116079322,,7.526348521,-0.21568
50,51,19.74,8/16/2021 11:40,0.0201,4.618720398,0.09283628,4.345035869,12.78604384,1906,19,33.98264485,10.42983922,8.441007971,80.93133358,2.942678548,2.356204619,1.98883125,0.687547155,6.39302192,3.501130793,-0.012281,1.871527608,,7.526348521,-0.21568
0,0,19.26,8/16/2021 10:59,0.0266,12.74375143,0.338983788,12.77777659,12.77777659,1907,19,100,10.26422883,0,0,1,2.513547759,10.26422883,2.328664922,6.388888295,3.501130793,-0.012281,3.501130793,1.911481075,7.526348521,-0.21568
10,11,19.51,8/16/2021 11:10,0.0266,6.042767669,0.16073762,6.148646891,12.77777659,1907,19,48.11984971,10.26422883,6.629129699,64.58478088,2.078144479,2.513547759,3.635099132,1.290636382,6.388888295,3.501130793,-0.012281,3.058715327,-0.550981512,7.526348521,-0.21568
20,21,19.63,8/16/2021 11:20,0.0266,4.895189023,0.130212028,4.98096078,12.77777659,1907,19,38.98143581,10.26422883,7.79681581,75.96104821,2.56532367,2.513547759,2.467413021,0.903170242,6.388888295,3.501130793,-0.012281,2.705224762,,7.526348521,-0.21568
30,31,19.7,8/16/2021 11:30,0.0266,4.613766466,0.122726188,4.694607238,12.77777659,1907,19,36.74040789,10.26422883,8.083169352,78.75086853,2.721798852,2.513547759,2.181059479,0.779810758,6.388888295,3.501130793,-0.012281,2.392586504,,7.526348521,-0.21568
40,41,19.74,8/16/2021 11:40,0.0266,4.508233008,0.119918998,4.58722466,12.77777659,1907,19,35.90002242,10.26422883,8.19055193,79.79705115,2.785513581,2.513547759,2.073676901,0.729323312,6.388888295,3.501130793,-0.012281,2.116079322,,7.526348521,-0.21568
50,51,19.78,8/16/2021 11:50,0.0266,4.756822932,0.12653149,4.840170288,12.77777659,1907,19,37.87959708,10.26422883,7.937606302,77.33270987,2.639943603,2.513547759,2.326622529,0.844417658,6.388888295,3.501130793,-0.012281,1.871527608,,7.526348521,-0.21568
0,0,19.9,8/16/2021 10:59,0.0177,16.08740102,0.284746998,14.57098177,14.57098177,1908,19,100,11.2563569,0,0,1,3.314624867,11.2563569,2.420933027,7.285490885,3.501130793,-0.012281,3.501130793,2.048366953,7.526348521,-0.21568
10,9,19.95225688,8/16/2021 11:08,0.0177,6.906171412,0.122239234,6.269698627,14.57098177,1908,19,43.0286629,11.2563569,8.301283143,73.74751189,2.324032244,3.314624867,2.95507376,1.083523612,7.285490885,3.501130793,-0.012281,3.134773742,,7.526348521,-0.21568
20,20,20.12,8/16/2021 11:19,0.0177,5.927062599,0.104909008,5.380824485,14.57098177,1908,19,36.92835919,11.2563569,9.190157285,81.64415331,2.707945931,3.314624867,2.066199618,0.725710987,7.285490885,3.501130793,-0.012281,2.73865247,,7.526348521,-0.21568
30,30,20.04,8/16/2021 11:29,0.0177,5.797229435,0.102610961,5.262956747,14.57098177,1908,19,36.11943814,11.2563569,9.308025023,82.69127486,2.768592347,3.314624867,1.94833188,0.66697356,7.285490885,3.501130793,-0.012281,2.422151028,,7.526348521,-0.21568
40,40,19.95,8/16/2021 11:39,0.0177,6.246285424,0.110559252,5.670627733,14.57098177,1908,19,38.91726599,11.2563569,8.900354037,79.06957923,2.569553576,3.314624867,2.356002866,0.856966482,7.285490885,3.501130793,-0.012281,2.142227124,,7.526348521,-0.21568
50,50,19.9,8/16/2021 11:49,0.0177,6.374927458,0.112836216,5.787414117,14.57098177,1908,19,39.71876575,11.2563569,8.783567653,78.03206429,2.517701598,3.314624867,2.47278925,0.905346765,7.285490885,3.501130793,-0.012281,1.894653553,,7.526348521,-0.21568
0,0,20.2,8/16/2021 11:09,0.0295,15.31404508,0.45176433,15.25836963,15.25836963,1909,19,100,12.58717997,0,0,1,2.67118966,12.58717997,2.532678833,7.629184815,3.501130793,-0.012281,3.501130793,2.20674018,7.526348521,-0.21568
10,10,20.12,8/16/2021 11:19,0.0295,6.578859492,0.194076355,6.890925792,15.25836963,1909,19,45.16161267,12.58717997,8.367443838,66.4759212,2.21426991,2.67118966,4.219736132,1.439772598,7.629184815,3.501130793,-0.012281,3.096511019,0.116204112,7.526348521,-0.21568
20,20,20.04,8/16/2021 11:29,0.0295,5.357629661,0.158050075,5.611767277,15.25836963,1909,19,36.77828899,12.58717997,9.646602353,76.63831276,2.718995439,2.67118966,2.940577617,1.07860603,7.629184815,3.501130793,-0.012281,2.73865247,,7.526348521,-0.21568
30,30,19.95,8/16/2021 11:39,0.0295,4.789049831,0.14127697,5.016217027,15.25836963,1909,19,32.87518358,12.58717997,10.2421526,81.36971607,3.041808109,2.67118966,2.345027367,0.852297072,7.629184815,3.501130793,-0.012281,2.422151028,,7.526348521,-0.21568
40,40,19.9,8/16/2021 11:49,0.0295,4.650407797,0.13718703,4.870998548,15.25836963,1909,19,31.92345359,12.58717997,10.38737108,82.52341753,3.132493159,2.67118966,2.199808888,0.788370488,7.629184815,3.501130793,-0.012281,2.142227124,,7.526348521,-0.21568
50,50,19.86,8/16/2021 11:59,0.0295,4.601735593,0.1357512,4.820017593,15.25836963,1909,19,31.58933562,12.58717997,10.43835204,82.92844038,3.165625298,2.67118966,2.148827933,0.764922546,7.629184815,3.501130793,-0.012281,1.894653553,,7.526348521,-0.21568
0,0,20.19,8/16/2021 11:08,0.0226,11.13010097,0.251540282,10.39445456,10.39445456,1910,19,100,8.554237966,0,0,1,1.840216594,8.554237966,2.146426829,5.19722728,3.501130793,-0.012281,3.501130793,1.620003336,7.526348521,-0.21568
10,9,20.12,8/16/2021 11:19,0.0266,5.041099774,0.134093254,5.129428128,10.39445456,1910,19,49.34773728,8.554237966,5.265026432,61.54874874,2.026435365,1.840216594,3.289211534,1.190647881,5.19722728,3.501130793,-0.012281,3.134773742,-1.867963907,7.526348521,-0.21568
20,19,20.04,8/16/2021 11:29,0.0266,3.855843684,0.102565442,3.923404403,10.39445456,1910,19,37.74516864,8.554237966,6.471050157,75.64730117,2.649345694,1.840216594,2.083187809,0.733899321,5.19722728,3.501130793,-0.012281,2.772493234,,7.526348521,-0.21568
30,29,19.95,8/16/2021 11:39,0.0266,3.921876992,0.104321928,3.990594723,10.39445456,1910,19,38.39157408,8.554237966,6.403859837,74.8618388,2.604738211,1.840216594,2.150378129,0.765643701,5.19722728,3.501130793,-0.012281,2.452080873,,7.526348521,-0.21568
40,39,19.9,8/16/2021 11:49,0.0266,3.47134594,0.092337802,3.532169626,10.39445456,1910,19,33.98128883,8.554237966,6.862284934,80.22087954,2.942795975,1.840216594,1.691953032,0.525883502,5.19722728,3.501130793,-0.012281,2.168698027,,7.526348521,-0.21568
50,49,19.86,8/16/2021 11:59,0.0266,3.36017594,0.08938068,3.419051745,10.39445456,1910,19,32.89303662,8.554237966,6.975402815,81.54324024,3.040157136,1.840216594,1.578835151,0.456687329,5.19722728,3.501130793,-0.012281,1.918065258,,7.526348521,-0.21568
0,0,21.86,8/15/2021 11:07,0.0195,10.26339,0.200136105,9.451300136,9.451300136,2202,22,100,4.715496398,0,0,1,4.735803738,4.715496398,1.550854191,4.725650068,3.501130793,-0.012281,3.501130793,0.194221805,4.355938123,-0.07446
10,7,21.86942678,8/15/2021 11:14,0.0195,9.876507692,0.1925919,9.212762917,9.451300136,2202,22,97.47614386,4.715496398,0.238537219,5.0585813,1.025892039,4.735803738,4.476959179,1.498944061,4.725650068,3.501130793,-0.012281,3.212723436,0.234467784,4.355938123,-0.07446
20,17,22.34,8/15/2021 11:24,0.0195,7.667399231,0.149514285,7.152116264,9.451300136,2202,22,75.67335881,4.715496398,2.299183872,48.75804535,1.321469029,4.735803738,2.416312526,0.882242628,4.725650068,3.501130793,-0.012281,2.841434414,,4.355938123,-0.07446
30,27,22.6,8/15/2021 11:34,0.0195,7.214463846,0.140682045,6.729620131,9.451300136,2202,22,71.20311528,4.715496398,2.721680005,57.71778356,1.404432933,4.735803738,1.993816393,0.690050588,4.725650068,3.501130793,-0.012281,2.513054637,,4.355938123,-0.07446
40,37,22.78,8/15/2021 11:44,0.0195,7.072921538,0.13792197,6.597590089,9.451300136,2202,22,69.80616417,4.715496398,2.853710047,60.51770177,1.432538246,4.735803738,1.861786351,0.621536431,4.725650068,3.501130793,-0.012281,2.222625156,,4.355938123,-0.07446
50,47,22.9,8/15/2021 11:54,0.0195,6.755237692,0.131727135,6.301255995,9.451300136,2202,22,66.67078502,4.715496398,3.150044141,66.80196262,1.499907343,4.735803738,1.565452257,0.448174764,4.725650068,3.501130793,-0.012281,1.96576012,,4.355938123,-0.07446
0,0,22.06,8/15/2021 11:16,0.0217,22.90686502,0.497078971,21.94567548,21.94567548,2203,22,100,18.42930831,0,0,1,3.516367172,18.42930831,2.91394224,10.97283774,3.501130793,-0.012281,3.501130793,2.703250535,4.355938123,-0.07446
10,8,22.34,8/15/2021 11:24,0.0217,11.96890088,0.259725149,11.50375949,21.94567548,2203,22,52.41925453,18.42930831,10.44191599,56.65929408,1.907695958,3.516367172,7.987392318,2.077864338,10.97283774,3.501130793,-0.012281,3.173509267,1.571504045,4.355938123,-0.07446
20,18,22.6,8/15/2021 11:34,0.0217,9.745144793,0.211469642,9.366424123,21.94567548,2203,22,42.68004478,18.42930831,12.57925136,68.2567742,2.343015348,3.516367172,5.850056951,1.766451396,10.97283774,3.501130793,-0.012281,2.80675216,,4.355938123,-0.07446
30,28,22.78,8/15/2021 11:44,0.0217,8.846743548,0.191974335,8.502936995,21.94567548,2203,22,38.74538745,18.42930831,13.44273849,72.94217592,2.580952381,3.516367172,4.986569823,1.606748263,10.97283774,3.501130793,-0.012281,2.482380553,,4.355938123,-0.07446
40,38,22.9,8/15/2021 11:54,0.0217,8.242760415,0.178867901,7.922426155,21.94567548,2203,22,36.10016999,18.42930831,14.02324933,76.09210879,2.770070058,3.516367172,4.406058983,1.482980635,10.97283774,3.501130793,-0.012281,2.195496024,,4.355938123,-0.07446
50,48,23.11,8/15/2021 12:04,0.0217,8.029756959,0.174245726,7.717700545,21.94567548,2203,22,35.16729549,18.42930831,14.22797494,77.20297853,2.843551049,3.516367172,4.201333373,1.435401945,10.97283774,3.501130793,-0.012281,1.941766256,,4.355938123,-0.07446
0,0,22.94,8/15/2021 11:15,0.0323,8.933877183,0.288564233,9.135398108,9.135398108,2204,22,100,6.497127485,0,0,1,2.638270623,6.497127485,1.871360154,4.567699054,3.501130793,-0.012281,3.501130793,1.097276962,4.355938123,-0.07446
10,8,22.98153812,8/15/2021 11:23,0.0323,4.560402446,0.147300999,4.899555412,9.135398108,2204,22,53.63264254,6.497127485,4.235842696,65.19562231,1.864536134,2.638270623,2.261284789,0.815933142,4.567699054,3.501130793,-0.012281,3.173509267,,4.355938123,-0.07446
20,18,22.98153812,8/15/2021 11:33,0.0323,3.554161084,0.114799403,3.818480799,9.135398108,2204,22,41.79873448,6.497127485,5.316917309,81.83489275,2.392416929,2.638270623,1.180210176,0.165692538,4.567699054,3.501130793,-0.012281,2.80675216,,4.355938123,-0.07446
30,28,23.27,8/15/2021 11:44,0.0323,3.592180279,0.116027423,3.859327446,9.135398108,2204,22,42.24585946,6.497127485,5.276070662,81.20620496,2.367095883,2.638270623,1.221056823,0.199716732,4.567699054,3.501130793,-0.012281,2.482380553,,4.355938123,-0.07446
40,38,23.13,8/15/2021 11:54,0.0323,3.228463313,0.104279365,3.468561182,9.135398108,2204,22,37.96836373,6.497127485,5.666836926,87.22065157,2.63377165,2.638270623,0.830290559,-0.185979568,4.567699054,3.501130793,-0.012281,2.195496024,,4.355938123,-0.07446
50,48,23.04,8/15/2021 12:04,0.0323,3.308937276,0.106878674,3.55501992,9.135398108,2204,22,38.91477829,6.497127485,5.580378188,85.88992906,2.569717839,2.638270623,0.916749297,-0.086921239,4.567699054,3.501130793,-0.012281,1.941766256,,4.355938123,-0.07446
0,0,23.21,8/15/2021 11:24,0.0213,13.03755549,0.277699932,12.23850588,12.23850588,2205,22,100,9.758419517,0,0,1,2.480086363,9.758419517,2.278130453,6.11925294,3.501130793,-0.012281,3.501130793,1.83374698,4.355938123,-0.07446
10,9,23.24181024,8/15/2021 11:33,0.0213,7.454316197,0.158776935,7.127396136,12.23850588,2205,22,58.23746956,9.758419517,5.111109744,52.37640926,1.717107573,2.480086363,4.647309773,1.536288509,6.11925294,3.501130793,-0.012281,3.134773742,0.413787733,4.355938123,-0.07446
20,20,23.27,8/15/2021 11:44,0.0213,5.44876169,0.116058624,5.209798188,12.23850588,2205,22,42.56890701,9.758419517,7.028707692,72.02711136,2.349132431,2.480086363,2.729711825,1.004196045,6.11925294,3.501130793,-0.012281,2.73865247,,4.355938123,-0.07446
30,30,23.13,8/15/2021 11:54,0.0213,4.90117662,0.104395062,4.68622827,12.23850588,2205,22,38.29085279,9.758419517,7.55227761,77.39242607,2.611589785,2.480086363,2.206141907,0.791245247,6.11925294,3.501130793,-0.012281,2.422151028,,4.355938123,-0.07446
40,40,23.04,8/15/2021 12:04,0.0213,4.837323944,0.103035,4.625175948,12.23850588,2205,22,37.79199841,9.758419517,7.613329932,78.01806347,2.64606277,2.480086363,2.145089585,0.763181316,6.11925294,3.501130793,-0.012281,2.142227124,,4.355938123,-0.07446
50,50,22.99,8/15/2021 12:14,0.0213,4.918590986,0.104765988,4.702878904,12.23850588,2205,22,38.42690399,9.758419517,7.535626976,77.22179768,2.602343401,2.480086363,2.222792541,0.798764307,6.11925294,3.501130793,-0.012281,1.894653553,,4.355938123,-0.07446
0,0,23.4,8/15/2021 11:35,0.041,10.82714756,0.44391305,12.14773514,12.14773514,2207,22,100,9.491848546,0,0,1,2.655886594,9.491848546,2.250433382,6.07386757,3.501130793,-0.012281,3.501130793,1.79021123,4.355938123,-0.07446
10,9,23.27,8/15/2021 11:44,0.041,7.036109756,0.2884805,8.081442418,12.14773514,2207,22,66.52633042,9.491848546,4.066292722,42.83983991,1.503164226,2.655886594,5.425555824,1.69112035,6.07386757,3.501130793,-0.012281,3.134773742,0.82889328,4.355938123,-0.07446
20,19,23.13,8/15/2021 11:54,0.041,5.779481707,0.23695875,6.638121099,12.14773514,2207,22,54.64492782,9.491848546,5.509614041,58.0457433,1.829996012,2.655886594,3.982234505,1.381843095,6.07386757,3.501130793,-0.012281,2.772493234,,4.355938123,-0.07446
30,29,23.04,8/15/2021 12:04,0.041,5.535710976,0.22696415,6.358134117,12.14773514,2207,22,52.34007857,9.491848546,5.789601023,60.99550572,1.910581771,2.655886594,3.702247523,1.308940074,6.07386757,3.501130793,-0.012281,2.452080873,,4.355938123,-0.07446
40,39,22.99,8/15/2021 12:14,0.041,5.261217073,0.2157099,6.04285952,12.14773514,2207,22,49.74474213,9.491848546,6.10487562,64.31703572,2.010262708,2.655886594,3.386972926,1.21993658,6.07386757,3.501130793,-0.012281,2.168698027,,4.355938123,-0.07446
50,49,22.98,8/15/2021 12:24,0.041,4.602431707,0.1886997,5.286200488,12.14773514,2207,22,43.51593467,9.491848546,6.861534652,72.28870771,2.298008781,2.655886594,2.630313894,0.96710319,6.07386757,3.501130793,-0.012281,1.918065258,,4.355938123,-0.07446
0,0,22.96,8/15/2021 11:33,0.0229,12.79091729,0.292912006,12.41928026,12.41928026,2208,22,100,9.699625137,0,0,1,2.719655123,9.699625137,2.272087239,6.20964013,3.501130793,-0.012281,3.501130793,1.824306415,4.355938123,-0.07446
10,11,22.9981,8/15/2021 11:44,0.0229,8.612275633,0.197221112,8.403276495,12.41928026,2208,22,67.66315212,9.699625137,4.016003765,41.40370074,1.477909274,2.719655123,5.683621372,1.737588595,6.20964013,3.501130793,-0.012281,3.058715327,0.965045103,4.355938123,-0.07446
20,21,23.16,8/15/2021 11:54,0.0229,6.791451747,0.155524245,6.626639608,12.41928026,2208,22,53.3576783,9.699625137,5.792640652,59.7202528,1.874144513,2.719655123,3.906984485,1.362765845,6.20964013,3.501130793,-0.012281,2.705224762,,4.355938123,-0.07446
30,31,23.19,8/15/2021 12:04,0.0229,6.374505284,0.145976171,6.21981143,12.41928026,2208,22,50.08189927,9.699625137,6.19946883,63.91451981,1.996729386,2.719655123,3.500156307,1.252807627,6.20964013,3.501130793,-0.012281,2.392586504,,4.355938123,-0.07446
40,41,23.22,8/15/2021 12:14,0.0229,6.292769083,0.144104412,6.140058769,12.41928026,2208,22,49.43973113,9.699625137,6.279221491,64.73674397,2.022664722,2.719655123,3.420403646,1.229758569,6.20964013,3.501130793,-0.012281,2.116079322,,4.355938123,-0.07446
50,51,23.24,8/15/2021 12:24,0.0229,6.225727031,0.142569149,6.074643665,12.41928026,2208,22,48.91300895,9.699625137,6.344636595,65.41115255,2.044445888,2.719655123,3.354988542,1.210448355,6.20964013,3.501130793,-0.012281,1.871527608,,4.355938123,-0.07446
0,0,23.09,8/15/2021 11:45,0.0236,10.89382034,0.25709416,10.93692393,10.93692393,2209,22,100,8.107992698,0,0,1,2.828931232,8.107992698,2.092850328,5.468461965,3.501130793,-0.012281,3.501130793,1.52754691,4.355938123,-0.07446
10,9,23.16,8/15/2021 11:54,0.0236,8.144201441,0.192203154,8.013839966,10.93692393,2209,22,73.27325322,8.107992698,2.923083964,36.05188205,1.364754472,2.828931232,5.184908734,1.64575224,5.468461965,3.501130793,-0.012281,3.134773742,0.717905641,4.355938123,-0.07446
20,19,23.19,8/15/2021 12:04,0.0236,6.760491356,0.159547596,6.65227846,10.93692393,2209,22,60.82403519,8.107992698,4.28464547,52.84471298,1.644086909,2.828931232,3.823347228,1.341126277,5.468461965,3.501130793,-0.012281,2.772493234,,4.355938123,-0.07446
30,29,23.22,8/15/2021 12:14,0.0236,6.126406441,0.144583192,6.028343128,10.93692393,2209,22,55.11918311,8.107992698,4.908580802,60.54002495,1.8142504,2.828931232,3.199411896,1.16296701,5.468461965,3.501130793,-0.012281,2.452080873,,4.355938123,-0.07446
40,39,23.24,8/15/2021 12:24,0.0236,6.082963305,0.143557934,5.985595372,10.93692393,2209,22,54.7283259,8.107992698,4.951328558,61.06725477,1.827207362,2.828931232,3.15666414,1.149515818,5.468461965,3.501130793,-0.012281,2.168698027,,4.355938123,-0.07446
50,49,23.21,8/15/2021 12:34,0.0236,5.78995322,0.136642896,5.6972754,10.93692393,2209,22,52.09211874,8.107992698,5.23964853,64.62325171,1.919676189,2.828931232,2.868344168,1.053734918,5.468461965,3.501130793,-0.012281,1.918065258,,4.355938123,-0.07446
0,0,23.07,8/15/2021 11:44,0.0151,11.26178126,0.170052897,10.01452573,10.01452573,2210,22,100,6.094658743,0,0,1,3.919866987,6.094658743,1.807412772,5.007262865,3.501130793,-0.012281,3.501130793,0.953019092,4.355938123,-0.07446
10,10,23.16,8/15/2021 11:54,0.0151,5.68937457,0.085909556,4.940317606,10.01452573,2210,22,49.33151843,6.094658743,5.074208124,83.25664058,2.027101601,3.919866987,1.020450619,0.020244313,5.007262865,3.501130793,-0.012281,3.096511019,,4.355938123,-0.07446
20,20,23.19,8/15/2021 12:04,0.0151,4.965622185,0.074980895,4.311853686,10.01452573,2210,22,43.05599488,6.094658743,5.702672044,93.56835689,2.322556946,3.919866987,0.391986699,-0.936527371,5.007262865,3.501130793,-0.012281,2.73865247,,4.355938123,-0.07446
30,30,23.22,8/15/2021 12:14,0.0151,5.035185298,0.076031298,4.372258194,10.01452573,2210,22,43.65916382,6.094658743,5.642267536,92.57725123,2.290469887,3.919866987,0.452391207,-0.793207971,5.007262865,3.501130793,-0.012281,2.422151028,,4.355938123,-0.07446
40,40,23.24,8/15/2021 12:24,0.0151,4.703650464,0.071025122,4.084372881,10.01452573,2210,22,40.78448637,6.094658743,5.930152849,97.30081862,2.451912698,3.919866987,0.164505894,-1.80480888,5.007262865,3.501130793,-0.012281,2.142227124,,4.355938123,-0.07446
50,50,23.21,8/15/2021 12:34,0.0151,4.554163775,0.068767873,3.954567449,10.01452573,2210,22,39.48831483,6.094658743,6.059958281,99.43064143,2.532394721,3.919866987,0.034700462,-3.361002278,5.007262865,3.501130793,-0.012281,1.894653553,,4.355938123,-0.07446
