mmr_temp,fish_id,temp,bw,mean_rmr_unscaled,mean_rmr_bw,mean_rmr_72,n_rmr,treatment,population
19,A105,14,0.055,0.096661067,1.757473945,2.19163005,7,ambient,John Day
19,A105,15,0.055,0.070540495,1.282554455,1.599389218,6,ambient,John Day
19,A105,16,0.055,0.090060248,1.637459055,2.041967382,11,ambient,John Day
19,A105,17,0.055,0.08816973,1.603086,1.999103005,4,ambient,John Day
19,A105,18,0.055,0.093544308,1.7008056,2.120962684,5,ambient,John Day
19,A105,19,0.055,0.100877316,1.834133018,2.28722653,5,ambient,John Day
19,A105,20,0.055,0.11409369,2.074430727,2.586885982,4,ambient,John Day
19,A105,21,0.055,0.125167905,2.275780091,2.837975516,4,ambient,John Day
19,A105,22,0.055,0.137408093,2.498328964,3.115501552,4,ambient,John Day
19,A105,23,0.055,0.164301173,2.987294055,3.725257724,4,ambient,John Day
19,A105,24,0.055,0.229282688,4.168776145,5.198606252,4,ambient,John Day
19,A105,25,0.055,0.185248298,3.368150873,4.200199186,4,ambient,John Day
19,A105,26,0.055,0.221730618,4.031465782,5.027375549,5,ambient,John Day
19,A105,27,0.055,0.254869475,4.633990455,5.778744387,20,ambient,John Day
19,A106,14,0.0591,0.066421905,1.123890102,1.430029967,5,ambient,John Day
19,A106,15,0.0591,0.077580069,1.312691523,1.670259578,8,ambient,John Day
19,A106,16,0.0591,0.093641581,1.584459915,2.016055807,10,ambient,John Day
19,A106,17,0.0591,0.117761569,1.99258154,2.535346915,6,ambient,John Day
19,A106,18,0.0591,0.089224371,1.509718629,1.920955509,5,ambient,John Day
19,A106,19,0.0591,0.102975445,1.742393316,2.217009171,5,ambient,John Day
19,A106,20,0.0591,0.11064518,1.872168866,2.382134665,4,ambient,John Day
19,A106,21,0.0591,0.15372219,2.601052284,3.309560879,4,ambient,John Day
19,A106,22,0.0591,0.14769407,2.499053638,3.179778499,4,ambient,John Day
19,A106,23,0.0591,0.184942532,3.129315262,3.981719033,4,ambient,John Day
19,A106,24,0.0591,0.181007367,3.062730406,3.896996918,4,ambient,John Day
19,A106,25,0.0591,0.200534793,3.393143706,4.317412508,4,ambient,John Day
19,A106,26,0.0591,0.214897208,3.636162572,4.626628027,6,ambient,John Day
19,A106,27,0.0591,0.270746533,4.581159611,5.82903571,20,ambient,John Day
19,A109,14,0.0533,0.087276054,1.637449418,2.024082955,12,ambient,John Day
19,A109,15,0.0533,0.071042039,1.332871276,1.647588013,16,ambient,John Day
19,A109,16,0.0533,0.078346962,1.46992424,1.817001835,11,ambient,John Day
19,A109,17,0.0533,0.078036207,1.46409394,1.809794885,6,ambient,John Day
19,A109,18,0.0533,0.082228926,1.542756585,1.907031312,5,ambient,John Day
19,A109,19,0.0533,0.088831602,1.666634184,2.060158808,5,ambient,John Day
19,A109,20,0.0533,0.096201632,1.804908668,2.231082581,4,ambient,John Day
19,A109,21,0.0533,0.116282922,2.18166833,2.696802508,4,ambient,John Day
19,A109,22,0.0533,0.129500374,2.429650544,3.003338124,5,ambient,John Day
19,A109,23,0.0533,0.135184443,2.53629349,3.135161535,4,ambient,John Day
19,A109,24,0.0533,0.151096206,2.834825629,3.504182898,4,ambient,John Day
19,A109,26,0.0533,0.172565658,3.237629606,4.002096704,6,ambient,John Day
19,A109,27,0.0533,0.195901177,3.675444221,4.54328783,19,ambient,John Day
19,A201,14,0.0449,0.073281535,1.632105457,1.922887996,4,ambient,John Day
19,A201,15,0.0449,0.073541049,1.637885278,1.929697586,15,ambient,John Day
19,A201,16,0.0449,0.080834522,1.80032343,2.121076369,15,ambient,John Day
19,A201,17,0.0449,0.093125762,2.074070423,2.443595252,12,ambient,John Day
19,A201,18,0.0449,0.095736616,2.132218619,2.512103357,7,ambient,John Day
19,A201,19,0.0449,0.100400626,2.23609412,2.634485733,5,ambient,John Day
19,A201,20,0.0449,0.122137583,2.72021343,3.204857718,3,ambient,John Day
19,A201,21,0.0449,0.117213914,2.610554878,3.075661947,5,ambient,John Day
19,A201,22,0.0449,0.127870924,2.847904766,3.355299056,4,ambient,John Day
19,A201,23,0.0449,0.138554325,3.085842428,3.635628665,4,ambient,John Day
19,A201,24,0.0449,0.147557819,3.286365679,3.871877942,4,ambient,John Day
19,A201,25,0.0449,0.163565157,3.642876548,4.29190625,5,ambient,John Day
19,A202,14,0.0298,0.040567034,1.361309866,1.429928552,4,ambient,John Day
19,A202,15,0.0298,0.045439669,1.524821107,1.601681822,14,ambient,John Day
19,A202,16,0.0298,0.059063675,1.982002517,2.081908094,15,ambient,John Day
19,A202,17,0.0298,0.089799759,3.013414732,3.165310064,12,ambient,John Day
19,A202,18,0.0298,0.089408176,3.000274362,3.151507319,8,ambient,John Day
19,A202,19,0.0298,0.056249698,1.887573758,1.982719535,5,ambient,John Day
19,A202,21,0.0298,0.116339966,3.904025705,4.100813528,5,ambient,John Day
19,A202,22,0.0298,0.117420805,3.94029547,4.138911494,3,ambient,John Day
19,A202,23,0.0298,0.258404426,8.671289463,9.108377787,4,ambient,John Day
19,A202,24,0.0298,0.186042847,6.243048557,6.557738026,4,ambient,John Day
19,A202,25,0.0298,0.235038249,7.887189564,8.284754238,3,ambient,John Day
19,A203,14,0.0332,0.044757748,1.34812494,1.459572271,5,ambient,John Day
19,A203,15,0.0332,0.04766582,1.43571747,1.554405926,14,ambient,John Day
19,A203,16,0.0332,0.053246263,1.603803102,1.736386936,15,ambient,John Day
19,A203,17,0.0332,0.062199855,1.873489608,2.028368007,12,ambient,John Day
19,A203,18,0.0332,0.06388091,1.924123795,2.083188014,8,ambient,John Day
19,A203,19,0.0332,0.06397641,1.927000301,2.086302345,5,ambient,John Day
19,A203,20,0.0332,0.071972951,2.16785997,2.347073484,4,ambient,John Day
19,A203,21,0.0332,0.075375234,2.270338373,2.458023627,5,ambient,John Day
19,A203,22,0.0332,0.081809033,2.4641275,2.667832977,4,ambient,John Day
19,A203,23,0.0332,0.089719776,2.702402892,2.925806214,4,ambient,John Day
19,A203,24,0.0332,0.100796859,3.03604997,3.287035362,4,ambient,John Day
19,A203,25,0.0332,0.117379288,3.535520723,3.827796563,5,ambient,John Day
19,A204,15,0.0364,0.046859514,1.287349286,1.430149957,18,ambient,John Day
19,A204,16,0.0364,0.050417204,1.385088022,1.538730487,14,ambient,John Day
19,A204,17,0.0364,0.054042657,1.484688379,1.649379124,9,ambient,John Day
19,A204,18,0.0364,0.078139663,2.146694038,2.384818517,10,ambient,John Day
19,A204,19,0.0364,0.082561892,2.268183846,2.51978472,6,ambient,John Day
19,A204,20,0.0364,0.080629592,2.215098681,2.460811035,5,ambient,John Day
19,A204,21,0.0364,0.079012875,2.170683379,2.411468888,4,ambient,John Day
19,A204,22,0.0364,0.094703106,2.601733681,2.890333963,5,ambient,John Day
19,A204,23,0.0364,0.098902692,2.717106923,3.0185051,4,ambient,John Day
19,A204,24,0.0364,0.178662137,4.908300467,5.452759276,5,ambient,John Day
19,A204,25,0.0364,0.255369937,7.01565761,7.79387742,5,ambient,John Day
19,A204,26,0.0364,0.305174653,8.383919038,9.313914798,4,ambient,John Day
19,A205,15,0.0274,0.046041169,1.680334635,1.724021719,17,ambient,John Day
19,A205,16,0.0274,0.050509406,1.843408978,1.89133584,14,ambient,John Day
19,A205,17,0.0274,0.054497331,1.988953686,2.040664579,11,ambient,John Day
19,A205,18,0.0274,0.068270249,2.491614927,2.55639452,10,ambient,John Day
19,A205,19,0.0274,0.069424934,2.533756715,2.599631962,6,ambient,John Day
19,A205,20,0.0274,0.076977644,2.809403066,2.882444838,5,ambient,John Day
19,A205,21,0.0274,0.084197508,3.072901752,3.152794253,4,ambient,John Day
19,A205,22,0.0274,0.095962148,3.502268175,3.593323777,5,ambient,John Day
19,A205,23,0.0274,0.106089271,3.871871204,3.972536145,4,ambient,John Day
19,A205,24,0.0274,0.118513437,4.32530792,4.437761788,5,ambient,John Day
19,A205,25,0.0274,0.130210275,4.752199818,4.875752459,4,ambient,John Day
19,A205,26,0.0274,0.174445813,6.366635511,6.532161933,4,ambient,John Day
19,A206,15,0.0213,0.122257605,5.739793662,5.488066501,17,ambient,John Day
19,A206,16,0.0213,0.088708897,4.164736948,3.982086237,14,ambient,John Day
19,A206,17,0.0213,0.0989983,4.647807512,4.443971032,12,ambient,John Day
19,A206,18,0.0213,0.10007323,4.698273709,4.492223985,10,ambient,John Day
19,A206,19,0.0213,0.084810722,3.981724038,3.807099626,6,ambient,John Day
19,A206,20,0.0213,0.072727161,3.414420704,3.264676234,5,ambient,John Day
19,A206,21,0.0213,0.077551006,3.6408923,3.481215584,4,ambient,John Day
19,A206,22,0.0213,0.086710153,4.070899202,3.892363915,5,ambient,John Day
19,A206,23,0.0213,0.092381763,4.337171972,4.146958903,4,ambient,John Day
19,A206,24,0.0213,0.107680537,5.055424272,4.833711146,5,ambient,John Day
19,A206,25,0.0213,0.177312226,8.324517653,7.959433619,5,ambient,John Day
19,A206,26,0.0213,0.169080899,7.938070376,7.589934559,4,ambient,John Day
19,A207,15,0.0326,0.045702344,1.401912393,1.510075273,18,ambient,John Day
19,A207,16,0.0326,0.048527927,1.488586718,1.603436868,14,ambient,John Day
19,A207,17,0.0326,0.06001249,1.840873926,1.982904367,10,ambient,John Day
19,A207,18,0.0326,0.109239671,3.350910153,3.609445661,8,ambient,John Day
19,A207,19,0.0326,0.086802891,2.662665368,2.86810017,6,ambient,John Day
19,A207,20,0.0326,0.083802681,2.570634387,2.768968653,5,ambient,John Day
19,A207,21,0.0326,0.103789221,3.183718436,3.429354455,4,ambient,John Day
19,A207,22,0.0326,0.119274408,3.658724172,3.941008728,5,ambient,John Day
19,A207,23,0.0326,0.13019397,3.993680061,4.301807714,4,ambient,John Day
19,A207,24,0.0326,0.197462322,6.057126442,6.524456893,5,ambient,John Day
19,A207,25,0.0326,0.105448977,3.234631196,3.484195353,5,ambient,John Day
19,A207,26,0.0326,0.116068932,3.560396687,3.835094889,4,ambient,John Day
19,A208,14,0.037,0.062374058,1.685785351,1.881375821,6,ambient,John Day
19,A208,15,0.037,0.067804298,1.832548595,2.045167011,18,ambient,John Day
19,A208,16,0.037,0.073573187,1.988464514,2.219172833,15,ambient,John Day
19,A208,17,0.037,0.080980085,2.188650946,2.442585556,12,ambient,John Day
19,A208,18,0.037,0.100428675,2.714288514,3.029209353,10,ambient,John Day
19,A208,19,0.037,0.091460598,2.471908054,2.758707102,5,ambient,John Day
19,A208,20,0.037,0.113479703,3.067019,3.422864797,4,ambient,John Day
19,A208,21,0.037,0.11368338,3.072523784,3.429008279,5,ambient,John Day
19,A208,22,0.037,0.132594053,3.583623054,3.999406982,4,ambient,John Day
19,A208,23,0.037,0.15744793,4.255349459,4.749069349,5,ambient,John Day
19,A208,24,0.037,0.217752138,5.885192919,6.568012688,4,ambient,John Day
19,A208,25,0.037,0.290074362,7.839847622,8.749452988,5,ambient,John Day
19,A210,14,0.0562,0.072468607,1.289476993,1.617769199,5,ambient,John Day
19,A210,15,0.0562,0.079303444,1.41109331,1.77034822,17,ambient,John Day
19,A210,16,0.0562,0.079802247,1.419968808,1.781483356,13,ambient,John Day
19,A210,17,0.0562,0.082168532,1.462073523,1.834307659,11,ambient,John Day
19,A210,18,0.0562,0.1208459,2.150282918,2.697730565,9,ambient,John Day
19,A210,19,0.0562,0.105031753,1.868892402,2.344699893,5,ambient,John Day
19,A210,20,0.0562,0.123410699,2.195919911,2.754986409,4,ambient,John Day
19,A210,21,0.0562,0.126994256,2.25968427,2.83498475,5,ambient,John Day
19,A210,22,0.0562,0.134773565,2.398106139,3.008647908,4,ambient,John Day
19,A210,23,0.0562,0.282934872,5.034428327,6.316160087,5,ambient,John Day
19,A210,24,0.0562,0.274440664,4.883285836,6.126537721,4,ambient,John Day
19,A210,25,0.0562,0.21497315,3.825145018,4.799001333,4,intermediate,John Day
22,2201,21,0.052,0.179250973,3.447134096,4.231710139,43,intermediate,John Day
22,2201,22,0.052,0.193711498,3.725221115,4.573090434,35,intermediate,John Day
22,2201,23,0.052,0.197697143,3.801868135,4.667182491,19,intermediate,John Day
22,2202,21,0.0575,0.135980505,2.364878348,2.986019222,43,intermediate,John Day
22,2202,22,0.0575,0.142567136,2.479428452,3.130656189,34,intermediate,John Day
22,2202,23,0.0575,0.167470938,2.912538052,3.677523048,19,intermediate,John Day
22,2203,21,0.0549,0.171308917,3.120381002,3.889239426,42,intermediate,John Day
22,2203,22,0.0549,0.136317251,2.483010036,3.094820947,34,intermediate,John Day
22,2203,23,0.0549,0.170437117,3.10450122,3.869446887,18,intermediate,John Day
22,2204,20,0.0446,0.252013149,5.650519036,6.644753906,22,intermediate,John Day
22,2204,21,0.0446,0.156484851,3.508628946,4.125988383,17,intermediate,John Day
22,2204,22,0.0446,0.179936141,4.034442623,4.744321387,28,intermediate,John Day
22,2204,23,0.0446,0.270589441,6.067027825,7.134549319,20,intermediate,John Day
22,2204,24,0.0446,0.167317194,3.751506592,4.411601451,10,intermediate,John Day
22,2205,20,0.045,0.147477029,3.277267311,3.863564498,23,intermediate,John Day
22,2205,21,0.045,0.119299451,2.651098911,3.125375718,16,intermediate,John Day
22,2205,22,0.045,0.140321095,3.118246556,3.676095235,26,intermediate,John Day
22,2205,23,0.045,0.15928079,3.539573111,4.172796339,21,intermediate,John Day
22,2205,24,0.045,0.133828863,2.973974733,3.506013434,10,intermediate,John Day
22,2206,20,0.0314,0.163555624,5.208777834,5.552044444,22,intermediate,John Day
22,2206,21,0.0314,0.132592375,4.222687102,4.500968788,17,intermediate,John Day
22,2206,22,0.0314,0.137880607,4.391102134,4.680482611,28,intermediate,John Day
22,2206,23,0.0314,0.207123531,6.596290796,7.030996658,21,intermediate,John Day
22,2206,24,0.0314,0.1756636,5.594382166,5.963060694,10,intermediate,John Day
22,2207,20,0.0296,0.110270683,3.725360912,3.905771471,21,intermediate,John Day
22,2207,21,0.0296,0.104158713,3.518875439,3.689286389,16,intermediate,John Day
22,2207,22,0.0296,0.110537154,3.734363311,3.915209846,26,intermediate,John Day
22,2207,23,0.0296,0.128614659,4.345089831,4.555512426,17,intermediate,John Day
22,2207,24,0.0296,0.139059104,4.697942703,4.925453131,8,intermediate,John Day
22,2208,21,0.0309,0.165728124,5.363369709,5.691187663,22,intermediate,John Day
22,2208,22,0.0309,0.159356592,5.157171262,5.472386047,51,intermediate,John Day
22,2208,23,0.0309,0.190751313,6.17318165,6.550496631,25,intermediate,John Day
22,2209,21,0.0262,0.148105014,5.65286313,5.727559755,22,intermediate,John Day
22,2209,22,0.0262,0.124290084,4.743896336,4.806581917,49,intermediate,John Day
22,2209,23,0.0262,0.122750846,4.685146794,4.74705609,24,intermediate,John Day
27,2601,24,0.0348,0.340769898,9.792238448,10.74239125,13,hot,John Day
27,2601,25,0.0348,0.361007014,10.37376477,11.3803438,48,hot,John Day
27,2601,26,0.0348,0.379413444,10.90268517,11.96058597,24,hot,John Day
27,2601,27,0.0348,0.40742522,11.70762126,12.84362599,15,hot,John Day
27,2602,24,0.0789,0.175988277,2.230523156,3.077266398,13,hot,John Day
27,2602,25,0.0789,0.144431327,1.830561812,2.525473153,48,hot,John Day
27,2602,26,0.0789,0.159498649,2.021529138,2.788934824,24,hot,John Day
27,2602,27,0.0789,0.161693012,2.04934109,2.827304643,15,hot,John Day
27,2603,24,0.0386,0.15492703,4.013653627,4.532743407,13,hot,John Day
27,2603,25,0.0386,0.131269258,3.400757979,3.840581336,48,hot,John Day
27,2603,26,0.0386,0.176355646,4.568799119,5.159686403,24,hot,John Day
27,2603,27,0.0386,0.166408041,4.311089145,4.86864653,15,hot,John Day
27,2605,24,0.0594,0.194020983,3.266346515,4.16197299,23,hot,John Day
27,2605,25,0.0594,0.208696924,3.513416229,4.476788799,44,hot,John Day
27,2605,26,0.0594,0.223560867,3.76365096,4.795637452,21,hot,John Day
27,2605,27,0.0594,0.216188972,3.639544983,4.637501826,12,hot,John Day
27,2606,24,0.0367,0.251517086,6.853326594,7.631057466,23,hot,John Day
27,2606,25,0.0367,0.24342679,6.632882561,7.385596966,44,hot,John Day
27,2606,26,0.0367,0.274892889,7.490269455,8.340282033,21,hot,John Day
27,2606,27,0.0367,0.317555649,8.65274248,9.634675096,12,hot,John Day
27,2607,24,0.0398,0.199232886,5.005851407,5.701931706,23,hot,John Day
27,2607,25,0.0398,0.180295203,4.530030226,5.159946017,44,hot,John Day
27,2607,26,0.0398,0.200554227,5.03905093,5.739747742,21,hot,John Day
27,2607,27,0.0398,0.231474664,5.815946332,6.624673037,12,hot,John Day
27,2608,24,0.0412,0.266159058,6.460171311,7.430055411,17,hot,John Day
27,2608,25,0.0412,0.22815171,5.537662864,6.369048107,45,hot,John Day
27,2608,26,0.0412,0.279635828,6.787277379,7.806270849,26,hot,John Day
27,2608,27,0.0412,0.298258437,7.239282451,8.326136762,12,hot,John Day
27,2609,24,0.0278,0.174562394,6.279222806,6.468673532,17,hot,John Day
27,2609,25,0.0278,0.122994748,4.424271511,4.557756429,44,hot,John Day
27,2609,26,0.0278,0.163676514,5.887644388,6.065280809,26,hot,John Day
27,2609,27,0.0278,0.159719066,5.745290144,5.918631552,12,hot,John Day
27,2610,24,0.0243,0.096228267,3.960010988,3.928646423,14,hot,John Day
27,2610,25,0.0243,0.061017998,2.511028724,2.491140564,43,hot,John Day
27,2610,26,0.0243,0.081448693,3.351798066,3.325250756,24,hot,John Day
27,2610,27,0.0243,0.084171256,3.463837695,3.436403006,11,hot,John Day
19,A01,19,0.006,0.0220272,3.6712,2.46188177,3,ambient,Lower Deschutes
19,A01,20,0.006,0.0272909,4.548483333,3.050182011,16,ambient,Lower Deschutes
19,A01,21,0.006,0.022625778,3.770962963,2.528782135,9,ambient,Lower Deschutes
19,A01,22,0.006,0.019729745,3.288290909,2.205105536,11,ambient,Lower Deschutes
19,A01,23,0.006,0.02248064,3.746773333,2.512560733,15,ambient,Lower Deschutes
19,A01,24,0.006,0.033273067,5.545511111,3.718782062,45,ambient,Lower Deschutes
19,A02,19,0.0073,0.031517311,4.317439863,3.058676141,3,ambient,Lower Deschutes
19,A02,20,0.0073,0.038219263,5.235515471,3.709083801,16,ambient,Lower Deschutes
19,A02,21,0.0073,0.026115229,3.577428643,2.534417614,11,ambient,Lower Deschutes
19,A02,22,0.0073,0.025697689,3.520231382,2.493896402,11,ambient,Lower Deschutes
19,A02,23,0.0073,0.029187438,3.998279151,2.832567779,15,ambient,Lower Deschutes
19,A02,24,0.0073,0.042188863,5.779296365,4.094323596,47,ambient,Lower Deschutes
19,A03,19,0.0092,0.033394655,3.629853841,2.743636219,3,ambient,Lower Deschutes
19,A03,20,0.0092,0.045103063,4.902506821,3.705574898,16,ambient,Lower Deschutes
19,A03,21,0.0092,0.026180901,2.845750059,2.150968958,11,ambient,Lower Deschutes
19,A03,22,0.0092,0.024772309,2.692642253,2.03524195,11,ambient,Lower Deschutes
19,A03,23,0.0092,0.02977719,3.236651072,2.446432694,15,ambient,Lower Deschutes
19,A03,24,0.0092,0.038901755,4.228451602,3.196088183,46,ambient,Lower Deschutes
19,A05,19,0.029,0.093264405,3.216013966,3.352479748,4,ambient,Lower Deschutes
19,A05,20,0.029,0.106526834,3.673339095,3.829210648,16,ambient,Lower Deschutes
19,A05,21,0.029,0.09058377,3.123578276,3.256121716,10,ambient,Lower Deschutes
19,A05,22,0.029,0.098074742,3.381887644,3.525391978,12,ambient,Lower Deschutes
19,A05,23,0.029,0.128461814,4.429717724,4.617684848,20,ambient,Lower Deschutes
19,A05,24,0.029,0.135972806,4.688717455,4.887674767,42,ambient,Lower Deschutes
19,A06,19,0.0153,0.047758133,3.121446569,2.720484798,4,ambient,Lower Deschutes
19,A06,20,0.0153,0.053906234,3.523283281,3.070704046,15,ambient,Lower Deschutes
19,A06,21,0.0153,0.047067437,3.076303084,2.681140167,11,ambient,Lower Deschutes
19,A06,22,0.0153,0.04808978,3.143122852,2.73937668,11,ambient,Lower Deschutes
19,A06,23,0.0153,0.052253321,3.415249755,2.97654784,20,ambient,Lower Deschutes
19,A06,24,0.0153,0.056937114,3.72138,3.243354482,41,ambient,Lower Deschutes
19,A07,19,0.0122,0.040921813,3.354246967,2.743800848,4,ambient,Lower Deschutes
19,A07,20,0.0122,0.060169489,4.931925287,4.034354332,16,ambient,Lower Deschutes
19,A07,21,0.0122,0.038336774,3.142358539,2.570474419,11,ambient,Lower Deschutes
19,A07,22,0.0122,0.041396597,3.393163666,2.775635019,11,ambient,Lower Deschutes
19,A07,23,0.0122,0.048687094,3.990745436,3.264461686,19,ambient,Lower Deschutes
19,A07,24,0.0122,0.048794053,3.999512553,3.271633258,42,ambient,Lower Deschutes
19,A08,19,0.0372,0.092218151,2.478982554,2.770781575,4,ambient,Lower Deschutes
19,A08,20,0.0372,0.099579325,2.676863588,2.991955025,15,ambient,Lower Deschutes
19,A08,21,0.0372,0.087386162,2.349090376,2.625599895,11,ambient,Lower Deschutes
19,A08,22,0.0372,0.093950057,2.525539159,2.822818321,11,ambient,Lower Deschutes
19,A08,23,0.0372,0.118585833,3.187791204,3.563023516,20,ambient,Lower Deschutes
19,A08,24,0.0372,0.144896162,3.895058116,4.353542241,42,ambient,Lower Deschutes
19,A09,19,0.0442,0.091821415,2.077407589,2.436782387,11,ambient,Lower Deschutes
19,A09,20,0.0442,0.105821386,2.394149015,2.80831753,13,ambient,Lower Deschutes
19,A09,21,0.0442,0.106613168,2.412062614,2.829330038,9,ambient,Lower Deschutes
19,A09,22,0.0442,0.117386013,2.655792159,3.115222833,14,ambient,Lower Deschutes
19,A09,23,0.0442,0.136202372,3.081501627,3.614576613,39,ambient,Lower Deschutes
19,A09,24,0.0442,0.158229509,3.579853155,4.199138946,18,ambient,Lower Deschutes
19,A10,19,0.0239,0.077445032,3.240377908,3.199807651,10,ambient,Lower Deschutes
19,A10,20,0.0239,0.103676567,4.337931693,4.283619816,13,ambient,Lower Deschutes
19,A10,21,0.0239,0.087261892,3.651125172,3.605412266,10,ambient,Lower Deschutes
19,A10,22,0.0239,0.09312482,3.896435992,3.847651741,14,ambient,Lower Deschutes
19,A10,23,0.0239,0.115691217,4.840636704,4.780030848,39,ambient,Lower Deschutes
19,A10,24,0.0239,0.129605986,5.422844591,5.354949362,18,ambient,Lower Deschutes
19,A11,20,0.0072,0.037235006,5.171528657,3.649629952,6,ambient,Lower Deschutes
19,A11,22,0.0072,0.02352622,3.267530491,2.305948191,13,ambient,Lower Deschutes
19,A11,23,0.0072,0.030284271,4.206148745,2.968346008,27,ambient,Lower Deschutes
19,A11,24,0.0072,0.040693958,5.651938611,3.988662891,6,ambient,Lower Deschutes
22,I01,21,0.0484,0.139799736,2.888424298,3.47531751,13,intermediate,Lower Deschutes
22,I01,22,0.0484,0.144139824,2.978095537,3.583208871,12,intermediate,Lower Deschutes
22,I01,23,0.0484,0.171639537,3.546271416,4.266831281,31,intermediate,Lower Deschutes
22,I01,24,0.0484,0.17592363,3.634785754,4.373330672,37,intermediate,Lower Deschutes
22,I02,21,0.0167,0.056230805,3.367114044,3.007427978,13,intermediate,Lower Deschutes
22,I02,22,0.0167,0.066055302,3.955407285,3.532877824,12,intermediate,Lower Deschutes
22,I02,23,0.0167,0.072061365,4.315051808,3.854103949,31,intermediate,Lower Deschutes
22,I02,24,0.0167,0.083488681,4.999322229,4.46527838,37,intermediate,Lower Deschutes
22,I03,21,0.0264,0.115975238,4.393001445,4.460537997,13,intermediate,Lower Deschutes
22,I03,22,0.0264,0.107702097,4.079624874,4.142343678,12,intermediate,Lower Deschutes
22,I03,23,0.0264,0.113351846,4.293630545,4.359639401,31,intermediate,Lower Deschutes
22,I03,24,0.0264,0.13074041,4.952288241,5.028423083,37,intermediate,Lower Deschutes
22,I04,21,0.0192,0.104211588,5.427686875,5.040991054,11,intermediate,Lower Deschutes
22,I04,22,0.0192,0.115812006,6.031875304,5.602134048,12,intermediate,Lower Deschutes
22,I04,23,0.0192,0.120148714,6.257745542,5.81191215,30,intermediate,Lower Deschutes
22,I04,24,0.0192,0.122064638,6.357533212,5.904590443,37,intermediate,Lower Deschutes
22,I05,21,0.0244,0.094527031,3.874058656,3.847796904,15,intermediate,Lower Deschutes
22,I05,22,0.0244,0.089187644,3.655231311,3.630452963,3,intermediate,Lower Deschutes
22,I05,23,0.0244,0.096165566,3.941211721,3.914494748,21,intermediate,Lower Deschutes
22,I05,24,0.0244,0.108529809,4.447942984,4.417790943,15,intermediate,Lower Deschutes
22,I06,21,0.0125,0.071688461,5.735076892,4.723357812,13,intermediate,Lower Deschutes
22,I06,22,0.0125,0.078649478,6.2919582,5.182000255,4,intermediate,Lower Deschutes
22,I06,23,0.0125,0.077009553,6.160764229,5.073950078,21,intermediate,Lower Deschutes
22,I06,24,0.0125,0.085014965,6.801197175,5.6014049,16,intermediate,Lower Deschutes
22,I07,21,0.0085,0.04164505,4.899417605,3.622084311,14,intermediate,Lower Deschutes
22,I07,22,0.0085,0.042621979,5.014350441,3.707052864,4,intermediate,Lower Deschutes
22,I07,23,0.0085,0.049311944,5.801405126,4.288913537,21,intermediate,Lower Deschutes
22,I07,24,0.0085,0.055092728,6.481497463,4.79169815,16,intermediate,Lower Deschutes
22,I08,21,0.0082,0.047509123,5.79379547,4.240409864,14,intermediate,Lower Deschutes
22,I08,22,0.0082,0.054236052,6.614152683,4.840819533,4,intermediate,Lower Deschutes
22,I08,23,0.0082,0.052047379,6.347241335,4.645470298,19,intermediate,Lower Deschutes
22,I08,24,0.0082,0.065025,7.929878049,5.803783249,16,intermediate,Lower Deschutes
22,I09,21,0.0064,0.031867379,4.979277917,3.399958039,15,intermediate,Lower Deschutes
22,I09,22,0.0064,0.033249515,5.195236779,3.547419395,13,intermediate,Lower Deschutes
22,I09,23,0.0064,0.034760765,5.431369542,3.708655923,45,intermediate,Lower Deschutes
22,I09,24,0.0064,0.038395141,5.999240729,4.096410582,6,intermediate,Lower Deschutes
22,I10,21,0.0091,0.033252698,3.654142689,2.753555848,15,intermediate,Lower Deschutes
22,I10,22,0.0091,0.037249091,4.093306653,3.084485044,13,intermediate,Lower Deschutes
22,I10,23,0.0091,0.042093567,4.625666725,3.485641571,50,intermediate,Lower Deschutes
22,I10,24,0.0091,0.044031102,4.838582637,3.646082994,10,intermediate,Lower Deschutes
22,I11,21,0.009,0.040483784,4.498198222,3.379117471,15,intermediate,Lower Deschutes
22,I11,22,0.009,0.0481404,5.348933333,4.018203109,13,intermediate,Lower Deschutes
22,I11,23,0.009,0.052823109,5.869234298,4.409061402,53,intermediate,Lower Deschutes
22,I11,24,0.009,0.061427984,6.825331556,5.127296746,10,intermediate,Lower Deschutes
26,H01,23,0.0199,0.100770928,5.063865746,4.750483807,20,hot,Lower Deschutes
26,H01,24,0.0199,0.10433864,5.243147754,4.918670785,35,hot,Lower Deschutes
26,H01,25,0.0199,0.125543615,6.308724368,5.918303221,28,hot,Lower Deschutes
26,H01,26,0.0199,0.126094083,6.33638608,5.944253063,21,hot,Lower Deschutes
26,H01,27,0.0199,0.126548625,6.359227387,5.965680814,6,hot,Lower Deschutes
26,H02,23,0.0138,0.050629352,3.668793652,3.106463304,20,hot,Lower Deschutes
26,H02,24,0.0138,0.051880154,3.75943142,3.183208667,35,hot,Lower Deschutes
26,H02,25,0.0138,0.059552051,4.315366046,3.653933018,28,hot,Lower Deschutes
26,H02,26,0.0138,0.061200164,4.434794465,3.755056177,21,hot,Lower Deschutes
26,H02,27,0.0138,0.066917517,4.849095459,4.105855638,6,hot,Lower Deschutes
26,H03,23,0.0115,0.058283224,5.068106413,4.077724851,20,hot,Lower Deschutes
26,H03,24,0.0115,0.058777817,5.111114534,4.112328561,35,hot,Lower Deschutes
26,H03,25,0.0115,0.066761946,5.805386646,4.670929824,28,hot,Lower Deschutes
26,H03,26,0.0115,0.063753529,5.543785093,4.460449012,21,hot,Lower Deschutes
26,H03,27,0.0115,0.069270775,6.023545652,4.846457393,6,hot,Lower Deschutes
26,H04,23,0.0133,0.056172924,4.223528132,3.539408164,20,hot,Lower Deschutes
26,H04,24,0.0133,0.058942441,4.431762451,3.713913039,35,hot,Lower Deschutes
26,H04,25,0.0133,0.069023307,5.189722331,4.349099855,28,hot,Lower Deschutes
26,H04,26,0.0133,0.070743132,5.319032481,4.457464565,21,hot,Lower Deschutes
26,H04,27,0.0133,0.085429939,6.423303684,5.38286778,6,hot,Lower Deschutes
26,H05,23,0.0119,0.049566912,4.165286693,3.383567507,23,hot,Lower Deschutes
26,H05,24,0.0119,0.054213624,4.555766753,3.700764315,33,hot,Lower Deschutes
26,H05,25,0.0119,0.056555332,4.752548887,3.860615409,25,hot,Lower Deschutes
26,H05,26,0.0119,0.066939966,5.625207198,4.569497779,23,hot,Lower Deschutes
26,H05,27,0.0119,0.068964497,5.79533591,4.707697626,6,hot,Lower Deschutes
26,H06,23,0.0079,0.041151497,5.209050253,3.772862087,23,hot,Lower Deschutes
26,H06,24,0.0079,0.043985102,5.567734484,4.032653426,33,hot,Lower Deschutes
26,H06,25,0.0079,0.043862339,5.552194759,4.021398161,25,hot,Lower Deschutes
26,H06,26,0.0079,0.048884579,6.187921392,4.481848492,23,hot,Lower Deschutes
26,H06,27,0.0079,0.060681172,7.681161034,5.563386768,6,hot,Lower Deschutes
26,H07,23,0.0089,0.0351916,3.95411236,2.961113167,23,hot,Lower Deschutes
26,H07,24,0.0089,0.037768524,4.24365443,3.177942321,33,hot,Lower Deschutes
26,H07,25,0.0089,0.03887656,4.368152764,3.271175295,25,hot,Lower Deschutes
26,H07,26,0.0089,0.043456184,4.882717303,3.656516857,23,hot,Lower Deschutes
26,H07,27,0.0089,0.045442212,5.105866479,3.823626414,6,hot,Lower Deschutes
26,H08,23,0.01,0.047873947,4.787394652,3.70404307,23,hot,Lower Deschutes
26,H08,24,0.01,0.047670171,4.767017063,3.688276776,32,hot,Lower Deschutes
26,H08,25,0.01,0.046510556,4.65105564,3.598556556,25,hot,Lower Deschutes
26,H08,26,0.01,0.054208569,5.420856913,4.194157561,23,hot,Lower Deschutes
26,H08,27,0.01,0.05672205,5.672205,4.388627457,6,hot,Lower Deschutes
26,H09,23,0.0094,0.048898679,5.201987137,3.955686549,24,hot,Lower Deschutes
26,H09,24,0.0094,0.052490793,5.584126937,4.246272671,33,hot,Lower Deschutes
26,H09,25,0.0094,0.062352789,6.633275454,5.04406447,30,hot,Lower Deschutes
26,H09,26,0.0094,0.063942819,6.802427543,5.172690824,20,hot,Lower Deschutes
26,H09,27,0.0094,0.058841114,6.259692979,4.759985495,3,hot,Lower Deschutes
26,H10,23,0.0075,0.035742085,4.765611391,3.401829763,23,hot,Lower Deschutes
26,H10,24,0.0075,0.046865213,6.248695063,4.460497321,32,hot,Lower Deschutes
26,H10,25,0.0075,0.048010312,6.401374867,4.569484534,30,hot,Lower Deschutes
26,H10,26,0.0075,0.047774522,6.3699362,4.547042714,20,hot,Lower Deschutes
26,H10,27,0.0075,0.044488025,5.931736667,4.234243349,3,hot,Lower Deschutes
26,H11,23,0.0118,0.049127593,4.163355353,3.374016796,24,hot,Lower Deschutes
26,H11,24,0.0118,0.057373639,4.862172768,3.940344072,33,hot,Lower Deschutes
26,H11,25,0.0118,0.055715805,4.721678407,3.826486307,30,hot,Lower Deschutes
26,H11,26,0.0118,0.065256026,5.530171695,4.481695796,20,hot,Lower Deschutes
26,H11,27,0.0118,0.058419284,4.95078678,4.012157583,3,hot,Lower Deschutes
16,A01,16,0.0143,0.03261063,2.280463615,1.950266835,10,ambient,North Umpqua
16,A01,17,0.0143,0.030176138,2.110219473,1.804672974,17,ambient,North Umpqua
16,A01,18,0.0143,0.033656838,2.353625049,2.012834954,15,ambient,North Umpqua
16,A01,19,0.0143,0.031051596,2.171440264,1.857029379,13,ambient,North Umpqua
16,A01,20,0.0143,0.037547836,2.625722803,2.245534665,12,ambient,North Umpqua
16,A01,21,0.0143,0.042576025,2.977344379,2.54624365,8,ambient,North Umpqua
16,A010,16,0.0114,0.031266674,2.742690702,2.201339316,12,ambient,North Umpqua
16,A010,17,0.0114,0.025348364,2.223540702,1.784658972,15,ambient,North Umpqua
16,A010,18,0.0114,0.021652016,1.899299649,1.524416511,12,ambient,North Umpqua
16,A010,19,0.0114,0.051305864,4.500514386,3.612204341,9,ambient,North Umpqua
16,A010,20,0.0114,0.028417327,2.492747991,2.000730214,11,ambient,North Umpqua
16,A02,16,0.0146,0.040345197,2.763369671,2.377029568,10,ambient,North Umpqua
16,A02,17,0.0146,0.037832686,2.591279855,2.228999217,17,ambient,North Umpqua
16,A02,18,0.0146,0.044908901,3.075952146,2.645910635,15,ambient,North Umpqua
16,A02,19,0.0146,0.048178863,3.299922149,2.838567928,13,ambient,North Umpqua
16,A02,20,0.0146,0.061917905,4.240952397,3.648034988,12,ambient,North Umpqua
16,A02,21,0.0146,0.076407148,5.233366301,4.501701878,7,ambient,North Umpqua
16,A03,16,0.0136,0.024251049,1.783165368,1.503693466,10,ambient,North Umpqua
16,A03,17,0.0136,0.04695385,3.452488941,2.911387333,15,ambient,North Umpqua
16,A03,18,0.0136,0.033306019,2.448972,2.065149572,15,ambient,North Umpqua
16,A03,19,0.0136,0.031556457,2.320327721,1.95666745,12,ambient,North Umpqua
16,A03,20,0.0136,0.031954242,2.349576618,1.981332227,12,ambient,North Umpqua
16,A03,21,0.0136,0.033790106,2.484566636,2.095165533,8,ambient,North Umpqua
16,A05,17,0.0097,0.029245879,3.01503909,2.312947794,23,ambient,North Umpqua
16,A05,18,0.0097,0.022072901,2.275556753,1.745663593,18,ambient,North Umpqua
16,A05,19,0.0097,0.018818674,1.940069484,1.488298924,9,ambient,North Umpqua
16,A05,20,0.0097,0.035066057,3.615057449,2.773244028,12,ambient,North Umpqua
16,A05,21,0.0097,0.026801792,2.763071359,2.119654045,11,ambient,North Umpqua
16,A07,17,0.0203,0.033426123,1.646607051,1.553336899,23,ambient,North Umpqua
16,A07,18,0.0203,0.036617302,1.803808,1.701633382,18,ambient,North Umpqua
16,A07,19,0.0203,0.040050931,1.972952261,1.861196662,9,ambient,North Umpqua
16,A07,20,0.0203,0.045225002,2.227832619,2.101639617,12,ambient,North Umpqua
16,A07,21,0.0203,0.046556268,2.293412217,2.163504535,11,ambient,North Umpqua
16,A08,17,0.0142,0.03249514,2.288390166,1.953204008,22,ambient,North Umpqua
16,A08,18,0.0142,0.038235106,2.692613099,2.29821941,18,ambient,North Umpqua
16,A08,19,0.0142,0.038261617,2.694480094,2.299812941,9,ambient,North Umpqua
16,A08,20,0.0142,0.036746437,2.587777254,2.20873913,12,ambient,North Umpqua
16,A08,21,0.0142,0.043551938,3.0670379,2.617801286,11,ambient,North Umpqua
16,A09,16,0.0158,0.032011796,2.026063009,1.781778562,13,ambient,North Umpqua
16,A09,17,0.0158,0.027995633,1.771875477,1.558238676,15,ambient,North Umpqua
16,A09,18,0.0158,0.029964668,1.896497984,1.667835323,13,ambient,North Umpqua
16,A09,19,0.0158,0.047439952,3.002528608,2.640510726,12,ambient,North Umpqua
16,A09,20,0.0158,0.041615334,2.633881911,2.316312131,20,ambient,North Umpqua
16,A11,16,0.0181,0.041154159,2.273710466,2.077121779,14,ambient,North Umpqua
16,A11,17,0.0181,0.050237479,2.775551315,2.535572656,15,ambient,North Umpqua
16,A11,18,0.0181,0.046308576,2.558484853,2.337274112,13,ambient,North Umpqua
16,A11,19,0.0181,0.047563624,2.627824549,2.400618585,12,ambient,North Umpqua
16,A11,20,0.0181,0.052961822,2.926067541,2.673075006,20,ambient,North Umpqua
16,A12,16,0.0186,0.03434855,1.846696221,1.699948961,14,ambient,North Umpqua
16,A12,17,0.0186,0.033344916,1.792737419,1.650277982,16,ambient,North Umpqua
16,A12,18,0.0186,0.037204761,2.000255968,1.84130612,12,ambient,North Umpqua
16,A12,19,0.0186,0.053447196,2.873505161,2.645162782,5,ambient,North Umpqua
16,A12,20,0.0186,0.044784564,2.407772258,2.216439229,14,ambient,North Umpqua
19,C01,18,0.0178,0.047439338,2.66513132,2.423332525,12,intermediate_1,North Umpqua
19,C01,19,0.0178,0.047082573,2.645088371,2.405108008,28,intermediate_1,North Umpqua
19,C01,20,0.0178,0.051938017,2.917866135,2.653137523,15,intermediate_1,North Umpqua
19,C01,21,0.0178,0.051687273,2.903779358,2.640328794,14,intermediate_1,North Umpqua
19,C01,22,0.0178,0.061588411,3.460023076,3.146106308,16,intermediate_1,North Umpqua
19,C02,18,0.0178,0.042127347,2.366704888,2.151981363,12,intermediate_1,North Umpqua
19,C02,19,0.0178,0.041858547,2.351603788,2.138250338,28,intermediate_1,North Umpqua
19,C02,20,0.0178,0.049214407,2.764854337,2.514007993,15,intermediate_1,North Umpqua
19,C02,21,0.0178,0.04912578,2.759875281,2.509480671,14,intermediate_1,North Umpqua
19,C02,22,0.0178,0.055214573,3.101942275,2.820513027,16,intermediate_1,North Umpqua
19,C03,18,0.0159,0.040822794,2.567471331,2.261901014,12,intermediate_1,North Umpqua
19,C03,19,0.0159,0.042200172,2.654098848,2.338218465,28,intermediate_1,North Umpqua
19,C03,20,0.0159,0.038713069,2.434784239,2.145005816,15,intermediate_1,North Umpqua
19,C03,21,0.0159,0.043389983,2.728929748,2.404143287,15,intermediate_1,North Umpqua
19,C03,22,0.0159,0.054088561,3.401796294,2.996927908,15,intermediate_1,North Umpqua
19,C05,19,0.0223,0.054874042,2.460719354,2.383220601,30,intermediate_1,North Umpqua
19,C05,20,0.0223,0.052428453,2.351051704,2.277006862,21,intermediate_1,North Umpqua
19,C05,21,0.0223,0.05134374,2.302409865,2.229896966,14,intermediate_1,North Umpqua
19,C05,22,0.0223,0.068472254,3.070504669,2.973801124,17,intermediate_1,North Umpqua
19,C06,19,0.0127,0.038661535,3.044215357,2.518356516,30,intermediate_1,North Umpqua
19,C06,20,0.0127,0.040818456,3.214051622,2.658855205,20,intermediate_1,North Umpqua
19,C06,21,0.0127,0.039358771,3.09911579,2.563773429,15,intermediate_1,North Umpqua
19,C06,22,0.0127,0.048212014,3.79622155,3.140460893,16,intermediate_1,North Umpqua
19,C07,19,0.0135,0.03882622,2.876016259,2.420257584,30,intermediate_1,North Umpqua
19,C07,20,0.0135,0.037825811,2.801911922,2.357896468,21,intermediate_1,North Umpqua
19,C07,21,0.0135,0.03759189,2.784584444,2.343314854,13,intermediate_1,North Umpqua
19,C07,22,0.0135,0.045496964,3.370145514,2.836082798,18,intermediate_1,North Umpqua
19,C08,19,0.0177,0.05054707,2.855766654,2.592579187,31,intermediate_1,North Umpqua
19,C08,20,0.0177,0.049157867,2.777280621,2.521326428,21,intermediate_1,North Umpqua
19,C08,21,0.0177,0.066549276,3.759846084,3.413338654,13,intermediate_1,North Umpqua
19,C08,22,0.0177,0.076491891,4.321575739,3.923299302,17,intermediate_1,North Umpqua
19,C09,18,0.0133,0.033593102,2.525797152,2.116672787,16,intermediate_1,North Umpqua
19,C09,19,0.0133,0.033152551,2.492672984,2.088914015,19,intermediate_1,North Umpqua
19,C09,20,0.0133,0.034251761,2.575320408,2.158174349,14,intermediate_1,North Umpqua
19,C09,21,0.0133,0.04204288,3.161118772,2.649086081,24,intermediate_1,North Umpqua
19,C09,22,0.0133,0.047713088,3.587450215,3.006361076,7,intermediate_1,North Umpqua
19,C10,18,0.0143,0.037954167,2.65413756,2.269835144,19,intermediate_1,North Umpqua
19,C10,19,0.0143,0.041544111,2.905182574,2.48453042,21,intermediate_1,North Umpqua
19,C10,20,0.0143,0.04138809,2.894271998,2.475199627,14,intermediate_1,North Umpqua
19,C10,21,0.0143,0.058690687,4.104243838,3.509975159,25,intermediate_1,North Umpqua
19,C10,22,0.0143,0.054393151,3.803716853,3.25296259,6,intermediate_1,North Umpqua
19,C11,18,0.0108,0.030016214,2.779279109,2.197189991,16,intermediate_1,North Umpqua
19,C11,19,0.0108,0.031606408,2.926519247,2.313592319,15,intermediate_1,North Umpqua
19,C11,20,0.0108,0.030989085,2.869359735,2.268404232,14,intermediate_1,North Umpqua
19,C11,21,0.0108,0.04146441,3.839297245,3.035199111,24,intermediate_1,North Umpqua
19,C11,22,0.0108,0.051192374,4.740034656,3.747287083,7,intermediate_1,North Umpqua
19,C12,18,0.0118,0.031526144,2.671707083,2.165172993,19,intermediate_1,North Umpqua
19,C12,19,0.0118,0.03409393,2.889316061,2.341525067,21,intermediate_1,North Umpqua
19,C12,20,0.0118,0.031689978,2.68559138,2.17642494,14,intermediate_1,North Umpqua
19,C12,21,0.0118,0.033835515,2.867416497,2.323777483,24,intermediate_1,North Umpqua
19,C12,22,0.0118,0.034850362,2.953420533,2.393475848,7,intermediate_1,North Umpqua
22,I01,19,0.0421,0.126297691,2.999945148,3.471275623,16,intermediate_2,North Umpqua
22,I01,20,0.0421,0.119679105,2.842734075,3.289364642,28,intermediate_2,North Umpqua
22,I01,21,0.0421,0.136857686,3.250776387,3.761515718,11,intermediate_2,North Umpqua
22,I01,22,0.0421,0.124660127,2.961048146,3.426267395,23,intermediate_2,North Umpqua
22,I01,23,0.0421,0.131988249,3.135112803,3.627679877,15,intermediate_2,North Umpqua
22,I01,24,0.0421,0.15411551,3.66070096,4.235844782,15,intermediate_2,North Umpqua
22,I02,19,0.0165,0.052615928,3.188844148,2.838609134,16,intermediate_2,North Umpqua
22,I02,20,0.0165,0.057792693,3.502587424,3.117893567,28,intermediate_2,North Umpqua
22,I02,21,0.0165,0.055072692,3.337738898,2.971150575,11,intermediate_2,North Umpqua
22,I02,22,0.0165,0.056789138,3.441765968,3.063752213,23,intermediate_2,North Umpqua
22,I02,23,0.0165,0.067002526,4.060759152,3.614760548,15,intermediate_2,North Umpqua
22,I02,24,0.0165,0.07834516,4.748191534,4.226691313,16,intermediate_2,North Umpqua
22,I03,19,0.0321,0.093218708,2.904009595,3.114556787,16,intermediate_2,North Umpqua
22,I03,20,0.0321,0.096544275,3.007609799,3.225668237,28,intermediate_2,North Umpqua
22,I03,21,0.0321,0.105403784,3.283606966,3.521675816,10,intermediate_2,North Umpqua
22,I03,22,0.0321,0.098011285,3.053311059,3.274682941,23,intermediate_2,North Umpqua
22,I03,23,0.0321,0.104102647,3.243073129,3.478203185,14,intermediate_2,North Umpqua
22,I03,24,0.0321,0.124999099,3.894052915,4.176380462,16,intermediate_2,North Umpqua
22,I05,19,0.0342,0.121025632,3.53876117,3.863272658,8,intermediate_2,North Umpqua
22,I05,20,0.0342,0.087345616,2.553965367,2.788169108,37,intermediate_2,North Umpqua
22,I05,21,0.0342,0.102831859,3.006779509,3.282507213,10,intermediate_2,North Umpqua
22,I05,22,0.0342,0.090449449,2.644720723,2.887246912,22,intermediate_2,North Umpqua
22,I05,23,0.0342,0.101568,2.969824561,3.242163423,14,intermediate_2,North Umpqua
22,I05,24,0.0342,0.115678765,3.382420034,3.692594728,17,intermediate_2,North Umpqua
22,I06,19,0.0198,0.074608974,3.76813,3.529953044,7,intermediate_2,North Umpqua
22,I06,20,0.0198,0.060417079,3.05136764,2.858495988,38,intermediate_2,North Umpqua
22,I06,21,0.0198,0.074142279,3.744559545,3.507872437,10,intermediate_2,North Umpqua
22,I06,22,0.0198,0.064563246,3.260770014,3.054662401,22,intermediate_2,North Umpqua
22,I06,23,0.0198,0.070713923,3.571410238,3.345667596,14,intermediate_2,North Umpqua
22,I06,24,0.0198,0.113240339,5.719209037,5.357707762,17,intermediate_2,North Umpqua
22,I07,19,0.0166,0.04118795,2.48120179,2.212428009,7,intermediate_2,North Umpqua
22,I07,20,0.0166,0.042922789,2.585710159,2.30561561,38,intermediate_2,North Umpqua
22,I07,21,0.0166,0.048191861,2.903124145,2.588646034,10,intermediate_2,North Umpqua
22,I07,22,0.0166,0.048861295,2.943451479,2.624604948,22,intermediate_2,North Umpqua
22,I07,23,0.0166,0.053891427,3.246471532,2.894800648,14,intermediate_2,North Umpqua
22,I07,24,0.0166,0.058318681,3.513173579,3.132612454,17,intermediate_2,North Umpqua
22,I08,19,0.0133,0.039568773,2.975095682,2.493194698,7,intermediate_2,North Umpqua
22,I08,20,0.0133,0.049170056,3.69699666,3.098163373,38,intermediate_2,North Umpqua
22,I08,21,0.0133,0.054476747,4.095995977,3.432533453,10,intermediate_2,North Umpqua
22,I08,22,0.0133,0.049082757,3.690432857,3.092662763,22,intermediate_2,North Umpqua
22,I08,23,0.0133,0.055977181,4.208810607,3.527074559,14,intermediate_2,North Umpqua
22,I08,24,0.0133,0.066571362,5.005365564,4.194604887,17,intermediate_2,North Umpqua
22,I09,19,0.0143,0.048298291,3.377502862,2.888461703,13,intermediate_2,North Umpqua
22,I09,20,0.0143,0.053466291,3.738901484,3.197532078,28,intermediate_2,North Umpqua
22,I09,21,0.0143,0.05975653,4.178778322,3.573717519,7,intermediate_2,North Umpqua
22,I09,22,0.0143,0.056195778,3.929774706,3.360768059,24,intermediate_2,North Umpqua
22,I09,23,0.0143,0.054570738,3.816135552,3.26358314,15,intermediate_2,North Umpqua
22,I09,24,0.0143,0.079768217,5.578197001,4.77050918,17,intermediate_2,North Umpqua
22,I10,19,0.0117,0.032452569,2.773723846,2.242497973,12,intermediate_2,North Umpqua
22,I10,20,0.0117,0.039885723,3.409036154,2.756134744,30,intermediate_2,North Umpqua
22,I10,21,0.0117,0.064494031,5.512310308,4.456588102,5,intermediate_2,North Umpqua
22,I10,22,0.0117,0.041160917,3.518027115,2.844251667,24,intermediate_2,North Umpqua
22,I10,23,0.0117,0.049162335,4.201908956,3.397155895,14,intermediate_2,North Umpqua
22,I10,24,0.0117,0.054363466,4.64645011,3.756558161,14,intermediate_2,North Umpqua
22,I11,19,0.0098,0.03818695,3.896627532,2.997843752,11,intermediate_2,North Umpqua
22,I11,20,0.0098,0.041892408,4.27473551,3.288738539,28,intermediate_2,North Umpqua
22,I11,21,0.0098,0.041653584,4.250365714,3.269989803,4,intermediate_2,North Umpqua
22,I11,22,0.0098,0.034971247,3.568494545,2.745396881,22,intermediate_2,North Umpqua
22,I11,23,0.0098,0.040282144,4.110422857,3.162325723,15,intermediate_2,North Umpqua
22,I11,24,0.0098,0.039646972,4.045609412,3.112461942,17,intermediate_2,North Umpqua
22,I12,19,0.0119,0.038055527,3.197943407,2.597770141,13,intermediate_2,North Umpqua
22,I12,20,0.0119,0.039990482,3.360544747,2.729855313,31,intermediate_2,North Umpqua
22,I12,21,0.0119,0.0507241,4.262529388,3.462560202,7,intermediate_2,North Umpqua
22,I12,22,0.0119,0.05169942,4.344489107,3.52913815,24,intermediate_2,North Umpqua
22,I12,23,0.0119,0.046222551,3.884248,3.155272683,15,intermediate_2,North Umpqua
22,I12,24,0.0119,0.056535621,4.750892521,3.8592699,17,intermediate_2,North Umpqua
25,H01,23,0.0225,0.074952976,3.331243398,3.234404021,31,hot,North Umpqua
25,H01,24,0.0225,0.086170337,3.829792751,3.718460525,29,hot,North Umpqua
25,H01,25,0.0225,0.094454332,4.197970291,4.075935129,13,hot,North Umpqua
25,H01,26,0.0225,0.103678101,4.607915598,4.47396331,21,hot,North Umpqua
25,H01,27,0.0225,0.119524798,5.312213259,5.157787011,3,hot,North Umpqua
25,H02,23,0.0214,0.098060544,4.582268411,4.387056008,32,hot,North Umpqua
25,H02,24,0.0214,0.101022932,4.720697751,4.519588023,29,hot,North Umpqua
25,H02,25,0.0214,0.11373696,5.314811215,5.088391247,13,hot,North Umpqua
25,H02,26,0.0214,0.109902775,5.135643685,4.916856557,21,hot,North Umpqua
25,H02,27,0.0214,0.126821376,5.926232523,5.673764971,3,hot,North Umpqua
25,H03,23,0.0133,0.04534668,3.409524783,2.857255705,31,hot,North Umpqua
25,H03,24,0.0133,0.048427564,3.641170199,3.051379587,28,hot,North Umpqua
25,H03,25,0.0133,0.050572355,3.802432692,3.186521053,10,hot,North Umpqua
25,H03,26,0.0133,0.069342218,5.213700602,4.369194166,21,hot,North Umpqua
25,H03,27,0.0133,0.071417918,5.369768271,4.499982257,3,hot,North Umpqua
25,H05,23,0.0135,0.050823292,3.764688272,3.168102862,30,hot,North Umpqua
25,H05,24,0.0135,0.0571344,4.232177753,3.561509874,30,hot,North Umpqua
25,H05,25,0.0135,0.052306608,3.874563571,3.260566361,14,hot,North Umpqua
25,H05,26,0.0135,0.065861375,4.87862037,4.105511543,23,hot,North Umpqua
25,H06,23,0.0191,0.064105419,3.356304647,3.112630113,30,hot,North Umpqua
25,H06,24,0.0191,0.07459473,3.905483241,3.621937225,30,hot,North Umpqua
25,H06,25,0.0191,0.076330783,3.996376061,3.706231042,13,hot,North Umpqua
25,H06,26,0.0191,0.086826446,4.545887216,4.215846571,23,hot,North Umpqua
25,H07,23,0.0221,0.104563295,4.731370801,4.570814743,30,hot,North Umpqua
25,H07,24,0.0221,0.089191359,4.035808112,3.898855531,30,hot,North Umpqua
25,H07,25,0.0221,0.103034975,4.66221607,4.504006734,14,hot,North Umpqua
25,H07,26,0.0221,0.106717398,4.828841552,4.664977887,23,hot,North Umpqua
25,H08,23,0.0351,0.136832187,3.898352914,4.286905824,30,hot,North Umpqua
25,H08,24,0.0351,0.136755508,3.896168329,4.284503499,30,hot,North Umpqua
25,H08,25,0.0351,0.132244753,3.767656772,4.143183062,14,hot,North Umpqua
25,H08,26,0.0351,0.144836563,4.126397806,4.53768019,23,hot,North Umpqua
25,H09,23,0.0181,0.064708696,3.575066095,3.265960094,38,hot,North Umpqua
25,H09,24,0.0181,0.071344895,3.941706917,3.600900557,30,hot,North Umpqua
25,H09,25,0.0181,0.067394075,3.723429537,3.401495793,8,hot,North Umpqua
25,H09,26,0.0181,0.075733336,4.184162226,3.822392787,21,hot,North Umpqua
25,H10,23,0.0177,0.069344964,3.917794572,3.556730608,39,hot,North Umpqua
25,H10,24,0.0177,0.081168182,4.585772983,4.163148126,30,hot,North Umpqua
25,H10,25,0.0177,0.075581477,4.270139958,3.876603842,8,hot,North Umpqua
25,H10,26,0.0177,0.089152047,5.03683883,4.572643742,21,hot,North Umpqua
25,H11,23,0.0131,0.04693321,3.582687798,2.989659477,39,hot,North Umpqua
25,H11,24,0.0131,0.05290919,4.038869427,3.370331143,30,hot,North Umpqua
25,H11,25,0.0131,0.056591479,4.319960239,3.60489409,8,hot,North Umpqua
25,H11,26,0.0131,0.060388411,4.609802356,3.846759773,21,hot,North Umpqua
25,H12,23,0.0152,0.056725759,3.731957841,3.246607078,39,hot,North Umpqua
25,H12,24,0.0152,0.066442206,4.371197789,3.802712219,30,hot,North Umpqua
25,H12,25,0.0152,0.059401612,3.908000773,3.399755172,8,hot,North Umpqua
25,H12,26,0.0152,0.065776171,4.32737968,3.764592769,21,hot,North Umpqua
16,A01,15,0.0442,0.071784718,1.624088652,1.90504292,10,ambient,Siletz
16,A01,16,0.0442,0.075539511,1.709038719,2.004688666,52,ambient,Siletz
16,A01,17,0.0442,0.078818249,1.783218306,2.091700725,21,ambient,Siletz
16,A01,18,0.0442,0.087969743,1.990265681,2.33456563,18,ambient,Siletz
16,A01,19,0.0442,0.115636521,2.616210889,3.068794321,22,ambient,Siletz
16,A02,15,0.0391,0.061480014,1.57237887,1.782146855,10,ambient,Siletz
16,A02,16,0.0391,0.071045564,1.817022085,2.059427443,52,ambient,Siletz
16,A02,17,0.0391,0.109099684,2.790273236,3.162518124,21,ambient,Siletz
16,A02,18,0.0391,0.083955729,2.147205341,2.4336598,18,ambient,Siletz
16,A02,19,0.0391,0.115085674,2.943367612,3.33603652,21,ambient,Siletz
16,A03,15,0.0363,0.053470736,1.473023017,1.635159739,10,ambient,Siletz
16,A03,16,0.0363,0.056033007,1.543608998,1.713515172,50,ambient,Siletz
16,A03,17,0.0363,0.058627777,1.615090275,1.792864446,21,ambient,Siletz
16,A03,18,0.0363,0.076983944,2.120769803,2.354204489,18,ambient,Siletz
16,A03,19,0.0363,0.071339435,1.965273681,2.181592796,22,ambient,Siletz
16,A04,15,0.0226,0.041971981,1.857167294,1.805419743,24,ambient,Siletz
16,A04,16,0.0226,0.034105622,1.50909834,1.467049278,45,ambient,Siletz
16,A04,17,0.0226,0.039841127,1.762881705,1.713761299,19,ambient,Siletz
16,A04,18,0.0226,0.072654739,3.214811474,3.125234934,29,ambient,Siletz
16,A04,19,0.0226,0.045207898,2.000349451,1.944612316,5,ambient,Siletz
16,A05,15,0.0163,0.029390607,1.803104752,1.599595909,24,ambient,Siletz
16,A05,16,0.0163,0.031736956,1.9470525,1.727296881,45,ambient,Siletz
16,A05,17,0.0163,0.038523239,2.363388914,2.096643156,20,ambient,Siletz
16,A05,18,0.0163,0.038622469,2.369476651,2.102043796,27,ambient,Siletz
16,A05,19,0.0163,0.036567021,2.243375546,1.990175192,5,ambient,Siletz
16,A06,15,0.0217,0.056983448,2.625965344,2.523913771,23,ambient,Siletz
16,A06,16,0.0217,0.055502401,2.557714341,2.458315173,45,ambient,Siletz
16,A06,17,0.0217,0.070603225,3.25360482,3.12716161,20,ambient,Siletz
16,A06,18,0.0217,0.070882904,3.266493251,3.139549164,29,ambient,Siletz
16,A06,19,0.0217,0.052772842,2.431928212,2.337417407,5,ambient,Siletz
16,A07,15,0.0212,0.028975245,1.366756855,1.305094921,24,ambient,Siletz
16,A07,16,0.0212,0.029756582,1.403612361,1.340287671,45,ambient,Siletz
16,A07,17,0.0212,0.053536622,2.52531234,2.411381582,20,ambient,Siletz
16,A07,18,0.0212,0.051573485,2.432711536,2.322958511,28,ambient,Siletz
16,A07,19,0.0212,0.048175558,2.272432,2.169910068,5,ambient,Siletz
16,A08,15,0.0175,0.031079353,1.775963043,1.607168365,23,ambient,Siletz
16,A08,16,0.0175,0.032285381,1.844878889,1.669534171,45,ambient,Siletz
16,A08,17,0.0175,0.047527883,2.715879,2.457750925,20,ambient,Siletz
16,A08,18,0.0175,0.038790558,2.216603333,2.005928428,30,ambient,Siletz
16,A09,15,0.0159,0.017306203,1.088440435,0.958898545,23,ambient,Siletz
16,A09,16,0.0159,0.019238573,1.209973171,1.065966934,41,ambient,Siletz
16,A09,17,0.0159,0.031931861,2.008293158,1.769274023,19,ambient,Siletz
16,A09,18,0.0159,0.0360726,2.268717,1.998703246,30,ambient,Siletz
19,1901,18,0.0222,0.060579707,2.728815634,2.639549586,13,intermediate_1,Siletz
19,1901,19,0.0222,0.063185184,2.846179459,2.753074162,6,intermediate_1,Siletz
19,1901,20,0.0222,0.07167285,3.228506748,3.122894616,62,intermediate_1,Siletz
19,1901,21,0.0222,0.082027607,3.694937257,3.574067074,9,intermediate_1,Siletz
19,1901,22,0.0222,0.095897692,4.319715876,4.178407698,9,intermediate_1,Siletz
19,1902,18,0.0173,0.066434176,3.840125804,3.463978268,12,intermediate_1,Siletz
19,1902,19,0.0173,0.065740004,3.800000231,3.42778307,6,intermediate_1,Siletz
19,1902,20,0.0173,0.060205935,3.480111869,3.139228374,59,intermediate_1,Siletz
19,1902,21,0.0173,0.10564773,6.106805211,5.508632169,7,intermediate_1,Siletz
19,1902,22,0.0173,0.076141788,4.401259435,3.970147805,9,intermediate_1,Siletz
19,1903,18,0.0205,0.100698945,4.912143659,4.646639053,13,intermediate_1,Siletz
19,1903,19,0.0205,0.090027474,4.391584106,4.154216088,6,intermediate_1,Siletz
19,1903,20,0.0205,0.088060935,4.295655382,4.063472374,62,intermediate_1,Siletz
19,1903,21,0.0205,0.078674263,3.837768902,3.630334961,8,intermediate_1,Siletz
19,1903,22,0.0205,0.200333598,9.772370623,9.244167544,9,intermediate_1,Siletz
19,1904,18,0.0278,0.048110896,1.73060777,1.782822021,6,intermediate_1,Siletz
19,1904,19,0.0278,0.050011675,1.798981103,1.853258249,12,intermediate_1,Siletz
19,1904,20,0.0278,0.061501054,2.212268116,2.279014565,27,intermediate_1,Siletz
19,1904,21,0.0278,0.058125657,2.090850973,2.153934139,46,intermediate_1,Siletz
19,1904,22,0.0278,0.109654588,3.94440964,4.063416614,8,intermediate_1,Siletz
19,1905,18,0.0215,0.043607048,2.028234806,1.944365013,6,intermediate_1,Siletz
19,1905,19,0.0215,0.052137518,2.425000853,2.324724336,12,intermediate_1,Siletz
19,1905,20,0.0215,0.059674369,2.775552067,2.660779863,27,intermediate_1,Siletz
19,1905,21,0.0215,0.066668164,3.100844853,2.972621425,45,intermediate_1,Siletz
19,1905,22,0.0215,0.089953703,4.183893169,4.010884474,8,intermediate_1,Siletz
19,1906,18,0.0201,0.046161403,2.296587189,2.160501795,6,intermediate_1,Siletz
19,1906,19,0.0201,0.050342801,2.504616944,2.356204646,12,intermediate_1,Siletz
19,1906,20,0.0201,0.059439105,2.957169418,2.781940902,27,intermediate_1,Siletz
19,1906,21,0.0201,0.060354745,3.002723607,2.824795756,46,intermediate_1,Siletz
19,1906,22,0.0201,0.065647779,3.266058644,3.072526747,8,intermediate_1,Siletz
19,1907,18,0.0266,0.057200828,2.15040708,2.188085747,6,intermediate_1,Siletz
19,1907,19,0.0266,0.06570904,2.470264662,2.513547759,12,intermediate_1,Siletz
19,1907,20,0.0266,0.071694513,2.695282441,2.742508219,26,intermediate_1,Siletz
19,1907,21,0.0266,0.067078347,2.521742369,2.56592744,47,intermediate_1,Siletz
19,1907,22,0.0266,0.096660909,3.633868759,3.697540113,8,intermediate_1,Siletz
19,1908,18,0.0177,0.057777003,3.264237468,2.963405329,11,intermediate_1,Siletz
19,1908,19,0.0177,0.064624666,3.651111059,3.314624649,8,intermediate_1,Siletz
19,1908,20,0.0177,0.069712075,3.938535296,3.575559867,65,intermediate_1,Siletz
19,1908,21,0.0177,0.090373785,5.105863584,4.635307175,7,intermediate_1,Siletz
19,1908,22,0.0177,0.121612768,6.870777837,6.237566923,7,intermediate_1,Siletz
19,1909,18,0.0295,0.115691277,3.921738206,4.107764726,12,intermediate_1,Siletz
19,1909,19,0.0295,0.075231509,2.550220657,2.671189637,8,intermediate_1,Siletz
19,1909,20,0.0295,0.102691298,3.481060947,3.646184068,65,intermediate_1,Siletz
19,1909,21,0.0295,0.083554739,2.832364044,2.966716414,7,intermediate_1,Siletz
19,1909,22,0.0295,0.090183799,3.057077918,3.202089526,7,intermediate_1,Siletz
19,1910,18,0.0226,0.044986055,1.990533422,1.935069797,9,intermediate_1,Siletz
19,1910,19,0.0226,0.042780929,1.892961475,1.840216566,6,intermediate_1,Siletz
19,1910,20,0.0226,0.069381422,3.069974416,2.984433573,64,intermediate_1,Siletz
19,1910,21,0.0226,0.049585106,2.194031239,2.132897412,7,intermediate_1,Siletz
19,1910,22,0.0226,0.054790858,2.424374248,2.356822213,7,intermediate_1,Siletz
22,2201,20,0.0371,0.101202114,2.727819784,3.046612132,6,intermediate_2,Siletz
22,2201,21,0.0371,0.111881261,3.015667407,3.368099667,74,intermediate_2,Siletz
22,2201,22,0.0371,0.135331116,3.647738987,4.074039611,7,intermediate_2,Siletz
22,2201,23,0.0371,0.131896964,3.555174226,3.970657076,5,intermediate_2,Siletz
22,2201,24,0.0371,0.133360176,3.594613908,4.014705959,6,intermediate_2,Siletz
22,2202,20,0.0195,0.082291125,4.220057692,3.936451246,5,intermediate_2,Siletz
22,2202,21,0.0195,0.076440214,3.92001098,3.656568993,73,intermediate_2,Siletz
22,2202,22,0.0195,0.099001505,5.077000256,4.735803499,3,intermediate_2,Siletz
22,2203,20,0.0217,0.066674361,3.072551189,2.953144175,5,intermediate_2,Siletz
22,2203,21,0.0217,0.087308583,4.023436997,3.867076184,74,intermediate_2,Siletz
22,2203,22,0.0217,0.079390478,3.658547364,3.516367075,5,intermediate_2,Siletz
22,2203,23,0.0217,0.076465155,3.523739843,3.386798511,5,intermediate_2,Siletz
22,2203,24,0.0217,0.085931369,3.959970922,3.80607656,5,intermediate_2,Siletz
22,2204,20,0.0323,0.074944306,2.320257161,2.492812567,7,intermediate_2,Siletz
22,2204,21,0.0323,0.070443576,2.180915679,2.343108387,16,intermediate_2,Siletz
22,2204,22,0.0323,0.079317378,2.455646367,2.638270545,66,intermediate_2,Siletz
22,2204,23,0.0323,0.074315677,2.300794954,2.471902974,4,intermediate_2,Siletz
22,2204,24,0.0323,0.07903332,2.446852028,2.628822179,4,intermediate_2,Siletz
22,2205,20,0.0213,0.044537615,2.090967827,1.99926534,7,intermediate_2,Siletz
22,2205,21,0.0213,0.051419617,2.414066514,2.308194057,16,intermediate_2,Siletz
22,2205,22,0.0213,0.05524886,2.593843205,2.480086375,69,intermediate_2,Siletz
22,2205,23,0.0213,0.056107709,2.634164754,2.518639562,4,intermediate_2,Siletz
22,2205,24,0.0213,0.061244004,2.875305352,2.749204583,4,intermediate_2,Siletz
22,2206,20,0.0313,0.053530413,1.710236823,1.821316681,7,intermediate_2,Siletz
22,2206,21,0.0313,0.060830329,1.943461,2.069688765,16,intermediate_2,Siletz
22,2206,22,0.0313,0.061684211,1.970741572,2.09874121,69,intermediate_2,Siletz
22,2206,23,0.0313,0.075814811,2.422198419,2.579520171,4,intermediate_2,Siletz
22,2206,24,0.0313,0.07946103,2.538691054,2.703579002,4,intermediate_2,Siletz
22,2207,20,0.041,0.0715316,1.744673171,2.003873768,7,intermediate_2,Siletz
22,2207,21,0.041,0.089310035,2.178293544,2.501915754,17,intermediate_2,Siletz
22,2207,22,0.041,0.094806276,2.312348189,2.655886475,68,intermediate_2,Siletz
22,2207,23,0.041,0.104168925,2.540705488,2.918170099,4,intermediate_2,Siletz
22,2207,24,0.041,0.105516338,2.573569207,2.955916277,4,intermediate_2,Siletz
22,2208,20,0.0229,0.063324341,2.765255066,2.698149001,7,intermediate_2,Siletz
22,2208,21,0.0229,0.075878143,3.313456017,3.233046438,74,intermediate_2,Siletz
22,2208,22,0.0229,0.063829085,2.787296288,2.719655336,6,intermediate_2,Siletz
22,2208,23,0.0229,0.072704167,3.174854454,3.097808401,5,intermediate_2,Siletz
22,2208,24,0.0229,0.087282856,3.811478437,3.718983056,5,intermediate_2,Siletz
22,2209,20,0.0236,0.126284362,5.3510323,5.265380138,7,intermediate_2,Siletz
22,2209,21,0.0236,0.062121063,2.632248419,2.59011491,67,intermediate_2,Siletz
22,2209,22,0.0236,0.067848811,2.874949633,2.828931288,6,intermediate_2,Siletz
22,2209,23,0.0236,0.066624319,2.823064356,2.777876521,5,intermediate_2,Siletz
22,2209,24,0.0236,0.068749002,2.913093322,2.866464424,5,intermediate_2,Siletz
22,2210,20,0.0151,0.073032062,4.836560411,4.199784046,5,intermediate_2,Siletz
22,2210,21,0.0151,0.061342554,4.062420796,3.527566825,41,intermediate_2,Siletz
22,2210,22,0.0151,0.06816445,4.514201987,3.919866987,6,intermediate_2,Siletz
22,2210,24,0.0151,0.084931787,5.624621672,4.884090006,4,intermediate_2,Siletz
25,2501,23,0.0163,0.086067385,5.280207648,4.684252839,6,hot,Siletz
25,2501,24,0.0163,0.092291521,5.662056503,5.023004021,74,hot,Siletz
25,2501,25,0.0163,0.100658078,6.175342196,5.478357318,15,hot,Siletz
25,2501,26,0.0163,0.118020124,7.24049842,6.423293843,8,hot,Siletz
25,2502,23,0.0223,0.088242274,3.957052646,3.83242785,6,hot,Siletz
25,2502,24,0.0223,0.09739985,4.367706292,4.230148227,74,hot,Siletz
25,2502,25,0.0223,0.10144799,4.549237202,4.405961939,15,hot,Siletz
25,2502,26,0.0223,0.128614339,5.767459165,5.585816795,8,hot,Siletz
25,2503,23,0.0354,0.133774934,3.778952938,4.165519715,6,hot,Siletz
25,2503,24,0.0354,0.158447351,4.475913859,4.93377603,74,hot,Siletz
25,2503,25,0.0354,0.170685307,4.821618836,5.314844787,15,hot,Siletz
25,2503,26,0.0354,0.213255454,6.02416536,6.640405421,8,hot,Siletz
25,2504,24,0.04,0.113105596,2.827639889,3.225356279,9,hot,Siletz
25,2504,25,0.04,0.125445397,3.136134925,3.577242107,80,hot,Siletz
25,2504,26,0.04,0.142204391,3.555109778,4.055147082,9,hot,Siletz
25,2504,27,0.04,0.16935934,4.2339835,4.829506516,3,hot,Siletz
25,2506,24,0.0171,0.07057681,4.127298824,3.710920259,9,hot,Siletz
25,2506,25,0.0171,0.075844074,4.435325947,3.987872363,80,hot,Siletz
25,2506,26,0.0171,0.089107193,5.210946985,4.685245619,9,hot,Siletz
25,2506,27,0.0171,0.095049349,5.558441462,4.997683451,3,hot,Siletz
25,2507,24,0.0226,0.091287643,4.039276254,3.926727075,9,hot,Siletz
25,2507,25,0.0226,0.100689159,4.455272542,4.331132168,80,hot,Siletz
25,2507,26,0.0226,0.099980051,4.423896067,4.300629958,9,hot,Siletz
25,2507,27,0.0226,0.129955547,5.750245457,5.590022347,3,hot,Siletz
25,2508,23,0.0188,0.100814469,5.362471733,4.951149172,7,hot,Siletz
25,2508,24,0.0188,0.113992068,6.063407857,5.598320753,82,hot,Siletz
25,2508,25,0.0188,0.119420771,6.352168665,5.864932478,11,hot,Siletz
25,2508,26,0.0188,0.147777936,7.860528511,7.257595222,3,hot,Siletz
25,2509,23,0.0221,0.097469603,4.410389295,4.260725541,7,hot,Siletz
25,2509,24,0.0221,0.105954239,4.794309461,4.631617621,82,hot,Siletz
25,2509,25,0.0221,0.117549165,5.318966742,5.13847099,11,hot,Siletz
25,2509,26,0.0221,0.135761827,6.14306911,5.934607969,3,hot,Siletz
25,2510,23,0.0183,0.067865997,3.708524426,3.398319805,7,hot,Siletz
25,2510,24,0.0183,0.078368763,4.282446062,3.924234977,81,hot,Siletz
25,2510,25,0.0183,0.084721418,4.629585708,4.24233765,11,hot,Siletz
25,2510,26,0.0183,0.103669904,5.665022077,5.191163521,3,hot,Siletz
