date,time,time_sec,Ch1_O2,Ch1_temp,Ch2_O2,Ch3_O2,Ch4_O2
7/28/2022,10:00:54,0,7.649,22.403,8.02,7.852,7.905
7/28/2022,10:00:55,1,7.652,22.405,8.013,7.85,7.903
7/28/2022,10:00:56,2,7.642,22.406,8.018,7.849,7.907
7/28/2022,10:00:57,3,7.644,22.405,8.016,7.846,7.905
7/28/2022,10:00:58,4,7.635,22.407,8.018,7.844,7.901
7/28/2022,10:00:59,5,7.635,22.408,8.015,7.847,7.899
7/28/2022,10:01:00,6,7.633,22.413,8.011,7.844,7.903
7/28/2022,10:01:01,7,7.635,22.416,8.015,7.842,7.899
7/28/2022,10:01:02,8,7.629,22.416,8.015,7.836,7.898
7/28/2022,10:01:03,9,7.629,22.416,8.017,7.835,7.9
7/28/2022,10:01:04,10,7.63,22.415,8.012,7.831,7.897
7/28/2022,10:01:05,11,7.628,22.414,8.006,7.826,7.894
7/28/2022,10:01:06,12,7.623,22.415,8.006,7.831,7.885
7/28/2022,10:01:07,13,7.627,22.413,8.013,7.831,7.892
7/28/2022,10:01:08,14,7.625,22.412,8.005,7.831,7.889
7/28/2022,10:01:09,15,7.619,22.41,8.013,7.828,7.893
7/28/2022,10:01:10,16,7.618,22.407,8.007,7.826,7.891
7/28/2022,10:01:11,17,7.614,22.407,8.003,7.816,7.893
7/28/2022,10:01:12,18,7.617,22.408,8.006,7.822,7.888
7/28/2022,10:01:13,19,7.615,22.412,8.011,7.819,7.883
7/28/2022,10:01:14,20,7.606,22.417,8.004,7.817,7.883
7/28/2022,10:01:15,21,7.609,22.417,8.006,7.818,7.884
7/28/2022,10:01:16,22,7.607,22.417,8.001,7.82,7.876
7/28/2022,10:01:17,23,7.607,22.415,8.001,7.814,7.877
7/28/2022,10:01:18,24,7.606,22.413,7.999,7.813,7.877
7/28/2022,10:01:19,25,7.601,22.41,8.001,7.812,7.875
7/28/2022,10:01:20,26,7.599,22.407,8.004,7.814,7.88
7/28/2022,10:01:21,27,7.602,22.407,8.001,7.809,7.879
7/28/2022,10:01:22,28,7.596,22.406,8.001,7.805,7.877
7/28/2022,10:01:23,29,7.598,22.405,8,7.804,7.876
7/28/2022,10:01:24,30,7.589,22.404,7.998,7.806,7.87
7/28/2022,10:01:25,31,7.592,22.406,8,7.806,7.874
7/28/2022,10:01:26,32,7.59,22.411,7.991,7.797,7.866
7/28/2022,10:01:27,33,7.587,22.415,7.994,7.801,7.87
7/28/2022,10:01:28,34,7.588,22.415,7.991,7.8,7.869
7/28/2022,10:01:29,35,7.584,22.414,7.996,7.799,7.866
7/28/2022,10:01:30,36,7.581,22.413,7.993,7.798,7.869
7/28/2022,10:01:31,37,7.575,22.414,7.997,7.795,7.86
7/28/2022,10:01:32,38,7.577,22.412,7.99,7.793,7.863
7/28/2022,10:01:33,39,7.573,22.408,7.991,7.792,7.861
7/28/2022,10:01:34,40,7.573,22.406,7.992,7.795,7.858
7/28/2022,10:01:35,41,7.58,22.408,7.986,7.789,7.864
7/28/2022,10:01:36,42,7.57,22.41,7.992,7.785,7.86
7/28/2022,10:01:37,43,7.569,22.41,7.989,7.788,7.853
7/28/2022,10:01:38,44,7.567,22.409,7.995,7.784,7.857
7/28/2022,10:01:39,45,7.566,22.406,7.991,7.789,7.856
7/28/2022,10:01:40,46,7.564,22.405,7.986,7.783,7.855
7/28/2022,10:01:41,47,7.558,22.405,7.992,7.787,7.857
7/28/2022,10:01:42,48,7.556,22.406,7.987,7.782,7.856
7/28/2022,10:01:43,49,7.558,22.404,7.986,7.78,7.847
7/28/2022,10:01:44,50,7.555,22.405,7.982,7.78,7.85
7/28/2022,10:01:45,51,7.549,22.401,7.986,7.779,7.852
7/28/2022,10:01:46,52,7.549,22.4,7.983,7.778,7.853
7/28/2022,10:01:47,53,7.551,22.399,7.989,7.772,7.85
7/28/2022,10:01:48,54,7.551,22.397,7.985,7.777,7.846
7/28/2022,10:01:49,55,7.548,22.397,7.984,7.776,7.85
7/28/2022,10:01:50,56,7.542,22.397,7.981,7.773,7.85
7/28/2022,10:01:51,57,7.543,22.399,7.979,7.767,7.845
7/28/2022,10:01:52,58,7.539,22.399,7.979,7.771,7.842
7/28/2022,10:01:53,59,7.535,22.403,7.979,7.766,7.844
7/28/2022,10:01:54,60,7.535,22.406,7.979,7.764,7.844
7/28/2022,10:01:55,61,7.531,22.408,7.976,7.765,7.839
7/28/2022,10:01:56,62,7.524,22.406,7.98,7.762,7.841
7/28/2022,10:01:57,63,7.533,22.405,7.977,7.759,7.837
7/28/2022,10:01:58,64,7.524,22.406,7.977,7.754,7.833
7/28/2022,10:01:59,65,7.525,22.409,7.973,7.759,7.835
7/28/2022,10:02:00,66,7.526,22.413,7.974,7.75,7.833
7/28/2022,10:02:01,67,7.523,22.415,7.976,7.751,7.827
7/28/2022,10:02:02,68,7.517,22.415,7.976,7.75,7.834
7/28/2022,10:02:03,69,7.519,22.412,7.976,7.748,7.827
7/28/2022,10:02:04,70,7.511,22.406,7.975,7.749,7.833
7/28/2022,10:02:05,71,7.517,22.4,7.974,7.747,7.832
7/28/2022,10:02:06,72,7.513,22.397,7.977,7.751,7.828
7/28/2022,10:02:07,73,7.52,22.398,7.97,7.746,7.829
7/28/2022,10:02:08,74,7.512,22.398,7.977,7.742,7.829
7/28/2022,10:02:09,75,7.511,22.398,7.977,7.739,7.827
7/28/2022,10:02:10,76,7.507,22.4,7.968,7.744,7.82
7/28/2022,10:02:11,77,7.506,22.402,7.973,7.74,7.821
7/28/2022,10:02:12,78,7.508,22.402,7.973,7.739,7.824
7/28/2022,10:02:13,79,7.501,22.405,7.969,7.741,7.82
7/28/2022,10:02:14,80,7.503,22.403,7.973,7.735,7.822
7/28/2022,10:02:15,81,7.499,22.402,7.97,7.727,7.819
7/28/2022,10:02:16,82,7.496,22.4,7.965,7.734,7.821
7/28/2022,10:02:17,83,7.496,22.401,7.971,7.734,7.815
7/28/2022,10:02:18,84,7.496,22.401,7.966,7.731,7.815
7/28/2022,10:02:19,85,7.494,22.402,7.97,7.728,7.809
7/28/2022,10:02:20,86,7.496,22.402,7.968,7.732,7.813
7/28/2022,10:02:21,87,7.494,22.401,7.965,7.727,7.813
7/28/2022,10:02:22,88,7.487,22.401,7.965,7.728,7.808
7/28/2022,10:02:23,89,7.48,22.4,7.966,7.726,7.81
7/28/2022,10:02:24,90,7.494,22.398,7.964,7.717,7.814
7/28/2022,10:02:25,91,7.484,22.395,7.971,7.722,7.804
7/28/2022,10:02:26,92,7.48,22.392,7.965,7.721,7.802
7/28/2022,10:02:27,93,7.482,22.389,7.966,7.718,7.812
7/28/2022,10:02:28,94,7.479,22.39,7.964,7.716,7.808
7/28/2022,10:02:29,95,7.476,22.391,7.964,7.719,7.804
7/28/2022,10:02:30,96,7.476,22.394,7.96,7.713,7.804
7/28/2022,10:02:31,97,7.479,22.392,7.961,7.714,7.803
7/28/2022,10:02:32,98,7.476,22.392,7.962,7.716,7.801
7/28/2022,10:02:33,99,7.47,22.391,7.962,7.711,7.8
7/28/2022,10:02:34,100,7.468,22.392,7.961,7.716,7.801
7/28/2022,10:02:35,101,7.467,22.391,7.958,7.703,7.796
7/28/2022,10:02:36,102,7.468,22.392,7.957,7.709,7.796
7/28/2022,10:02:37,103,7.466,22.388,7.956,7.708,7.797
7/28/2022,10:02:38,104,7.462,22.387,7.96,7.712,7.801
7/28/2022,10:02:39,105,7.462,22.385,7.961,7.705,7.795
7/28/2022,10:02:40,106,7.462,22.385,7.962,7.702,7.797
7/28/2022,10:02:41,107,7.452,22.384,7.956,7.702,7.799
7/28/2022,10:02:42,108,7.458,22.385,7.955,7.702,7.795
7/28/2022,10:02:43,109,7.459,22.386,7.954,7.701,7.789
7/28/2022,10:02:44,110,7.45,22.389,7.954,7.699,7.792
7/28/2022,10:02:45,111,7.451,22.391,7.952,7.698,7.786
7/28/2022,10:02:46,112,7.446,22.394,7.955,7.691,7.792
7/28/2022,10:02:47,113,7.442,22.398,7.949,7.693,7.787
7/28/2022,10:02:48,114,7.439,22.403,7.952,7.692,7.782
7/28/2022,10:02:49,115,7.445,22.402,7.948,7.685,7.781
7/28/2022,10:02:50,116,7.442,22.397,7.947,7.688,7.784
7/28/2022,10:02:51,117,7.441,22.389,7.948,7.685,7.78
7/28/2022,10:02:52,118,7.435,22.385,7.95,7.687,7.779
7/28/2022,10:02:53,119,7.439,22.382,7.953,7.686,7.789
7/28/2022,10:02:54,120,7.436,22.38,7.947,7.685,7.778
7/28/2022,10:02:55,121,7.434,22.379,7.953,7.684,7.777
7/28/2022,10:02:56,122,7.427,22.38,7.948,7.683,7.782
7/28/2022,10:02:57,123,7.433,22.38,7.946,7.683,7.78
7/28/2022,10:02:58,124,7.423,22.38,7.949,7.683,7.782
7/28/2022,10:02:59,125,7.424,22.378,7.943,7.678,7.776
7/28/2022,10:03:00,126,7.419,22.377,7.947,7.682,7.775
7/28/2022,10:03:01,127,7.42,22.378,7.946,7.68,7.773
7/28/2022,10:03:02,128,7.419,22.379,7.942,7.678,7.773
7/28/2022,10:03:03,129,7.411,22.38,7.943,7.676,7.772
7/28/2022,10:03:04,130,7.411,22.38,7.942,7.678,7.77
7/28/2022,10:03:05,131,7.415,22.38,7.943,7.674,7.775
7/28/2022,10:03:06,132,7.416,22.381,7.941,7.671,7.774
7/28/2022,10:03:07,133,7.417,22.381,7.943,7.67,7.777
7/28/2022,10:03:08,134,7.427,22.382,7.955,7.671,7.782
7/28/2022,10:03:09,135,7.432,22.382,7.952,7.674,7.78
7/28/2022,10:03:10,136,7.443,22.383,7.948,7.677,7.794
7/28/2022,10:03:11,137,7.443,22.381,7.96,7.673,7.804
7/28/2022,10:03:12,138,7.463,22.377,7.97,7.675,7.811
7/28/2022,10:03:13,139,7.467,22.378,7.971,7.68,7.816
7/28/2022,10:03:14,140,7.476,22.38,7.972,7.682,7.821
7/28/2022,10:03:15,141,7.488,22.382,7.97,7.692,7.83
7/28/2022,10:03:16,142,7.505,22.382,7.978,7.698,7.84
7/28/2022,10:03:17,143,7.513,22.383,7.984,7.7,7.847
7/28/2022,10:03:18,144,7.527,22.383,7.99,7.709,7.86
7/28/2022,10:03:19,145,7.537,22.381,7.989,7.711,7.862
7/28/2022,10:03:20,146,7.557,22.38,7.999,7.715,7.875
7/28/2022,10:03:21,147,7.564,22.377,7.999,7.727,7.882
7/28/2022,10:03:22,148,7.583,22.378,8.005,7.736,7.892
7/28/2022,10:03:23,149,7.594,22.376,8.013,7.735,7.899
7/28/2022,10:03:24,150,7.603,22.375,8.018,7.751,7.899
7/28/2022,10:03:25,151,7.619,22.374,8.02,7.755,7.914
7/28/2022,10:03:26,152,7.624,22.376,8.021,7.761,7.923
7/28/2022,10:03:27,153,7.643,22.381,8.025,7.77,7.93
7/28/2022,10:03:28,154,7.653,22.384,8.029,7.785,7.937
7/28/2022,10:03:29,155,7.668,22.382,8.034,7.79,7.942
7/28/2022,10:03:30,156,7.678,22.382,8.042,7.795,7.951
7/28/2022,10:03:31,157,7.688,22.379,8.043,7.804,7.961
7/28/2022,10:03:32,158,7.699,22.381,8.049,7.809,7.966
7/28/2022,10:03:33,159,7.704,22.383,8.05,7.816,7.973
7/28/2022,10:03:34,160,7.711,22.387,8.054,7.829,7.978
7/28/2022,10:03:35,161,7.717,22.389,8.057,7.832,7.987
7/28/2022,10:03:36,162,7.73,22.388,8.064,7.838,7.991
7/28/2022,10:03:37,163,7.74,22.39,8.065,7.846,7.994
7/28/2022,10:03:38,164,7.75,22.392,8.07,7.852,8.002
7/28/2022,10:03:39,165,7.754,22.395,8.07,7.859,8.007
7/28/2022,10:03:40,166,7.767,22.396,8.072,7.867,8.011
7/28/2022,10:03:41,167,7.768,22.394,8.075,7.874,8.023
7/28/2022,10:03:42,168,7.781,22.391,8.08,7.884,8.027
7/28/2022,10:03:43,169,7.787,22.389,8.088,7.89,8.028
7/28/2022,10:03:44,170,7.794,22.393,8.086,7.896,8.034
7/28/2022,10:03:45,171,7.798,22.398,8.089,7.9,8.034
7/28/2022,10:03:46,172,7.81,22.401,8.093,7.905,8.047
7/28/2022,10:03:47,173,7.816,22.404,8.1,7.913,8.046
7/28/2022,10:03:48,174,7.823,22.404,8.098,7.918,8.051
7/28/2022,10:03:49,175,7.83,22.403,8.102,7.925,8.057
7/28/2022,10:03:50,176,7.828,22.4,8.103,7.93,8.067
7/28/2022,10:03:51,177,7.84,22.397,8.106,7.939,8.066
7/28/2022,10:03:52,178,7.846,22.4,8.116,7.944,8.072
7/28/2022,10:03:53,179,7.855,22.397,8.113,7.945,8.077
7/28/2022,10:03:54,180,7.863,22.395,8.116,7.958,8.079
7/28/2022,10:03:55,181,7.87,22.391,8.117,7.961,8.083
7/28/2022,10:03:56,182,7.867,22.391,8.118,7.965,8.086
7/28/2022,10:03:57,183,7.879,22.392,8.119,7.966,8.097
7/28/2022,10:03:58,184,7.88,22.392,8.124,7.975,8.099
7/28/2022,10:03:59,185,7.885,22.389,8.126,7.979,8.095
7/28/2022,10:04:00,186,7.895,22.388,8.126,7.985,8.105
7/28/2022,10:04:01,187,7.9,22.383,8.129,7.991,8.104
7/28/2022,10:04:02,188,7.901,22.382,8.132,7.996,8.109
7/28/2022,10:04:03,189,7.909,22.379,8.133,7.997,8.107
7/28/2022,10:04:04,190,7.909,22.379,8.133,8.004,8.118
7/28/2022,10:04:05,191,7.918,22.379,8.133,8.012,8.113
7/28/2022,10:04:06,192,7.923,22.379,8.135,8.013,8.121
7/28/2022,10:04:07,193,7.927,22.379,8.139,8.017,8.125
7/28/2022,10:04:08,194,7.929,22.38,8.136,8.022,8.124
7/28/2022,10:04:09,195,7.931,22.38,8.143,8.027,8.131
7/28/2022,10:04:10,196,7.933,22.381,8.14,8.035,8.126
7/28/2022,10:04:11,197,7.936,22.384,8.149,8.033,8.131
7/28/2022,10:04:12,198,7.944,22.387,8.142,8.04,8.129
7/28/2022,10:04:13,199,7.943,22.389,8.143,8.045,8.137
7/28/2022,10:04:14,200,7.951,22.389,8.141,8.05,8.134
7/28/2022,10:04:15,201,7.952,22.389,8.146,8.051,8.137
7/28/2022,10:04:16,202,7.956,22.386,8.148,8.058,8.137
7/28/2022,10:04:17,203,7.961,22.384,8.151,8.055,8.144
7/28/2022,10:04:18,204,7.96,22.382,8.151,8.064,8.138
7/28/2022,10:04:19,205,7.965,22.385,8.151,8.067,8.137
7/28/2022,10:04:20,206,7.968,22.384,8.153,8.074,8.143
7/28/2022,10:04:21,207,7.969,22.383,8.153,8.068,8.144
7/28/2022,10:04:22,208,7.974,22.381,8.156,8.077,8.146
7/28/2022,10:04:23,209,7.981,22.379,8.157,8.078,8.152
7/28/2022,10:04:24,210,7.981,22.381,8.159,8.075,8.158
7/28/2022,10:04:25,211,7.983,22.382,8.16,8.082,8.156
7/28/2022,10:04:26,212,7.988,22.385,8.158,8.084,8.151
7/28/2022,10:04:27,213,7.985,22.393,8.158,8.081,8.158
7/28/2022,10:04:28,214,7.987,22.395,8.156,8.085,8.156
7/28/2022,10:04:29,215,7.982,22.397,8.158,8.086,8.154
7/28/2022,10:04:30,216,7.989,22.396,8.165,8.089,8.156
7/28/2022,10:04:31,217,7.986,22.394,8.164,8.097,8.161
7/28/2022,10:04:32,218,7.992,22.39,8.158,8.099,8.166
7/28/2022,10:04:33,219,7.994,22.382,8.161,8.099,8.171
7/28/2022,10:04:34,220,7.999,22.379,8.159,8.101,8.17
7/28/2022,10:04:35,221,7.999,22.378,8.161,8.105,8.165
7/28/2022,10:04:36,222,8.003,22.383,8.164,8.104,8.166
7/28/2022,10:04:37,223,8.005,22.386,8.161,8.106,8.167
7/28/2022,10:04:38,224,8.003,22.389,8.162,8.118,8.166
7/28/2022,10:04:39,225,8.007,22.387,8.16,8.115,8.168
7/28/2022,10:04:40,226,8.005,22.387,8.167,8.115,8.168
7/28/2022,10:04:41,227,8.004,22.387,8.161,8.114,8.171
7/28/2022,10:04:42,228,8.01,22.388,8.162,8.109,8.172
7/28/2022,10:04:43,229,8.009,22.394,8.167,8.115,8.163
7/28/2022,10:04:44,230,8.016,22.396,8.161,8.113,8.174
7/28/2022,10:04:45,231,8.015,22.394,8.164,8.118,8.175
7/28/2022,10:04:46,232,8.014,22.388,8.166,8.124,8.169
7/28/2022,10:04:47,233,8.015,22.382,8.164,8.125,8.176
7/28/2022,10:04:48,234,8.018,22.377,8.167,8.124,8.173
7/28/2022,10:04:49,235,8.017,22.377,8.173,8.127,8.177
7/28/2022,10:04:50,236,8.022,22.378,8.172,8.124,8.178
7/28/2022,10:04:51,237,8.023,22.381,8.163,8.128,8.176
7/28/2022,10:04:52,238,8.026,22.385,8.165,8.122,8.176
7/28/2022,10:04:53,239,8.023,22.387,8.167,8.128,8.172
7/28/2022,10:04:54,240,8.023,22.391,8.165,8.129,8.18
7/28/2022,10:04:55,241,8.029,22.393,8.167,8.125,8.176
7/28/2022,10:04:56,242,8.024,22.392,8.162,8.126,8.174
7/28/2022,10:04:57,243,8.025,22.391,8.169,8.134,8.178
7/28/2022,10:04:58,244,8.031,22.39,8.165,8.137,8.177
7/28/2022,10:04:59,245,8.037,22.39,8.166,8.135,8.178
7/28/2022,10:05:00,246,8.034,22.392,8.168,8.131,8.179
7/28/2022,10:05:01,247,8.033,22.395,8.168,8.14,8.179
7/28/2022,10:05:02,248,8.039,22.396,8.169,8.138,8.179
7/28/2022,10:05:03,249,8.041,22.397,8.171,8.137,8.182
7/28/2022,10:05:04,250,8.04,22.395,8.168,8.141,8.184
7/28/2022,10:05:05,251,8.032,22.397,8.164,8.144,8.182
7/28/2022,10:05:06,252,8.041,22.396,8.168,8.145,8.183
7/28/2022,10:05:07,253,8.037,22.397,8.169,8.142,8.181
7/28/2022,10:05:08,254,8.036,22.395,8.172,8.145,8.179
7/28/2022,10:05:09,255,8.042,22.392,8.172,8.151,8.18
7/28/2022,10:05:10,256,8.045,22.389,8.169,8.154,8.19
7/28/2022,10:05:11,257,8.042,22.387,8.17,8.152,8.188
7/28/2022,10:05:12,258,8.038,22.386,8.173,8.15,8.192
7/28/2022,10:05:13,259,8.041,22.385,8.174,8.149,8.187
7/28/2022,10:05:14,260,8.044,22.387,8.173,8.151,8.188
7/28/2022,10:05:15,261,8.04,22.388,8.172,8.152,8.189
7/28/2022,10:05:16,262,8.043,22.39,8.171,8.148,8.19
7/28/2022,10:05:17,263,8.042,22.39,8.173,8.154,8.191
7/28/2022,10:05:18,264,8.048,22.39,8.169,8.152,8.195
7/28/2022,10:05:19,265,8.043,22.388,8.178,8.157,8.19
7/28/2022,10:05:20,266,8.045,22.391,8.172,8.153,8.195
7/28/2022,10:05:21,267,8.046,22.392,8.173,8.152,8.185
7/28/2022,10:05:22,268,8.052,22.391,8.173,8.151,8.195
7/28/2022,10:05:23,269,8.046,22.391,8.171,8.161,8.191
7/28/2022,10:05:24,270,8.053,22.389,8.173,8.162,8.192
7/28/2022,10:05:25,271,8.045,22.388,8.176,8.163,8.193
7/28/2022,10:05:26,272,8.053,22.388,8.175,8.165,8.191
7/28/2022,10:05:27,273,8.053,22.388,8.173,8.16,8.186
7/28/2022,10:05:28,274,8.057,22.389,8.173,8.16,8.188
7/28/2022,10:05:29,275,8.055,22.388,8.175,8.158,8.195
7/28/2022,10:05:30,276,8.058,22.389,8.175,8.162,8.189
7/28/2022,10:05:31,277,8.055,22.389,8.178,8.164,8.189
7/28/2022,10:05:32,278,8.051,22.387,8.178,8.158,8.195
7/28/2022,10:05:33,279,8.055,22.385,8.177,8.165,8.191
7/28/2022,10:05:34,280,8.056,22.383,8.178,8.163,8.197
7/28/2022,10:05:35,281,8.055,22.385,8.175,8.166,8.193
7/28/2022,10:05:36,282,8.054,22.383,8.177,8.167,8.191
7/28/2022,10:05:37,283,8.058,22.38,8.176,8.165,8.194
7/28/2022,10:05:38,284,8.053,22.379,8.177,8.165,8.195
7/28/2022,10:05:39,285,8.06,22.377,8.181,8.165,8.196
7/28/2022,10:05:40,286,8.065,22.378,8.186,8.168,8.198
7/28/2022,10:05:41,287,8.059,22.38,8.183,8.165,8.194
7/28/2022,10:05:42,288,8.062,22.381,8.179,8.168,8.194
7/28/2022,10:05:43,289,8.056,22.383,8.176,8.169,8.196
7/28/2022,10:05:44,290,8.061,22.382,8.181,8.164,8.201
7/28/2022,10:05:45,291,8.057,22.381,8.177,8.174,8.192
7/28/2022,10:05:46,292,8.061,22.378,8.182,8.169,8.2
7/28/2022,10:05:47,293,8.063,22.377,8.179,8.172,8.195
7/28/2022,10:05:48,294,8.063,22.377,8.18,8.171,8.195
7/28/2022,10:05:49,295,8.07,22.376,8.181,8.169,8.206
7/28/2022,10:05:50,296,8.058,22.375,8.18,8.174,8.201
7/28/2022,10:05:51,297,8.066,22.372,8.177,8.17,8.199
7/28/2022,10:05:52,298,8.063,22.37,8.179,8.18,8.201
7/28/2022,10:05:53,299,8.069,22.368,8.181,8.183,8.205
7/28/2022,10:05:54,300,8.065,22.369,8.18,8.177,8.205
7/28/2022,10:05:55,301,8.068,22.374,8.183,8.173,8.201
7/28/2022,10:05:56,302,8.065,22.379,8.181,8.177,8.199
7/28/2022,10:05:57,303,8.072,22.384,8.177,8.174,8.201
7/28/2022,10:05:58,304,8.057,22.381,8.181,8.176,8.197
7/28/2022,10:05:59,305,8.069,22.381,8.178,8.173,8.2
7/28/2022,10:06:00,306,8.077,22.38,8.177,8.178,8.2
7/28/2022,10:06:01,307,8.073,22.379,8.178,8.177,8.201
7/28/2022,10:06:02,308,8.065,22.375,8.182,8.176,8.199
7/28/2022,10:06:03,309,8.067,22.372,8.184,8.179,8.201
7/28/2022,10:06:04,310,8.072,22.369,8.184,8.18,8.205
7/28/2022,10:06:05,311,8.072,22.369,8.185,8.172,8.205
7/28/2022,10:06:06,312,8.072,22.368,8.179,8.184,8.205
7/28/2022,10:06:07,313,8.067,22.369,8.178,8.183,8.207
7/28/2022,10:06:08,314,8.071,22.369,8.184,8.185,8.202
7/28/2022,10:06:09,315,8.073,22.372,8.182,8.179,8.2
7/28/2022,10:06:10,316,8.073,22.371,8.185,8.179,8.203
7/28/2022,10:06:11,317,8.07,22.372,8.183,8.176,8.204
7/28/2022,10:06:12,318,8.067,22.373,8.183,8.183,8.2
7/28/2022,10:06:13,319,8.074,22.372,8.189,8.179,8.201
7/28/2022,10:06:14,320,8.072,22.368,8.19,8.181,8.206
7/28/2022,10:06:15,321,8.067,22.368,8.19,8.181,8.207
7/28/2022,10:06:16,322,8.067,22.369,8.19,8.191,8.209
7/28/2022,10:06:17,323,8.072,22.371,8.183,8.183,8.21
7/28/2022,10:06:18,324,8.071,22.369,8.19,8.179,8.206
7/28/2022,10:06:19,325,8.074,22.367,8.187,8.184,8.205
7/28/2022,10:06:20,326,8.072,22.367,8.19,8.184,8.209
7/28/2022,10:06:21,327,8.07,22.367,8.185,8.182,8.21
7/28/2022,10:06:22,328,8.076,22.369,8.186,8.187,8.206
7/28/2022,10:06:23,329,8.072,22.368,8.19,8.186,8.209
7/28/2022,10:06:24,330,8.069,22.368,8.187,8.184,8.205
7/28/2022,10:06:25,331,8.071,22.37,8.189,8.183,8.202
7/28/2022,10:06:26,332,8.074,22.372,8.185,8.182,8.207
7/28/2022,10:06:27,333,8.069,22.376,8.181,8.184,8.205
7/28/2022,10:06:28,334,8.075,22.379,8.19,8.18,8.205
7/28/2022,10:06:29,335,8.075,22.383,8.186,8.185,8.203
7/28/2022,10:06:30,336,8.074,22.381,8.183,8.185,8.204
7/28/2022,10:06:31,337,8.075,22.382,8.188,8.19,8.205
7/28/2022,10:06:32,338,8.074,22.381,8.181,8.184,8.202
7/28/2022,10:06:33,339,8.072,22.381,8.186,8.183,8.206
7/28/2022,10:06:34,340,8.07,22.381,8.187,8.184,8.203
7/28/2022,10:06:35,341,8.073,22.383,8.181,8.19,8.208
7/28/2022,10:06:36,342,8.072,22.384,8.189,8.187,8.202
7/28/2022,10:06:37,343,8.071,22.382,8.183,8.19,8.205
7/28/2022,10:06:38,344,8.073,22.379,8.191,8.189,8.202
7/28/2022,10:06:39,345,8.078,22.381,8.184,8.194,8.199
7/28/2022,10:06:40,346,8.072,22.378,8.185,8.186,8.206
7/28/2022,10:06:41,347,8.075,22.378,8.187,8.186,8.211
7/28/2022,10:06:42,348,8.077,22.378,8.192,8.194,8.211
7/28/2022,10:06:43,349,8.074,22.379,8.19,8.192,8.205
7/28/2022,10:06:44,350,8.07,22.378,8.189,8.193,8.206
7/28/2022,10:06:45,351,8.075,22.375,8.185,8.193,8.214
7/28/2022,10:06:46,352,8.075,22.374,8.187,8.189,8.211
7/28/2022,10:06:47,353,8.075,22.376,8.191,8.192,8.202
7/28/2022,10:06:48,354,8.075,22.374,8.191,8.197,8.206
7/28/2022,10:06:49,355,8.078,22.372,8.191,8.192,8.202
7/28/2022,10:06:50,356,8.074,22.368,8.191,8.195,8.205
7/28/2022,10:06:51,357,8.083,22.369,8.19,8.196,8.207
7/28/2022,10:06:52,358,8.078,22.368,8.189,8.192,8.211
7/28/2022,10:06:53,359,8.078,22.37,8.188,8.198,8.214
7/28/2022,10:06:54,360,8.073,22.367,8.19,8.197,8.212
7/28/2022,10:06:55,361,8.082,22.368,8.19,8.195,8.207
7/28/2022,10:06:56,362,8.076,22.368,8.196,8.194,8.21
7/28/2022,10:06:57,363,8.075,22.369,8.19,8.193,8.208
7/28/2022,10:06:58,364,8.075,22.37,8.196,8.197,8.204
7/28/2022,10:06:59,365,8.081,22.369,8.195,8.198,8.207
7/28/2022,10:07:00,366,8.08,22.37,8.197,8.191,8.212
7/28/2022,10:07:01,367,8.081,22.37,8.196,8.191,8.216
7/28/2022,10:07:02,368,8.085,22.371,8.194,8.196,8.214
7/28/2022,10:07:03,369,8.081,22.368,8.194,8.194,8.211
7/28/2022,10:07:04,370,8.076,22.369,8.19,8.196,8.211
7/28/2022,10:07:05,371,8.08,22.372,8.196,8.196,8.212
7/28/2022,10:07:06,372,8.083,22.373,8.193,8.19,8.213
7/28/2022,10:07:07,373,8.083,22.372,8.196,8.192,8.209
7/28/2022,10:07:08,374,8.083,22.37,8.193,8.196,8.206
7/28/2022,10:07:09,375,8.081,22.37,8.199,8.193,8.211
7/28/2022,10:07:10,376,8.079,22.369,8.188,8.191,8.21
7/28/2022,10:07:11,377,8.082,22.37,8.195,8.193,8.209
7/28/2022,10:07:12,378,8.077,22.37,8.19,8.193,8.208
7/28/2022,10:07:13,379,8.076,22.369,8.187,8.188,8.205
7/28/2022,10:07:14,380,8.078,22.366,8.188,8.191,8.21
7/28/2022,10:07:15,381,8.07,22.364,8.19,8.192,8.211
7/28/2022,10:07:16,382,8.071,22.363,8.19,8.191,8.205
7/28/2022,10:07:17,383,8.07,22.362,8.187,8.183,8.203
7/28/2022,10:07:18,384,8.072,22.359,8.188,8.192,8.202
7/28/2022,10:07:19,385,8.062,22.358,8.192,8.185,8.203
7/28/2022,10:07:20,386,8.063,22.359,8.192,8.187,8.203
7/28/2022,10:07:21,387,8.061,22.361,8.189,8.186,8.199
7/28/2022,10:07:22,388,8.066,22.361,8.186,8.183,8.198
7/28/2022,10:07:23,389,8.059,22.362,8.184,8.185,8.2
7/28/2022,10:07:24,390,8.059,22.362,8.186,8.184,8.201
7/28/2022,10:07:25,391,8.061,22.358,8.188,8.182,8.198
7/28/2022,10:07:26,392,8.054,22.354,8.186,8.186,8.202
7/28/2022,10:07:27,393,8.052,22.353,8.185,8.186,8.2
7/28/2022,10:07:28,394,8.051,22.355,8.188,8.185,8.198
7/28/2022,10:07:29,395,8.05,22.357,8.184,8.181,8.189
7/28/2022,10:07:30,396,8.048,22.36,8.185,8.178,8.193
7/28/2022,10:07:31,397,8.046,22.362,8.187,8.179,8.196
7/28/2022,10:07:32,398,8.047,22.363,8.182,8.176,8.19
7/28/2022,10:07:33,399,8.041,22.362,8.181,8.177,8.192
7/28/2022,10:07:34,400,8.038,22.361,8.18,8.168,8.185
7/28/2022,10:07:35,401,8.036,22.362,8.181,8.167,8.185
7/28/2022,10:07:36,402,8.034,22.363,8.18,8.164,8.188
7/28/2022,10:07:37,403,8.036,22.366,8.174,8.166,8.186
7/28/2022,10:07:38,404,8.03,22.367,8.179,8.167,8.18
7/28/2022,10:07:39,405,8.031,22.369,8.175,8.166,8.181
7/28/2022,10:07:40,406,8.022,22.369,8.183,8.164,8.184
7/28/2022,10:07:41,407,8.027,22.366,8.174,8.157,8.181
7/28/2022,10:07:42,408,8.028,22.364,8.169,8.159,8.182
7/28/2022,10:07:43,409,8.024,22.36,8.176,8.16,8.179
7/28/2022,10:07:44,410,8.023,22.358,8.178,8.162,8.177
7/28/2022,10:07:45,411,8.028,22.355,8.176,8.161,8.177
7/28/2022,10:07:46,412,8.021,22.354,8.171,8.157,8.175
7/28/2022,10:07:47,413,8.019,22.354,8.172,8.157,8.176
7/28/2022,10:07:48,414,8.018,22.352,8.172,8.161,8.173
7/28/2022,10:07:49,415,8.015,22.352,8.171,8.155,8.169
7/28/2022,10:07:50,416,8.013,22.352,8.166,8.155,8.172
7/28/2022,10:07:51,417,8.016,22.352,8.168,8.151,8.169
7/28/2022,10:07:52,418,8.011,22.354,8.166,8.149,8.168
7/28/2022,10:07:53,419,8.007,22.352,8.164,8.156,8.164
7/28/2022,10:07:54,420,8.008,22.35,8.168,8.152,8.168
7/28/2022,10:07:55,421,8.006,22.348,8.168,8.149,8.163
7/28/2022,10:07:56,422,7.996,22.347,8.161,8.148,8.162
7/28/2022,10:07:57,423,8.001,22.347,8.167,8.142,8.158
7/28/2022,10:07:58,424,8,22.345,8.164,8.144,8.163
7/28/2022,10:07:59,425,8.001,22.346,8.165,8.146,8.167
7/28/2022,10:08:00,426,7.997,22.346,8.166,8.143,8.169
7/28/2022,10:08:01,427,7.986,22.347,8.17,8.144,8.163
7/28/2022,10:08:02,428,7.993,22.346,8.165,8.141,8.158
7/28/2022,10:08:03,429,7.987,22.347,8.163,8.138,8.162
7/28/2022,10:08:04,430,7.987,22.346,8.161,8.141,8.159
7/28/2022,10:08:05,431,7.99,22.346,8.164,8.137,8.16
7/28/2022,10:08:06,432,7.99,22.346,8.162,8.137,8.159
7/28/2022,10:08:07,433,7.985,22.344,8.163,8.133,8.155
7/28/2022,10:08:08,434,7.983,22.346,8.167,8.135,8.153
7/28/2022,10:08:09,435,7.986,22.343,8.157,8.137,8.155
7/28/2022,10:08:10,436,7.977,22.34,8.164,8.132,8.154
7/28/2022,10:08:11,437,7.985,22.34,8.159,8.132,8.151
7/28/2022,10:08:12,438,7.978,22.341,8.16,8.132,8.146
7/28/2022,10:08:13,439,7.977,22.345,8.159,8.125,8.147
7/28/2022,10:08:14,440,7.973,22.344,8.156,8.129,8.152
7/28/2022,10:08:15,441,7.976,22.347,8.154,8.123,8.146
7/28/2022,10:08:16,442,7.975,22.346,8.152,8.123,8.147
7/28/2022,10:08:17,443,7.965,22.346,8.156,8.121,8.143
7/28/2022,10:08:18,444,7.965,22.344,8.154,8.123,8.143
7/28/2022,10:08:19,445,7.965,22.343,8.15,8.12,8.147
7/28/2022,10:08:20,446,7.96,22.342,8.154,8.119,8.147
7/28/2022,10:08:21,447,7.959,22.342,8.155,8.108,8.139
7/28/2022,10:08:22,448,7.96,22.342,8.152,8.113,8.139
7/28/2022,10:08:23,449,7.961,22.346,8.152,8.109,8.136
7/28/2022,10:08:24,450,7.957,22.347,8.143,8.107,8.131
7/28/2022,10:08:25,451,7.952,22.346,8.15,8.108,8.134
7/28/2022,10:08:26,452,7.951,22.347,8.147,8.106,8.138
7/28/2022,10:08:27,453,7.953,22.346,8.15,8.105,8.133
7/28/2022,10:08:28,454,7.942,22.344,8.148,8.109,8.132
7/28/2022,10:08:29,455,7.946,22.345,8.152,8.102,8.138
7/28/2022,10:08:30,456,7.94,22.346,8.149,8.105,8.132
7/28/2022,10:08:31,457,7.945,22.346,8.145,8.1,8.131
7/28/2022,10:08:32,458,7.938,22.345,8.148,8.098,8.132
7/28/2022,10:08:33,459,7.942,22.344,8.145,8.097,8.126
7/28/2022,10:08:34,460,7.939,22.344,8.147,8.1,8.123
7/28/2022,10:08:35,461,7.936,22.344,8.141,8.098,8.125
7/28/2022,10:08:36,462,7.937,22.346,8.143,8.1,8.128
7/28/2022,10:08:37,463,7.931,22.348,8.139,8.094,8.121
7/28/2022,10:08:38,464,7.94,22.351,8.146,8.091,8.121
7/28/2022,10:08:39,465,7.926,22.35,8.138,8.087,8.119
7/28/2022,10:08:40,466,7.921,22.348,8.135,8.085,8.121
7/28/2022,10:08:41,467,7.928,22.343,8.14,8.09,8.116
7/28/2022,10:08:42,468,7.921,22.343,8.137,8.086,8.118
7/28/2022,10:08:43,469,7.927,22.343,8.14,8.081,8.121
7/28/2022,10:08:44,470,7.922,22.341,8.139,8.083,8.12
7/28/2022,10:08:45,471,7.918,22.341,8.133,8.085,8.115
7/28/2022,10:08:46,472,7.921,22.341,8.137,8.08,8.111
7/28/2022,10:08:47,473,7.918,22.346,8.138,8.087,8.112
7/28/2022,10:08:48,474,7.916,22.35,8.133,8.076,8.11
7/28/2022,10:08:49,475,7.913,22.352,8.131,8.077,8.115
7/28/2022,10:08:50,476,7.911,22.349,8.134,8.082,8.102
7/28/2022,10:08:51,477,7.908,22.347,8.135,8.083,8.111
7/28/2022,10:08:52,478,7.91,22.348,8.13,8.07,8.102
7/28/2022,10:08:53,479,7.907,22.349,8.135,8.074,8.106
7/28/2022,10:08:54,480,7.908,22.347,8.127,8.074,8.103
7/28/2022,10:08:55,481,7.903,22.343,8.13,8.071,8.107
7/28/2022,10:08:56,482,7.9,22.338,8.13,8.068,8.103
7/28/2022,10:08:57,483,7.897,22.338,8.132,8.07,8.103
7/28/2022,10:08:58,484,7.897,22.339,8.128,8.071,8.105
7/28/2022,10:08:59,485,7.888,22.342,8.131,8.067,8.106
7/28/2022,10:09:00,486,7.893,22.348,8.126,8.061,8.097
7/28/2022,10:09:01,487,7.888,22.356,8.122,8.06,8.092
7/28/2022,10:09:02,488,7.879,22.365,8.12,8.056,8.091
7/28/2022,10:09:03,489,7.881,22.372,8.115,8.058,8.092
7/28/2022,10:09:04,490,7.878,22.373,8.117,8.06,8.091
7/28/2022,10:09:05,491,7.877,22.371,8.117,8.052,8.086
7/28/2022,10:09:06,492,7.87,22.368,8.117,8.056,8.087
7/28/2022,10:09:07,493,7.874,22.369,8.117,8.052,8.086
7/28/2022,10:09:08,494,7.863,22.367,8.121,8.048,8.087
7/28/2022,10:09:09,495,7.869,22.364,8.119,8.05,8.084
7/28/2022,10:09:10,496,7.869,22.36,8.119,8.048,8.088
7/28/2022,10:09:11,497,7.874,22.355,8.117,8.052,8.084
7/28/2022,10:09:12,498,7.868,22.354,8.117,8.047,8.087
7/28/2022,10:09:13,499,7.866,22.352,8.118,8.047,8.074
7/28/2022,10:09:14,500,7.863,22.352,8.117,8.048,8.084
7/28/2022,10:09:15,501,7.861,22.35,8.118,8.042,8.079
7/28/2022,10:09:16,502,7.863,22.347,8.115,8.048,8.074
7/28/2022,10:09:17,503,7.861,22.344,8.112,8.047,8.079
7/28/2022,10:09:18,504,7.858,22.345,8.118,8.045,8.078
7/28/2022,10:09:19,505,7.86,22.345,8.114,8.04,8.078
7/28/2022,10:09:20,506,7.857,22.348,8.116,8.041,8.072
7/28/2022,10:09:21,507,7.85,22.348,8.113,8.037,8.078
7/28/2022,10:09:22,508,7.851,22.348,8.111,8.034,8.069
7/28/2022,10:09:23,509,7.855,22.346,8.113,8.039,8.078
7/28/2022,10:09:24,510,7.852,22.344,8.112,8.036,8.077
7/28/2022,10:09:25,511,7.85,22.342,8.112,8.031,8.074
7/28/2022,10:09:26,512,7.846,22.339,8.111,8.035,8.068
7/28/2022,10:09:27,513,7.847,22.339,8.111,8.033,8.062
7/28/2022,10:09:28,514,7.842,22.339,8.105,8.025,8.067
7/28/2022,10:09:29,515,7.836,22.338,8.108,8.033,8.065
7/28/2022,10:09:30,516,7.839,22.334,8.115,8.03,8.066
7/28/2022,10:09:31,517,7.842,22.331,8.111,8.027,8.065
7/28/2022,10:09:32,518,7.841,22.33,8.115,8.028,8.063
7/28/2022,10:09:33,519,7.833,22.33,8.116,8.027,8.065
7/28/2022,10:09:34,520,7.836,22.33,8.114,8.025,8.064
7/28/2022,10:09:35,521,7.829,22.332,8.109,8.017,8.061
7/28/2022,10:09:36,522,7.83,22.334,8.107,8.023,8.059
7/28/2022,10:09:37,523,7.827,22.336,8.11,8.021,8.058
7/28/2022,10:09:38,524,7.827,22.336,8.103,8.016,8.062
7/28/2022,10:09:39,525,7.826,22.336,8.104,8.017,8.052
7/28/2022,10:09:40,526,7.822,22.335,8.1,8.013,8.062
7/28/2022,10:09:41,527,7.819,22.337,8.102,8.013,8.049
7/28/2022,10:09:42,528,7.819,22.339,8.11,8.011,8.054
7/28/2022,10:09:43,529,7.812,22.338,8.103,8.015,8.053
7/28/2022,10:09:44,530,7.811,22.338,8.105,8.01,8.052
7/28/2022,10:09:45,531,7.812,22.336,8.1,8.009,8.054
7/28/2022,10:09:46,532,7.815,22.334,8.103,8.006,8.046
7/28/2022,10:09:47,533,7.813,22.332,8.1,8.002,8.044
7/28/2022,10:09:48,534,7.813,22.33,8.106,8.006,8.05
7/28/2022,10:09:49,535,7.811,22.33,8.105,8.005,8.047
7/28/2022,10:09:50,536,7.804,22.333,8.106,8.005,8.044
7/28/2022,10:09:51,537,7.807,22.333,8.099,8.003,8.046
7/28/2022,10:09:52,538,7.804,22.334,8.102,7.999,8.041
7/28/2022,10:09:53,539,7.805,22.334,8.101,8.001,8.036
7/28/2022,10:09:54,540,7.799,22.336,8.102,8,8.037
7/28/2022,10:09:55,541,7.799,22.334,8.098,7.993,8.042
7/28/2022,10:09:56,542,7.791,22.332,8.096,7.995,8.043
7/28/2022,10:09:57,543,7.796,22.33,8.097,7.993,8.037
7/28/2022,10:09:58,544,7.79,22.327,8.095,7.997,8.037
7/28/2022,10:09:59,545,7.786,22.324,8.095,7.992,8.03
7/28/2022,10:10:00,546,7.785,22.323,8.095,7.988,8.033
7/28/2022,10:10:01,547,7.782,22.322,8.096,7.992,8.032
7/28/2022,10:10:02,548,7.785,22.322,8.097,7.98,8.033
7/28/2022,10:10:03,549,7.779,22.321,8.096,7.986,8.027
7/28/2022,10:10:04,550,7.784,22.321,8.093,7.979,8.028
7/28/2022,10:10:05,551,7.78,22.322,8.092,7.981,8.027
7/28/2022,10:10:06,552,7.783,22.323,8.093,7.984,8.027
7/28/2022,10:10:07,553,7.773,22.325,8.091,7.981,8.022
7/28/2022,10:10:08,554,7.773,22.329,8.091,7.977,8.02
7/28/2022,10:10:09,555,7.769,22.331,8.087,7.978,8.022
7/28/2022,10:10:10,556,7.77,22.334,8.09,7.975,8.018
7/28/2022,10:10:11,557,7.77,22.333,8.086,7.976,8.015
7/28/2022,10:10:12,558,7.767,22.331,8.091,7.972,8.017
7/28/2022,10:10:13,559,7.768,22.33,8.085,7.972,8.016
7/28/2022,10:10:14,560,7.766,22.329,8.084,7.973,8.015
7/28/2022,10:10:15,561,7.762,22.326,8.086,7.969,8.014
7/28/2022,10:10:16,562,7.766,22.324,8.093,7.97,8.019
7/28/2022,10:10:17,563,7.755,22.324,8.09,7.969,8.014
7/28/2022,10:10:18,564,7.754,22.325,8.088,7.966,8.012
7/28/2022,10:10:19,565,7.758,22.326,8.078,7.965,8.008
7/28/2022,10:10:20,566,7.756,22.325,8.083,7.959,8.014
7/28/2022,10:10:21,567,7.755,22.324,8.087,7.961,8.012
7/28/2022,10:10:22,568,7.75,22.323,8.079,7.958,8.008
7/28/2022,10:10:23,569,7.748,22.323,8.08,7.957,8.011
7/28/2022,10:10:24,570,7.743,22.326,8.082,7.958,8.011
7/28/2022,10:10:25,571,7.746,22.326,8.08,7.958,8.006
7/28/2022,10:10:26,572,7.735,22.325,8.085,7.955,8.01
7/28/2022,10:10:27,573,7.742,22.324,8.084,7.957,8.007
7/28/2022,10:10:28,574,7.739,22.326,8.081,7.951,8.003
7/28/2022,10:10:29,575,7.736,22.329,8.075,7.95,8.001
7/28/2022,10:10:30,576,7.732,22.331,8.075,7.946,7.998
7/28/2022,10:10:31,577,7.732,22.331,8.079,7.947,7.998
7/28/2022,10:10:32,578,7.728,22.328,8.076,7.946,7.999
7/28/2022,10:10:33,579,7.733,22.326,8.073,7.948,8.005
7/28/2022,10:10:34,580,7.73,22.324,8.076,7.95,7.993
7/28/2022,10:10:35,581,7.731,22.325,8.07,7.94,7.996
7/28/2022,10:10:36,582,7.727,22.324,8.074,7.939,7.99
7/28/2022,10:10:37,583,7.727,22.325,8.067,7.941,7.995
7/28/2022,10:10:38,584,7.719,22.326,8.071,7.935,7.99
7/28/2022,10:10:39,585,7.723,22.331,8.069,7.932,7.988
7/28/2022,10:10:40,586,7.714,22.335,8.066,7.935,7.988
7/28/2022,10:10:41,587,7.716,22.337,8.067,7.932,7.982
7/28/2022,10:10:42,588,7.718,22.334,8.068,7.931,7.982
7/28/2022,10:10:43,589,7.712,22.334,8.067,7.933,7.985
7/28/2022,10:10:44,590,7.711,22.331,8.064,7.934,7.98
7/28/2022,10:10:45,591,7.709,22.329,8.069,7.924,7.977
7/28/2022,10:10:46,592,7.71,22.324,8.067,7.922,7.982
7/28/2022,10:10:47,593,7.705,22.322,8.069,7.926,7.977
7/28/2022,10:10:48,594,7.706,22.321,8.067,7.93,7.982
7/28/2022,10:10:49,595,7.706,22.318,8.065,7.926,7.975
7/28/2022,10:10:50,596,7.707,22.319,8.066,7.919,7.976
7/28/2022,10:10:51,597,7.7,22.32,8.063,7.925,7.976
7/28/2022,10:10:52,598,7.696,22.322,8.059,7.919,7.978
7/28/2022,10:10:53,599,7.695,22.321,8.069,7.918,7.975
7/28/2022,10:10:54,600,7.693,22.32,8.069,7.917,7.974
7/28/2022,10:10:55,601,7.69,22.319,8.063,7.919,7.97
7/28/2022,10:10:56,602,7.693,22.317,8.065,7.914,7.973
7/28/2022,10:10:57,603,7.686,22.315,8.064,7.914,7.967
7/28/2022,10:10:58,604,7.692,22.315,8.065,7.915,7.967
7/28/2022,10:10:59,605,7.685,22.318,8.063,7.912,7.968
7/28/2022,10:11:00,606,7.687,22.319,8.064,7.908,7.962
7/28/2022,10:11:01,607,7.681,22.322,8.057,7.906,7.964
7/28/2022,10:11:02,608,7.682,22.322,8.061,7.9,7.962
7/28/2022,10:11:03,609,7.677,22.321,8.058,7.906,7.962
7/28/2022,10:11:04,610,7.677,22.321,8.058,7.902,7.957
7/28/2022,10:11:05,611,7.675,22.32,8.058,7.905,7.96
7/28/2022,10:11:06,612,7.675,22.32,8.053,7.897,7.957
7/28/2022,10:11:07,613,7.674,22.317,8.055,7.902,7.96
7/28/2022,10:11:08,614,7.67,22.316,8.055,7.9,7.957
7/28/2022,10:11:09,615,7.67,22.315,8.057,7.895,7.958
7/28/2022,10:11:10,616,7.671,22.316,8.05,7.892,7.963
7/28/2022,10:11:11,617,7.661,22.319,8.052,7.899,7.956
7/28/2022,10:11:12,618,7.662,22.32,8.049,7.89,7.953
7/28/2022,10:11:13,619,7.661,22.32,8.051,7.893,7.956
7/28/2022,10:11:14,620,7.657,22.321,8.048,7.887,7.953
7/28/2022,10:11:15,621,7.652,22.32,8.047,7.892,7.947
7/28/2022,10:11:16,622,7.661,22.318,8.046,7.886,7.953
7/28/2022,10:11:17,623,7.653,22.317,8.046,7.884,7.953
7/28/2022,10:11:18,624,7.653,22.316,8.042,7.886,7.95
7/28/2022,10:11:19,625,7.652,22.317,8.05,7.886,7.95
7/28/2022,10:11:20,626,7.652,22.314,8.044,7.884,7.944
7/28/2022,10:11:21,627,7.648,22.314,8.05,7.882,7.944
7/28/2022,10:11:22,628,7.646,22.313,8.051,7.882,7.941
7/28/2022,10:11:23,629,7.643,22.315,8.043,7.873,7.945
7/28/2022,10:11:24,630,7.641,22.316,8.049,7.875,7.941
7/28/2022,10:11:25,631,7.638,22.317,8.048,7.871,7.938
7/28/2022,10:11:26,632,7.64,22.319,8.05,7.875,7.94
7/28/2022,10:11:27,633,7.637,22.319,8.042,7.874,7.931
7/28/2022,10:11:28,634,7.633,22.318,8.045,7.865,7.94
7/28/2022,10:11:29,635,7.632,22.319,8.047,7.866,7.936
7/28/2022,10:11:30,636,7.629,22.321,8.041,7.87,7.93
7/28/2022,10:11:31,637,7.626,22.325,8.041,7.866,7.928
7/28/2022,10:11:32,638,7.626,22.326,8.038,7.867,7.93
7/28/2022,10:11:33,639,7.622,22.325,8.038,7.864,7.927
7/28/2022,10:11:34,640,7.621,22.325,8.041,7.861,7.932
7/28/2022,10:11:35,641,7.62,22.322,8.038,7.86,7.927
7/28/2022,10:11:36,642,7.621,22.32,8.037,7.863,7.926
7/28/2022,10:11:37,643,7.621,22.317,8.039,7.857,7.919
7/28/2022,10:11:38,644,7.622,22.315,8.038,7.856,7.927
7/28/2022,10:11:39,645,7.614,22.314,8.039,7.853,7.922
7/28/2022,10:11:40,646,7.616,22.314,8.038,7.857,7.928
7/28/2022,10:11:41,647,7.615,22.316,8.038,7.855,7.922
7/28/2022,10:11:42,648,7.614,22.316,8.038,7.861,7.916
7/28/2022,10:11:43,649,7.61,22.315,8.029,7.849,7.925
7/28/2022,10:11:44,650,7.607,22.316,8.034,7.854,7.918
7/28/2022,10:11:45,651,7.604,22.315,8.03,7.85,7.916
7/28/2022,10:11:46,652,7.602,22.317,8.03,7.847,7.913
7/28/2022,10:11:47,653,7.606,22.317,8.034,7.847,7.916
7/28/2022,10:11:48,654,7.598,22.315,8.033,7.843,7.915
7/28/2022,10:11:49,655,7.593,22.315,8.033,7.843,7.915
7/28/2022,10:11:50,656,7.596,22.315,8.029,7.841,7.913
7/28/2022,10:11:51,657,7.594,22.315,8.026,7.841,7.911
7/28/2022,10:11:52,658,7.592,22.315,8.032,7.842,7.91
7/28/2022,10:11:53,659,7.592,22.317,8.029,7.836,7.91
7/28/2022,10:11:54,660,7.584,22.318,8.029,7.834,7.902
7/28/2022,10:11:55,661,7.584,22.318,8.03,7.834,7.908
7/28/2022,10:11:56,662,7.589,22.316,8.033,7.832,7.903
7/28/2022,10:11:57,663,7.587,22.313,8.033,7.835,7.901
7/28/2022,10:11:58,664,7.586,22.314,8.035,7.83,7.901
7/28/2022,10:11:59,665,7.579,22.313,8.034,7.831,7.9
7/28/2022,10:12:00,666,7.578,22.311,8.029,7.826,7.896
7/28/2022,10:12:01,667,7.576,22.313,8.029,7.829,7.898
7/28/2022,10:12:02,668,7.574,22.312,8.029,7.825,7.893
7/28/2022,10:12:03,669,7.574,22.315,8.025,7.827,7.896
7/28/2022,10:12:04,670,7.577,22.317,8.022,7.822,7.891
7/28/2022,10:12:05,671,7.57,22.319,8.027,7.828,7.892
7/28/2022,10:12:06,672,7.565,22.319,8.022,7.821,7.888
7/28/2022,10:12:07,673,7.567,22.319,8.021,7.82,7.89
7/28/2022,10:12:08,674,7.562,22.323,8.021,7.814,7.886
7/28/2022,10:12:09,675,7.556,22.329,8.023,7.811,7.889
7/28/2022,10:12:10,676,7.562,22.332,8.016,7.815,7.89
7/28/2022,10:12:11,677,7.554,22.334,8.016,7.818,7.879
7/28/2022,10:12:12,678,7.557,22.331,8.021,7.809,7.885
7/28/2022,10:12:13,679,7.553,22.331,8.013,7.807,7.885
7/28/2022,10:12:14,680,7.555,22.332,8.014,7.803,7.877
7/28/2022,10:12:15,681,7.547,22.335,8.013,7.801,7.882
7/28/2022,10:12:16,682,7.548,22.335,8.019,7.802,7.876
7/28/2022,10:12:17,683,7.545,22.336,8.012,7.801,7.876
7/28/2022,10:12:18,684,7.539,22.334,8.015,7.804,7.873
7/28/2022,10:12:19,685,7.535,22.334,8.016,7.798,7.872
7/28/2022,10:12:20,686,7.544,22.332,8.012,7.798,7.877
7/28/2022,10:12:21,687,7.542,22.326,8.012,7.798,7.877
7/28/2022,10:12:22,688,7.535,22.32,8.013,7.801,7.879
7/28/2022,10:12:23,689,7.535,22.314,8.014,7.796,7.875
7/28/2022,10:12:24,690,7.536,22.314,8.012,7.795,7.875
7/28/2022,10:12:25,691,7.535,22.318,8.012,7.793,7.873
7/28/2022,10:12:26,692,7.534,22.322,8.01,7.793,7.867
7/28/2022,10:12:27,693,7.528,22.324,8.013,7.792,7.868
7/28/2022,10:12:28,694,7.527,22.323,8.009,7.788,7.875
7/28/2022,10:12:29,695,7.529,22.323,8.005,7.789,7.869
7/28/2022,10:12:30,696,7.526,22.32,8.006,7.786,7.871
7/28/2022,10:12:31,697,7.525,22.317,8.011,7.788,7.867
7/28/2022,10:12:32,698,7.523,22.314,8.011,7.786,7.868
7/28/2022,10:12:33,699,7.523,22.311,8.006,7.782,7.862
7/28/2022,10:12:34,700,7.517,22.31,8.006,7.776,7.867
7/28/2022,10:12:35,701,7.517,22.311,8.006,7.784,7.864
7/28/2022,10:12:36,702,7.513,22.312,8.004,7.777,7.864
7/28/2022,10:12:37,703,7.511,22.315,8.006,7.778,7.863
7/28/2022,10:12:38,704,7.514,22.316,8.002,7.777,7.859
7/28/2022,10:12:39,705,7.513,22.318,7.997,7.774,7.858
7/28/2022,10:12:40,706,7.508,22.32,8,7.773,7.855
7/28/2022,10:12:41,707,7.506,22.32,8.004,7.773,7.855
7/28/2022,10:12:42,708,7.502,22.324,8.002,7.768,7.852
7/28/2022,10:12:43,709,7.503,22.323,8.001,7.77,7.853
7/28/2022,10:12:44,710,7.498,22.321,7.999,7.764,7.853
7/28/2022,10:12:45,711,7.497,22.319,8,7.763,7.852
7/28/2022,10:12:46,712,7.494,22.319,7.996,7.768,7.846
7/28/2022,10:12:47,713,7.497,22.317,7.995,7.767,7.849
7/28/2022,10:12:48,714,7.494,22.316,7.997,7.763,7.849
7/28/2022,10:12:49,715,7.496,22.314,7.996,7.76,7.85
7/28/2022,10:12:50,716,7.486,22.312,8.001,7.763,7.851
7/28/2022,10:12:51,717,7.491,22.31,7.995,7.758,7.839
7/28/2022,10:12:52,718,7.49,22.31,7.995,7.756,7.846
7/28/2022,10:12:53,719,7.488,22.312,7.995,7.757,7.843
7/28/2022,10:12:54,720,7.479,22.314,7.998,7.752,7.843
7/28/2022,10:12:55,721,7.482,22.315,7.995,7.749,7.843
7/28/2022,10:12:56,722,7.479,22.314,7.991,7.752,7.844
7/28/2022,10:12:57,723,7.481,22.31,7.99,7.75,7.844
7/28/2022,10:12:58,724,7.472,22.307,7.996,7.755,7.84
7/28/2022,10:12:59,725,7.473,22.305,7.994,7.749,7.839
7/28/2022,10:13:00,726,7.471,22.308,7.991,7.753,7.833
7/28/2022,10:13:01,727,7.472,22.308,8,7.748,7.833
7/28/2022,10:13:02,728,7.468,22.311,7.993,7.748,7.833
7/28/2022,10:13:03,729,7.468,22.315,7.993,7.741,7.837
7/28/2022,10:13:04,730,7.465,22.319,7.988,7.746,7.83
7/28/2022,10:13:05,731,7.47,22.321,7.989,7.738,7.828
7/28/2022,10:13:06,732,7.47,22.319,7.992,7.745,7.836
7/28/2022,10:13:07,733,7.48,22.317,7.996,7.74,7.831
7/28/2022,10:13:08,734,7.488,22.313,8.002,7.742,7.84
7/28/2022,10:13:09,735,7.499,22.312,8.006,7.746,7.849
7/28/2022,10:13:10,736,7.506,22.311,8.01,7.748,7.844
7/28/2022,10:13:11,737,7.518,22.31,8.012,7.751,7.853
7/28/2022,10:13:12,738,7.538,22.313,8.015,7.752,7.871
7/28/2022,10:13:13,739,7.545,22.317,8.027,7.75,7.874
7/28/2022,10:13:14,740,7.56,22.319,8.026,7.76,7.88
7/28/2022,10:13:15,741,7.57,22.321,8.031,7.762,7.881
7/28/2022,10:13:16,742,7.583,22.317,8.038,7.764,7.901
7/28/2022,10:13:17,743,7.593,22.315,8.05,7.773,7.905
7/28/2022,10:13:18,744,7.612,22.313,8.049,7.779,7.912
7/28/2022,10:13:19,745,7.621,22.312,8.054,7.783,7.925
7/28/2022,10:13:20,746,7.631,22.312,8.054,7.787,7.935
7/28/2022,10:13:21,747,7.648,22.31,8.063,7.799,7.944
7/28/2022,10:13:22,748,7.663,22.308,8.07,7.803,7.951
7/28/2022,10:13:23,749,7.671,22.309,8.074,7.812,7.96
7/28/2022,10:13:24,750,7.684,22.313,8.082,7.815,7.969
7/28/2022,10:13:25,751,7.69,22.317,8.075,7.824,7.978
7/28/2022,10:13:26,752,7.698,22.32,8.085,7.835,7.983
7/28/2022,10:13:27,753,7.707,22.318,8.085,7.836,7.993
7/28/2022,10:13:28,754,7.722,22.319,8.096,7.845,7.997
7/28/2022,10:13:29,755,7.732,22.317,8.097,7.859,8.014
7/28/2022,10:13:30,756,7.746,22.317,8.1,7.857,8.018
7/28/2022,10:13:31,757,7.755,22.318,8.11,7.869,8.024
7/28/2022,10:13:32,758,7.762,22.32,8.109,7.872,8.028
7/28/2022,10:13:33,759,7.769,22.322,8.114,7.885,8.032
7/28/2022,10:13:34,760,7.775,22.319,8.12,7.893,8.046
7/28/2022,10:13:35,761,7.793,22.317,8.121,7.897,8.05
7/28/2022,10:13:36,762,7.802,22.316,8.122,7.909,8.056
7/28/2022,10:13:37,763,7.802,22.321,8.132,7.918,8.064
7/28/2022,10:13:38,764,7.806,22.325,8.13,7.927,8.068
7/28/2022,10:13:39,765,7.82,22.327,8.138,7.938,8.076
7/28/2022,10:13:40,766,7.821,22.327,8.14,7.937,8.073
7/28/2022,10:13:41,767,7.831,22.326,8.145,7.946,8.086
7/28/2022,10:13:42,768,7.843,22.33,8.144,7.951,8.083
7/28/2022,10:13:43,769,7.85,22.329,8.151,7.959,8.091
7/28/2022,10:13:44,770,7.857,22.331,8.151,7.963,8.098
7/28/2022,10:13:45,771,7.863,22.332,8.154,7.976,8.101
7/28/2022,10:13:46,772,7.873,22.331,8.151,7.977,8.106
7/28/2022,10:13:47,773,7.878,22.331,8.159,7.986,8.106
7/28/2022,10:13:48,774,7.883,22.331,8.161,7.989,8.114
7/28/2022,10:13:49,775,7.889,22.332,8.166,7.994,8.118
7/28/2022,10:13:50,776,7.904,22.332,8.169,8.004,8.12
7/28/2022,10:13:51,777,7.909,22.332,8.171,8,8.125
7/28/2022,10:13:52,778,7.913,22.33,8.169,8.006,8.127
7/28/2022,10:13:53,779,7.915,22.328,8.177,8.011,8.134
7/28/2022,10:13:54,780,7.922,22.325,8.181,8.018,8.131
7/28/2022,10:13:55,781,7.929,22.325,8.183,8.025,8.142
7/28/2022,10:13:56,782,7.931,22.324,8.183,8.024,8.147
7/28/2022,10:13:57,783,7.937,22.327,8.19,8.033,8.144
7/28/2022,10:13:58,784,7.939,22.332,8.184,8.037,8.147
7/28/2022,10:13:59,785,7.944,22.334,8.185,8.038,8.151
7/28/2022,10:14:00,786,7.95,22.337,8.188,8.044,8.155
7/28/2022,10:14:01,787,7.955,22.338,8.192,8.048,8.158
7/28/2022,10:14:02,788,7.959,22.339,8.196,8.056,8.155
7/28/2022,10:14:03,789,7.964,22.337,8.19,8.057,8.165
7/28/2022,10:14:04,790,7.971,22.336,8.198,8.065,8.164
7/28/2022,10:14:05,791,7.973,22.336,8.201,8.071,8.165
7/28/2022,10:14:06,792,7.975,22.333,8.198,8.069,8.178
7/28/2022,10:14:07,793,7.981,22.328,8.203,8.078,8.175
7/28/2022,10:14:08,794,7.982,22.322,8.208,8.08,8.179
7/28/2022,10:14:09,795,7.985,22.322,8.206,8.08,8.181
7/28/2022,10:14:10,796,7.995,22.323,8.209,8.085,8.182
7/28/2022,10:14:11,797,7.994,22.326,8.203,8.086,8.183
7/28/2022,10:14:12,798,8.002,22.323,8.205,8.094,8.19
7/28/2022,10:14:13,799,8.007,22.319,8.214,8.103,8.193
7/28/2022,10:14:14,800,8.007,22.319,8.212,8.099,8.195
7/28/2022,10:14:15,801,8.012,22.32,8.212,8.102,8.191
7/28/2022,10:14:16,802,8.01,22.323,8.216,8.105,8.194
7/28/2022,10:14:17,803,8.013,22.324,8.209,8.107,8.196
7/28/2022,10:14:18,804,8.022,22.323,8.216,8.112,8.196
7/28/2022,10:14:19,805,8.019,22.323,8.218,8.112,8.202
7/28/2022,10:14:20,806,8.024,22.323,8.218,8.114,8.2
7/28/2022,10:14:21,807,8.025,22.322,8.218,8.121,8.201
7/28/2022,10:14:22,808,8.032,22.323,8.222,8.123,8.209
7/28/2022,10:14:23,809,8.036,22.321,8.222,8.129,8.202
7/28/2022,10:14:24,810,8.039,22.32,8.226,8.129,8.208
7/28/2022,10:14:25,811,8.042,22.32,8.224,8.126,8.207
7/28/2022,10:14:26,812,8.047,22.319,8.224,8.132,8.21
7/28/2022,10:14:27,813,8.049,22.318,8.226,8.134,8.211
7/28/2022,10:14:28,814,8.048,22.318,8.224,8.132,8.213
7/28/2022,10:14:29,815,8.055,22.314,8.223,8.142,8.213
7/28/2022,10:14:30,816,8.059,22.312,8.225,8.14,8.219
7/28/2022,10:14:31,817,8.058,22.311,8.228,8.146,8.22
7/28/2022,10:14:32,818,8.059,22.31,8.233,8.147,8.22
7/28/2022,10:14:33,819,8.067,22.311,8.229,8.149,8.224
7/28/2022,10:14:34,820,8.068,22.31,8.232,8.149,8.221
7/28/2022,10:14:35,821,8.061,22.308,8.229,8.146,8.215
7/28/2022,10:14:36,822,8.072,22.31,8.235,8.146,8.221
7/28/2022,10:14:37,823,8.068,22.313,8.233,8.156,8.218
7/28/2022,10:14:38,824,8.071,22.317,8.227,8.16,8.222
7/28/2022,10:14:39,825,8.065,22.32,8.228,8.158,8.223
7/28/2022,10:14:40,826,8.069,22.319,8.234,8.16,8.226
7/28/2022,10:14:41,827,8.072,22.32,8.228,8.166,8.228
7/28/2022,10:14:42,828,8.07,22.32,8.225,8.166,8.216
7/28/2022,10:14:43,829,8.071,22.321,8.235,8.167,8.226
7/28/2022,10:14:44,830,8.071,22.319,8.237,8.17,8.226
7/28/2022,10:14:45,831,8.081,22.32,8.236,8.169,8.226
7/28/2022,10:14:46,832,8.077,22.319,8.233,8.174,8.229
7/28/2022,10:14:47,833,8.079,22.32,8.233,8.178,8.23
7/28/2022,10:14:48,834,8.081,22.318,8.238,8.171,8.226
7/28/2022,10:14:49,835,8.081,22.317,8.232,8.176,8.231
7/28/2022,10:14:50,836,8.082,22.318,8.235,8.175,8.236
7/28/2022,10:14:51,837,8.086,22.318,8.234,8.182,8.234
7/28/2022,10:14:52,838,8.086,22.319,8.237,8.181,8.232
7/28/2022,10:14:53,839,8.092,22.318,8.236,8.176,8.236
7/28/2022,10:14:54,840,8.092,22.317,8.235,8.189,8.238
7/28/2022,10:14:55,841,8.087,22.317,8.235,8.189,8.238
7/28/2022,10:14:56,842,8.095,22.316,8.232,8.186,8.235
7/28/2022,10:14:57,843,8.09,22.317,8.234,8.185,8.238
7/28/2022,10:14:58,844,8.094,22.314,8.236,8.188,8.239
7/28/2022,10:14:59,845,8.096,22.314,8.238,8.187,8.235
7/28/2022,10:15:00,846,8.098,22.314,8.237,8.19,8.243
7/28/2022,10:15:01,847,8.098,22.313,8.241,8.189,8.24
7/28/2022,10:15:02,848,8.099,22.312,8.241,8.191,8.243
7/28/2022,10:15:03,849,8.101,22.31,8.241,8.19,8.239
7/28/2022,10:15:04,850,8.098,22.311,8.24,8.197,8.248
7/28/2022,10:15:05,851,8.099,22.314,8.237,8.2,8.242
7/28/2022,10:15:06,852,8.1,22.316,8.24,8.195,8.242
7/28/2022,10:15:07,853,8.102,22.316,8.239,8.194,8.238
7/28/2022,10:15:08,854,8.102,22.313,8.24,8.196,8.239
7/28/2022,10:15:09,855,8.105,22.311,8.239,8.198,8.239
7/28/2022,10:15:10,856,8.103,22.31,8.24,8.202,8.245
7/28/2022,10:15:11,857,8.109,22.311,8.237,8.207,8.246
7/28/2022,10:15:12,858,8.109,22.31,8.241,8.2,8.245
7/28/2022,10:15:13,859,8.111,22.311,8.239,8.205,8.246
7/28/2022,10:15:14,860,8.109,22.311,8.244,8.206,8.244
7/28/2022,10:15:15,861,8.115,22.31,8.238,8.202,8.241
7/28/2022,10:15:16,862,8.112,22.309,8.247,8.209,8.239
7/28/2022,10:15:17,863,8.114,22.307,8.245,8.209,8.243
7/28/2022,10:15:18,864,8.113,22.307,8.243,8.213,8.241
7/28/2022,10:15:19,865,8.114,22.308,8.243,8.209,8.244
7/28/2022,10:15:20,866,8.114,22.31,8.241,8.212,8.241
7/28/2022,10:15:21,867,8.121,22.31,8.241,8.213,8.245
7/28/2022,10:15:22,868,8.115,22.31,8.241,8.216,8.241
7/28/2022,10:15:23,869,8.12,22.308,8.245,8.21,8.241
7/28/2022,10:15:24,870,8.117,22.309,8.247,8.212,8.243
7/28/2022,10:15:25,871,8.118,22.307,8.243,8.213,8.246
7/28/2022,10:15:26,872,8.118,22.307,8.245,8.223,8.244
7/28/2022,10:15:27,873,8.121,22.308,8.244,8.215,8.242
7/28/2022,10:15:28,874,8.116,22.31,8.244,8.218,8.244
7/28/2022,10:15:29,875,8.122,22.311,8.243,8.216,8.248
7/28/2022,10:15:30,876,8.121,22.313,8.244,8.222,8.245
7/28/2022,10:15:31,877,8.122,22.313,8.241,8.219,8.249
7/28/2022,10:15:32,878,8.123,22.315,8.243,8.219,8.249
7/28/2022,10:15:33,879,8.12,22.311,8.25,8.222,8.249
7/28/2022,10:15:34,880,8.122,22.31,8.246,8.222,8.252
7/28/2022,10:15:35,881,8.121,22.308,8.241,8.225,8.25
7/28/2022,10:15:36,882,8.12,22.309,8.24,8.226,8.248
7/28/2022,10:15:37,883,8.122,22.309,8.25,8.229,8.256
7/28/2022,10:15:38,884,8.128,22.308,8.244,8.23,8.252
7/28/2022,10:15:39,885,8.125,22.306,8.244,8.23,8.254
7/28/2022,10:15:40,886,8.127,22.306,8.244,8.229,8.254
7/28/2022,10:15:41,887,8.128,22.305,8.247,8.235,8.253
7/28/2022,10:15:42,888,8.128,22.31,8.243,8.23,8.247
7/28/2022,10:15:43,889,8.128,22.314,8.247,8.231,8.251
7/28/2022,10:15:44,890,8.125,22.319,8.246,8.232,8.245
7/28/2022,10:15:45,891,8.122,22.318,8.245,8.227,8.246
7/28/2022,10:15:46,892,8.131,22.317,8.248,8.227,8.25
7/28/2022,10:15:47,893,8.128,22.314,8.249,8.233,8.248
7/28/2022,10:15:48,894,8.129,22.313,8.243,8.231,8.248
7/28/2022,10:15:49,895,8.131,22.313,8.248,8.232,8.25
7/28/2022,10:15:50,896,8.128,22.311,8.248,8.233,8.246
7/28/2022,10:15:51,897,8.13,22.311,8.244,8.236,8.242
7/28/2022,10:15:52,898,8.127,22.31,8.251,8.24,8.25
7/28/2022,10:15:53,899,8.124,22.312,8.245,8.233,8.252
7/28/2022,10:15:54,900,8.13,22.308,8.245,8.241,8.247
7/28/2022,10:15:55,901,8.13,22.308,8.248,8.238,8.254
7/28/2022,10:15:56,902,8.13,22.308,8.254,8.237,8.251
7/28/2022,10:15:57,903,8.131,22.308,8.248,8.238,8.258
7/28/2022,10:15:58,904,8.133,22.308,8.248,8.244,8.25
7/28/2022,10:15:59,905,8.134,22.307,8.255,8.239,8.25
7/28/2022,10:16:00,906,8.13,22.307,8.253,8.235,8.249
7/28/2022,10:16:01,907,8.128,22.308,8.249,8.238,8.252
7/28/2022,10:16:02,908,8.137,22.307,8.253,8.234,8.25
7/28/2022,10:16:03,909,8.131,22.31,8.244,8.242,8.254
7/28/2022,10:16:04,910,8.128,22.31,8.25,8.242,8.253
7/28/2022,10:16:05,911,8.134,22.31,8.251,8.239,8.247
7/28/2022,10:16:06,912,8.13,22.312,8.252,8.242,8.257
7/28/2022,10:16:07,913,8.131,22.313,8.249,8.242,8.258
7/28/2022,10:16:08,914,8.134,22.315,8.25,8.24,8.248
7/28/2022,10:16:09,915,8.132,22.313,8.254,8.247,8.252
7/28/2022,10:16:10,916,8.13,22.307,8.254,8.247,8.255
7/28/2022,10:16:11,917,8.131,22.305,8.248,8.241,8.258
7/28/2022,10:16:12,918,8.139,22.304,8.253,8.25,8.257
7/28/2022,10:16:13,919,8.141,22.302,8.252,8.245,8.256
7/28/2022,10:16:14,920,8.14,22.302,8.255,8.254,8.257
7/28/2022,10:16:15,921,8.138,22.301,8.247,8.248,8.26
7/28/2022,10:16:16,922,8.137,22.302,8.258,8.25,8.256
7/28/2022,10:16:17,923,8.137,22.305,8.256,8.253,8.255
7/28/2022,10:16:18,924,8.135,22.307,8.25,8.248,8.255
7/28/2022,10:16:19,925,8.131,22.309,8.254,8.243,8.258
7/28/2022,10:16:20,926,8.137,22.309,8.255,8.25,8.256
7/28/2022,10:16:21,927,8.14,22.307,8.251,8.246,8.253
7/28/2022,10:16:22,928,8.141,22.309,8.252,8.246,8.259
7/28/2022,10:16:23,929,8.14,22.308,8.25,8.247,8.253
7/28/2022,10:16:24,930,8.145,22.31,8.251,8.248,8.25
7/28/2022,10:16:25,931,8.134,22.308,8.249,8.251,8.254
7/28/2022,10:16:26,932,8.137,22.309,8.256,8.252,8.245
7/28/2022,10:16:27,933,8.142,22.309,8.254,8.246,8.258
7/28/2022,10:16:28,934,8.138,22.308,8.254,8.254,8.251
7/28/2022,10:16:29,935,8.137,22.309,8.255,8.247,8.254
7/28/2022,10:16:30,936,8.143,22.308,8.254,8.251,8.254
7/28/2022,10:16:31,937,8.141,22.309,8.256,8.248,8.254
7/28/2022,10:16:32,938,8.137,22.311,8.253,8.248,8.252
7/28/2022,10:16:33,939,8.136,22.312,8.255,8.248,8.252
7/28/2022,10:16:34,940,8.142,22.313,8.251,8.248,8.253
7/28/2022,10:16:35,941,8.141,22.313,8.255,8.251,8.255
7/28/2022,10:16:36,942,8.136,22.313,8.252,8.254,8.259
7/28/2022,10:16:37,943,8.141,22.312,8.251,8.256,8.255
7/28/2022,10:16:38,944,8.141,22.309,8.247,8.251,8.257
7/28/2022,10:16:39,945,8.133,22.306,8.254,8.255,8.254
7/28/2022,10:16:40,946,8.14,22.309,8.253,8.251,8.261
7/28/2022,10:16:41,947,8.141,22.309,8.253,8.254,8.257
7/28/2022,10:16:42,948,8.142,22.311,8.25,8.253,8.258
7/28/2022,10:16:43,949,8.14,22.311,8.248,8.257,8.263
7/28/2022,10:16:44,950,8.144,22.31,8.252,8.261,8.258
7/28/2022,10:16:45,951,8.139,22.311,8.254,8.259,8.262
7/28/2022,10:16:46,952,8.136,22.313,8.254,8.255,8.258
7/28/2022,10:16:47,953,8.139,22.315,8.253,8.258,8.259
7/28/2022,10:16:48,954,8.136,22.314,8.253,8.259,8.257
7/28/2022,10:16:49,955,8.141,22.312,8.249,8.256,8.255
7/28/2022,10:16:50,956,8.147,22.313,8.255,8.258,8.258
7/28/2022,10:16:51,957,8.144,22.315,8.249,8.26,8.258
7/28/2022,10:16:52,958,8.14,22.316,8.249,8.255,8.258
7/28/2022,10:16:53,959,8.145,22.316,8.246,8.251,8.254
7/28/2022,10:16:54,960,8.143,22.314,8.255,8.257,8.26
7/28/2022,10:16:55,961,8.141,22.315,8.252,8.255,8.261
7/28/2022,10:16:56,962,8.14,22.317,8.251,8.254,8.257
7/28/2022,10:16:57,963,8.142,22.317,8.254,8.249,8.254
7/28/2022,10:16:58,964,8.134,22.317,8.253,8.251,8.251
7/28/2022,10:16:59,965,8.139,22.314,8.254,8.258,8.257
7/28/2022,10:17:00,966,8.146,22.316,8.254,8.258,8.258
7/28/2022,10:17:01,967,8.141,22.316,8.251,8.256,8.259
7/28/2022,10:17:02,968,8.14,22.318,8.25,8.257,8.255
7/28/2022,10:17:03,969,8.142,22.316,8.254,8.254,8.255
7/28/2022,10:17:04,970,8.138,22.318,8.248,8.254,8.257
7/28/2022,10:17:05,971,8.139,22.316,8.256,8.252,8.258
7/28/2022,10:17:06,972,8.142,22.317,8.253,8.253,8.261
7/28/2022,10:17:07,973,8.146,22.313,8.249,8.26,8.258
7/28/2022,10:17:08,974,8.138,22.31,8.253,8.253,8.255
7/28/2022,10:17:09,975,8.138,22.31,8.256,8.254,8.263
7/28/2022,10:17:10,976,8.138,22.312,8.254,8.254,8.259
7/28/2022,10:17:11,977,8.132,22.313,8.252,8.255,8.264
7/28/2022,10:17:12,978,8.135,22.312,8.253,8.26,8.258
7/28/2022,10:17:13,979,8.133,22.312,8.251,8.26,8.259
7/28/2022,10:17:14,980,8.135,22.316,8.256,8.254,8.254
7/28/2022,10:17:15,981,8.129,22.315,8.255,8.255,8.249
7/28/2022,10:17:16,982,8.126,22.313,8.254,8.26,8.254
7/28/2022,10:17:17,983,8.134,22.311,8.249,8.254,8.252
7/28/2022,10:17:18,984,8.125,22.314,8.247,8.259,8.254
7/28/2022,10:17:19,985,8.12,22.318,8.249,8.256,8.249
7/28/2022,10:17:20,986,8.119,22.319,8.251,8.25,8.248
7/28/2022,10:17:21,987,8.123,22.318,8.245,8.254,8.248
7/28/2022,10:17:22,988,8.12,22.314,8.249,8.254,8.252
7/28/2022,10:17:23,989,8.118,22.312,8.248,8.249,8.254
7/28/2022,10:17:24,990,8.123,22.314,8.249,8.247,8.248
7/28/2022,10:17:25,991,8.111,22.314,8.247,8.252,8.245
7/28/2022,10:17:26,992,8.116,22.314,8.245,8.246,8.245
7/28/2022,10:17:27,993,8.112,22.314,8.247,8.247,8.244
7/28/2022,10:17:28,994,8.111,22.314,8.248,8.242,8.249
7/28/2022,10:17:29,995,8.105,22.314,8.245,8.245,8.247
7/28/2022,10:17:30,996,8.104,22.312,8.244,8.248,8.248
7/28/2022,10:17:31,997,8.107,22.311,8.245,8.246,8.243
7/28/2022,10:17:32,998,8.109,22.311,8.245,8.247,8.248
7/28/2022,10:17:33,999,8.105,22.31,8.244,8.244,8.24
7/28/2022,10:17:34,1000,8.1,22.309,8.251,8.246,8.239
7/28/2022,10:17:35,1001,8.102,22.309,8.242,8.246,8.238
7/28/2022,10:17:36,1002,8.094,22.309,8.239,8.246,8.236
7/28/2022,10:17:37,1003,8.097,22.311,8.245,8.247,8.239
7/28/2022,10:17:38,1004,8.093,22.314,8.238,8.237,8.238
7/28/2022,10:17:39,1005,8.089,22.315,8.239,8.242,8.233
7/28/2022,10:17:40,1006,8.09,22.314,8.242,8.235,8.228
7/28/2022,10:17:41,1007,8.088,22.314,8.242,8.232,8.229
7/28/2022,10:17:42,1008,8.089,22.317,8.24,8.235,8.229
7/28/2022,10:17:43,1009,8.079,22.32,8.241,8.228,8.229
7/28/2022,10:17:44,1010,8.075,22.321,8.237,8.229,8.226
7/28/2022,10:17:45,1011,8.08,22.322,8.231,8.234,8.224
7/28/2022,10:17:46,1012,8.077,22.322,8.235,8.225,8.224
7/28/2022,10:17:47,1013,8.07,22.32,8.231,8.224,8.215
7/28/2022,10:17:48,1014,8.072,22.318,8.228,8.223,8.224
7/28/2022,10:17:49,1015,8.074,22.318,8.231,8.224,8.22
7/28/2022,10:17:50,1016,8.073,22.316,8.229,8.22,8.222
7/28/2022,10:17:51,1017,8.065,22.317,8.232,8.222,8.218
7/28/2022,10:17:52,1018,8.07,22.313,8.232,8.221,8.216
7/28/2022,10:17:53,1019,8.067,22.315,8.23,8.215,8.214
7/28/2022,10:17:54,1020,8.062,22.314,8.228,8.22,8.213
7/28/2022,10:17:55,1021,8.055,22.312,8.224,8.216,8.212
7/28/2022,10:17:56,1022,8.064,22.309,8.23,8.212,8.209
7/28/2022,10:17:57,1023,8.051,22.307,8.227,8.208,8.211
7/28/2022,10:17:58,1024,8.057,22.304,8.228,8.214,8.211
7/28/2022,10:17:59,1025,8.053,22.307,8.222,8.205,8.21
7/28/2022,10:18:00,1026,8.05,22.309,8.228,8.211,8.212
7/28/2022,10:18:01,1027,8.049,22.31,8.223,8.207,8.204
7/28/2022,10:18:02,1028,8.047,22.306,8.226,8.213,8.211
7/28/2022,10:18:03,1029,8.046,22.308,8.226,8.198,8.207
7/28/2022,10:18:04,1030,8.044,22.308,8.224,8.203,8.206
7/28/2022,10:18:05,1031,8.043,22.315,8.22,8.198,8.197
7/28/2022,10:18:06,1032,8.042,22.321,8.22,8.196,8.192
7/28/2022,10:18:07,1033,8.031,22.321,8.218,8.195,8.197
7/28/2022,10:18:08,1034,8.035,22.32,8.217,8.191,8.198
7/28/2022,10:18:09,1035,8.039,22.319,8.218,8.186,8.196
7/28/2022,10:18:10,1036,8.034,22.319,8.221,8.186,8.194
7/28/2022,10:18:11,1037,8.038,22.319,8.218,8.186,8.196
7/28/2022,10:18:12,1038,8.03,22.314,8.22,8.185,8.194
7/28/2022,10:18:13,1039,8.028,22.312,8.216,8.186,8.187
7/28/2022,10:18:14,1040,8.025,22.309,8.218,8.183,8.191
7/28/2022,10:18:15,1041,8.024,22.308,8.215,8.179,8.189
7/28/2022,10:18:16,1042,8.022,22.309,8.214,8.186,8.197
7/28/2022,10:18:17,1043,8.023,22.313,8.213,8.179,8.188
7/28/2022,10:18:18,1044,8.015,22.318,8.211,8.175,8.183
7/28/2022,10:18:19,1045,8.021,22.319,8.212,8.177,8.181
7/28/2022,10:18:20,1046,8.017,22.316,8.211,8.171,8.18
7/28/2022,10:18:21,1047,8.012,22.313,8.215,8.172,8.175
7/28/2022,10:18:22,1048,8.012,22.312,8.211,8.163,8.181
7/28/2022,10:18:23,1049,8.006,22.318,8.217,8.166,8.175
7/28/2022,10:18:24,1050,8.008,22.32,8.208,8.166,8.174
7/28/2022,10:18:25,1051,8.001,22.322,8.205,8.161,8.176
7/28/2022,10:18:26,1052,8.002,22.317,8.207,8.165,8.173
7/28/2022,10:18:27,1053,8.003,22.312,8.211,8.164,8.171
7/28/2022,10:18:28,1054,8,22.308,8.208,8.157,8.174
7/28/2022,10:18:29,1055,7.996,22.309,8.207,8.16,8.173
7/28/2022,10:18:30,1056,7.993,22.31,8.208,8.158,8.162
7/28/2022,10:18:31,1057,7.993,22.311,8.206,8.16,8.171
7/28/2022,10:18:32,1058,7.995,22.31,8.205,8.152,8.165
7/28/2022,10:18:33,1059,7.992,22.308,8.206,8.148,8.166
7/28/2022,10:18:34,1060,7.991,22.307,8.207,8.15,8.171
7/28/2022,10:18:35,1061,7.986,22.31,8.199,8.15,8.163
7/28/2022,10:18:36,1062,7.986,22.318,8.204,8.144,8.158
7/28/2022,10:18:37,1063,7.987,22.321,8.198,8.14,8.155
7/28/2022,10:18:38,1064,7.981,22.321,8.201,8.142,8.154
7/28/2022,10:18:39,1065,7.979,22.317,8.198,8.139,8.162
7/28/2022,10:18:40,1066,7.979,22.313,8.203,8.14,8.157
7/28/2022,10:18:41,1067,7.977,22.307,8.195,8.139,8.157
7/28/2022,10:18:42,1068,7.983,22.305,8.203,8.141,8.16
7/28/2022,10:18:43,1069,7.979,22.302,8.198,8.14,8.155
7/28/2022,10:18:44,1070,7.973,22.3,8.203,8.129,8.159
7/28/2022,10:18:45,1071,7.977,22.3,8.197,8.135,8.158
7/28/2022,10:18:46,1072,7.974,22.302,8.198,8.13,8.156
7/28/2022,10:18:47,1073,7.966,22.301,8.201,8.138,8.149
7/28/2022,10:18:48,1074,7.965,22.304,8.197,8.131,8.155
7/28/2022,10:18:49,1075,7.966,22.307,8.192,8.127,8.149
7/28/2022,10:18:50,1076,7.96,22.309,8.2,8.13,8.147
7/28/2022,10:18:51,1077,7.958,22.31,8.192,8.129,8.147
7/28/2022,10:18:52,1078,7.963,22.309,8.19,8.126,8.148
7/28/2022,10:18:53,1079,7.962,22.312,8.193,8.123,8.144
7/28/2022,10:18:54,1080,7.956,22.312,8.194,8.122,8.145
7/28/2022,10:18:55,1081,7.951,22.315,8.192,8.122,8.14
7/28/2022,10:18:56,1082,7.947,22.317,8.186,8.119,8.14
7/28/2022,10:18:57,1083,7.949,22.314,8.19,8.116,8.143
7/28/2022,10:18:58,1084,7.952,22.309,8.192,8.114,8.138
7/28/2022,10:18:59,1085,7.954,22.304,8.186,8.126,8.14
7/28/2022,10:19:00,1086,7.941,22.301,8.193,8.115,8.135
7/28/2022,10:19:01,1087,7.946,22.3,8.188,8.117,8.133
7/28/2022,10:19:02,1088,7.941,22.304,8.187,8.111,8.137
7/28/2022,10:19:03,1089,7.938,22.311,8.186,8.11,8.134
7/28/2022,10:19:04,1090,7.937,22.315,8.181,8.117,8.137
7/28/2022,10:19:05,1091,7.935,22.317,8.184,8.108,8.133
7/28/2022,10:19:06,1092,7.931,22.315,8.188,8.108,8.136
7/28/2022,10:19:07,1093,7.926,22.315,8.184,8.107,8.131
7/28/2022,10:19:08,1094,7.93,22.312,8.186,8.104,8.132
7/28/2022,10:19:09,1095,7.927,22.308,8.181,8.106,8.13
7/28/2022,10:19:10,1096,7.928,22.302,8.18,8.109,8.131
7/28/2022,10:19:11,1097,7.926,22.301,8.184,8.105,8.126
7/28/2022,10:19:12,1098,7.926,22.303,8.184,8.099,8.128
7/28/2022,10:19:13,1099,7.924,22.312,8.181,8.095,8.125
7/28/2022,10:19:14,1100,7.918,22.318,8.18,8.095,8.126
7/28/2022,10:19:15,1101,7.918,22.32,8.171,8.098,8.123
7/28/2022,10:19:16,1102,7.917,22.313,8.176,8.087,8.127
7/28/2022,10:19:17,1103,7.92,22.308,8.175,8.096,8.123
7/28/2022,10:19:18,1104,7.917,22.303,8.176,8.09,8.124
7/28/2022,10:19:19,1105,7.914,22.303,8.173,8.091,8.125
7/28/2022,10:19:20,1106,7.913,22.303,8.169,8.088,8.118
7/28/2022,10:19:21,1107,7.91,22.305,8.174,8.09,8.116
7/28/2022,10:19:22,1108,7.909,22.304,8.176,8.086,8.115
7/28/2022,10:19:23,1109,7.906,22.304,8.173,8.086,8.121
7/28/2022,10:19:24,1110,7.907,22.304,8.17,8.084,8.114
7/28/2022,10:19:25,1111,7.908,22.307,8.167,8.079,8.112
7/28/2022,10:19:26,1112,7.909,22.308,8.176,8.084,8.117
7/28/2022,10:19:27,1113,7.904,22.307,8.168,8.074,8.109
7/28/2022,10:19:28,1114,7.901,22.308,8.168,8.082,8.106
7/28/2022,10:19:29,1115,7.898,22.311,8.167,8.072,8.104
7/28/2022,10:19:30,1116,7.898,22.315,8.166,8.073,8.101
7/28/2022,10:19:31,1117,7.893,22.315,8.164,8.077,8.106
7/28/2022,10:19:32,1118,7.89,22.317,8.16,8.07,8.103
7/28/2022,10:19:33,1119,7.889,22.321,8.163,8.064,8.098
7/28/2022,10:19:34,1120,7.881,22.324,8.162,8.06,8.096
7/28/2022,10:19:35,1121,7.882,22.324,8.163,8.063,8.095
7/28/2022,10:19:36,1122,7.881,22.316,8.163,8.069,8.099
7/28/2022,10:19:37,1123,7.874,22.312,8.163,8.066,8.099
7/28/2022,10:19:38,1124,7.876,22.31,8.16,8.064,8.094
7/28/2022,10:19:39,1125,7.883,22.309,8.162,8.06,8.094
7/28/2022,10:19:40,1126,7.878,22.307,8.161,8.062,8.093
7/28/2022,10:19:41,1127,7.875,22.306,8.168,8.064,8.1
7/28/2022,10:19:42,1128,7.871,22.304,8.16,8.061,8.101
7/28/2022,10:19:43,1129,7.872,22.302,8.17,8.057,8.096
7/28/2022,10:19:44,1130,7.863,22.306,8.161,8.057,8.093
7/28/2022,10:19:45,1131,7.864,22.311,8.157,8.057,8.093
7/28/2022,10:19:46,1132,7.863,22.317,8.16,8.051,8.091
7/28/2022,10:19:47,1133,7.862,22.315,8.161,8.052,8.089
7/28/2022,10:19:48,1134,7.861,22.312,8.152,8.047,8.082
7/28/2022,10:19:49,1135,7.859,22.308,8.156,8.049,8.093
7/28/2022,10:19:50,1136,7.86,22.31,8.16,8.052,8.084
7/28/2022,10:19:51,1137,7.854,22.312,8.157,8.045,8.078
7/28/2022,10:19:52,1138,7.854,22.316,8.155,8.038,8.08
7/28/2022,10:19:53,1139,7.847,22.317,8.151,8.04,8.078
7/28/2022,10:19:54,1140,7.847,22.316,8.156,8.039,8.08
7/28/2022,10:19:55,1141,7.85,22.314,8.151,8.034,8.082
7/28/2022,10:19:56,1142,7.841,22.315,8.151,8.04,8.081
7/28/2022,10:19:57,1143,7.844,22.315,8.154,8.038,8.076
7/28/2022,10:19:58,1144,7.846,22.313,8.155,8.035,8.074
7/28/2022,10:19:59,1145,7.841,22.306,8.151,8.038,8.073
7/28/2022,10:20:00,1146,7.847,22.298,8.151,8.036,8.074
7/28/2022,10:20:01,1147,7.842,22.297,8.15,8.039,8.077
7/28/2022,10:20:02,1148,7.835,22.298,8.16,8.034,8.072
7/28/2022,10:20:03,1149,7.84,22.299,8.155,8.028,8.073
7/28/2022,10:20:04,1150,7.837,22.302,8.147,8.029,8.074
7/28/2022,10:20:05,1151,7.834,22.302,8.15,8.033,8.07
7/28/2022,10:20:06,1152,7.831,22.303,8.152,8.029,8.07
7/28/2022,10:20:07,1153,7.827,22.305,8.142,8.031,8.068
7/28/2022,10:20:08,1154,7.821,22.31,8.147,8.022,8.065
7/28/2022,10:20:09,1155,7.825,22.315,8.144,8.021,8.063
7/28/2022,10:20:10,1156,7.816,22.314,8.143,8.024,8.065
7/28/2022,10:20:11,1157,7.821,22.312,8.14,8.012,8.065
7/28/2022,10:20:12,1158,7.815,22.312,8.147,8.017,8.06
7/28/2022,10:20:13,1159,7.818,22.315,8.138,8.012,8.057
7/28/2022,10:20:14,1160,7.815,22.317,8.145,8.01,8.059
7/28/2022,10:20:15,1161,7.808,22.317,8.137,8.017,8.052
7/28/2022,10:20:17,1162,7.816,22.316,8.139,8.017,8.06
7/28/2022,10:20:17,1163,7.806,22.314,8.143,8.014,8.054
7/28/2022,10:20:18,1164,7.813,22.313,8.144,8.01,8.056
7/28/2022,10:20:19,1165,7.806,22.312,8.143,8.009,8.055
7/28/2022,10:20:20,1166,7.805,22.311,8.137,8.002,8.052
7/28/2022,10:20:21,1167,7.807,22.308,8.137,8.009,8.048
7/28/2022,10:20:22,1168,7.801,22.304,8.137,8.008,8.047
7/28/2022,10:20:23,1169,7.805,22.301,8.133,8.002,8.05
7/28/2022,10:20:24,1170,7.802,22.3,8.134,8,8.052
7/28/2022,10:20:25,1171,7.807,22.299,8.134,8.005,8.055
7/28/2022,10:20:26,1172,7.803,22.299,8.132,8,8.041
7/28/2022,10:20:27,1173,7.802,22.301,8.134,8,8.048
7/28/2022,10:20:28,1174,7.796,22.305,8.133,7.997,8.043
7/28/2022,10:20:29,1175,7.791,22.309,8.132,7.997,8.045
7/28/2022,10:20:30,1176,7.789,22.313,8.13,7.996,8.037
7/28/2022,10:20:31,1177,7.785,22.312,8.132,7.99,8.037
7/28/2022,10:20:32,1178,7.783,22.309,8.129,7.988,8.041
7/28/2022,10:20:33,1179,7.782,22.304,8.135,7.998,8.039
7/28/2022,10:20:34,1180,7.779,22.3,8.13,7.99,8.034
7/28/2022,10:20:35,1181,7.782,22.297,8.131,7.989,8.039
7/28/2022,10:20:36,1182,7.781,22.298,8.132,7.986,8.033
7/28/2022,10:20:37,1183,7.781,22.296,8.127,7.986,8.038
7/28/2022,10:20:38,1184,7.779,22.296,8.129,7.987,8.033
7/28/2022,10:20:39,1185,7.772,22.295,8.134,7.986,8.033
7/28/2022,10:20:40,1186,7.775,22.296,8.125,7.981,8.035
7/28/2022,10:20:41,1187,7.773,22.299,8.129,7.975,8.028
7/28/2022,10:20:42,1188,7.77,22.302,8.124,7.98,8.028
7/28/2022,10:20:43,1189,7.769,22.304,8.123,7.974,8.029
7/28/2022,10:20:44,1190,7.771,22.305,8.119,7.976,8.029
7/28/2022,10:20:45,1191,7.763,22.305,8.124,7.972,8.029
7/28/2022,10:20:46,1192,7.764,22.306,8.122,7.969,8.025
7/28/2022,10:20:47,1193,7.759,22.31,8.122,7.969,8.026
7/28/2022,10:20:48,1194,7.755,22.315,8.12,7.969,8.022
7/28/2022,10:20:49,1195,7.756,22.312,8.122,7.967,8.014
7/28/2022,10:20:50,1196,7.76,22.309,8.12,7.965,8.017
7/28/2022,10:20:51,1197,7.752,22.303,8.121,7.968,8.02
7/28/2022,10:20:52,1198,7.751,22.301,8.118,7.962,8.015
7/28/2022,10:20:53,1199,7.752,22.3,8.119,7.963,8.016
7/28/2022,10:20:54,1200,7.749,22.298,8.119,7.96,8.016
7/28/2022,10:20:55,1201,7.749,22.295,8.118,7.961,8.011
7/28/2022,10:20:56,1202,7.746,22.292,8.118,7.958,8.018
7/28/2022,10:20:57,1203,7.746,22.29,8.122,7.959,8.017
7/28/2022,10:20:58,1204,7.742,22.29,8.12,7.957,8.015
7/28/2022,10:20:59,1205,7.738,22.294,8.118,7.957,8.013
7/28/2022,10:21:00,1206,7.738,22.297,8.117,7.956,8.014
7/28/2022,10:21:01,1207,7.736,22.299,8.115,7.953,8.013
7/28/2022,10:21:02,1208,7.734,22.298,8.109,7.949,8.006
7/28/2022,10:21:03,1209,7.734,22.295,8.114,7.951,8.004
7/28/2022,10:21:04,1210,7.727,22.296,8.11,7.949,8.005
7/28/2022,10:21:05,1211,7.726,22.299,8.107,7.951,8.002
7/28/2022,10:21:06,1212,7.725,22.306,8.106,7.942,8.003
7/28/2022,10:21:07,1213,7.724,22.313,8.11,7.941,7.998
7/28/2022,10:21:08,1214,7.721,22.319,8.103,7.945,7.993
7/28/2022,10:21:09,1215,7.717,22.321,8.106,7.939,7.992
7/28/2022,10:21:10,1216,7.717,22.32,8.105,7.935,7.991
7/28/2022,10:21:11,1217,7.716,22.324,8.102,7.937,7.993
7/28/2022,10:21:12,1218,7.71,22.327,8.106,7.931,7.983
7/28/2022,10:21:13,1219,7.709,22.327,8.104,7.93,7.993
7/28/2022,10:21:14,1220,7.708,22.321,8.103,7.931,7.988
7/28/2022,10:21:15,1221,7.715,22.31,8.1,7.931,7.99
7/28/2022,10:21:16,1222,7.707,22.304,8.106,7.932,7.998
7/28/2022,10:21:17,1223,7.706,22.302,8.103,7.934,7.988
7/28/2022,10:21:18,1224,7.712,22.301,8.105,7.936,7.984
7/28/2022,10:21:19,1225,7.709,22.3,8.102,7.935,7.984
7/28/2022,10:21:20,1226,7.708,22.3,8.101,7.923,7.988
7/28/2022,10:21:21,1227,7.703,22.299,8.104,7.926,7.988
7/28/2022,10:21:22,1228,7.706,22.299,8.103,7.93,7.982
7/28/2022,10:21:23,1229,7.704,22.297,8.103,7.921,7.981
7/28/2022,10:21:24,1230,7.698,22.3,8.105,7.918,7.979
7/28/2022,10:21:25,1231,7.698,22.302,8.099,7.921,7.976
7/28/2022,10:21:26,1232,7.696,22.303,8.1,7.917,7.974
7/28/2022,10:21:27,1233,7.69,22.305,8.101,7.918,7.972
7/28/2022,10:21:28,1234,7.691,22.307,8.098,7.913,7.976
7/28/2022,10:21:29,1235,7.694,22.309,8.101,7.918,7.975
7/28/2022,10:21:30,1236,7.693,22.307,8.098,7.914,7.977
7/28/2022,10:21:32,1237,7.688,22.303,8.103,7.912,7.967
7/28/2022,10:21:32,1238,7.686,22.3,8.097,7.912,7.977
7/28/2022,10:21:33,1239,7.683,22.297,8.098,7.91,7.974
7/28/2022,10:21:34,1240,7.683,22.296,8.099,7.909,7.975
7/28/2022,10:21:35,1241,7.684,22.299,8.092,7.907,7.972
7/28/2022,10:21:36,1242,7.673,22.302,8.098,7.906,7.971
7/28/2022,10:21:37,1243,7.678,22.303,8.093,7.903,7.97
7/28/2022,10:21:38,1244,7.675,22.306,8.096,7.899,7.966
7/28/2022,10:21:39,1245,7.665,22.301,8.093,7.9,7.968
7/28/2022,10:21:40,1246,7.672,22.297,8.092,7.907,7.97
7/28/2022,10:21:41,1247,7.67,22.294,8.091,7.905,7.967
7/28/2022,10:21:42,1248,7.667,22.295,8.091,7.897,7.964
7/28/2022,10:21:43,1249,7.663,22.299,8.095,7.894,7.968
7/28/2022,10:21:44,1250,7.665,22.302,8.086,7.895,7.958
7/28/2022,10:21:45,1251,7.665,22.302,8.086,7.892,7.962
7/28/2022,10:21:46,1252,7.657,22.302,8.09,7.893,7.963
7/28/2022,10:21:47,1253,7.654,22.3,8.085,7.89,7.96
7/28/2022,10:21:48,1254,7.654,22.303,8.09,7.891,7.957
7/28/2022,10:21:49,1255,7.656,22.303,8.081,7.886,7.955
7/28/2022,10:21:50,1256,7.647,22.305,8.081,7.883,7.954
7/28/2022,10:21:51,1257,7.652,22.303,8.084,7.888,7.952
7/28/2022,10:21:52,1258,7.649,22.302,8.088,7.88,7.951
7/28/2022,10:21:53,1259,7.651,22.301,8.083,7.881,7.951
7/28/2022,10:21:54,1260,7.645,22.301,8.085,7.88,7.95
7/28/2022,10:21:55,1261,7.646,22.301,8.086,7.883,7.953
7/28/2022,10:21:56,1262,7.648,22.3,8.08,7.883,7.943
7/28/2022,10:21:57,1263,7.644,22.304,8.083,7.878,7.945
7/28/2022,10:21:58,1264,7.637,22.303,8.081,7.88,7.943
7/28/2022,10:21:59,1265,7.633,22.306,8.079,7.872,7.94
7/28/2022,10:22:00,1266,7.631,22.303,8.078,7.872,7.94
7/28/2022,10:22:01,1267,7.627,22.303,8.08,7.87,7.939
7/28/2022,10:22:02,1268,7.632,22.302,8.079,7.873,7.944
7/28/2022,10:22:03,1269,7.633,22.303,8.085,7.871,7.942
7/28/2022,10:22:04,1270,7.632,22.305,8.078,7.87,7.941
7/28/2022,10:22:05,1271,7.622,22.307,8.073,7.865,7.937
7/28/2022,10:22:06,1272,7.62,22.312,8.072,7.861,7.936
7/28/2022,10:22:07,1273,7.619,22.314,8.074,7.866,7.932
7/28/2022,10:22:08,1274,7.612,22.318,8.076,7.857,7.929
7/28/2022,10:22:09,1275,7.607,22.324,8.066,7.858,7.932
7/28/2022,10:22:10,1276,7.609,22.333,8.068,7.853,7.924
7/28/2022,10:22:11,1277,7.61,22.331,8.069,7.854,7.929
7/28/2022,10:22:12,1278,7.61,22.319,8.073,7.858,7.928
7/28/2022,10:22:13,1279,7.612,22.303,8.076,7.857,7.93
7/28/2022,10:22:15,1280,7.606,22.299,8.075,7.858,7.931
7/28/2022,10:22:15,1281,7.609,22.294,8.076,7.856,7.931
7/28/2022,10:22:16,1282,7.606,22.293,8.073,7.857,7.927
7/28/2022,10:22:17,1283,7.601,22.289,8.074,7.849,7.928
7/28/2022,10:22:18,1284,7.605,22.29,8.067,7.855,7.926
7/28/2022,10:22:19,1285,7.598,22.29,8.069,7.853,7.928
7/28/2022,10:22:20,1286,7.601,22.289,8.07,7.851,7.924
7/28/2022,10:22:21,1287,7.601,22.289,8.075,7.853,7.93
7/28/2022,10:22:22,1288,7.596,22.29,8.067,7.847,7.926
7/28/2022,10:22:23,1289,7.594,22.292,8.072,7.844,7.923
7/28/2022,10:22:24,1290,7.595,22.295,8.07,7.841,7.92
7/28/2022,10:22:25,1291,7.59,22.298,8.069,7.838,7.918
7/28/2022,10:22:26,1292,7.589,22.3,8.073,7.84,7.915
7/28/2022,10:22:27,1293,7.586,22.299,8.065,7.838,7.921
7/28/2022,10:22:28,1294,7.594,22.3,8.066,7.841,7.919
7/28/2022,10:22:29,1295,7.586,22.297,8.064,7.838,7.913
7/28/2022,10:22:30,1296,7.581,22.293,8.072,7.834,7.916
7/28/2022,10:22:31,1297,7.577,22.291,8.065,7.838,7.911
7/28/2022,10:22:32,1298,7.583,22.29,8.069,7.832,7.91
7/28/2022,10:22:33,1299,7.576,22.296,8.063,7.834,7.909
7/28/2022,10:22:34,1300,7.578,22.3,8.065,7.827,7.909
7/28/2022,10:22:35,1301,7.577,22.303,8.063,7.824,7.904
7/28/2022,10:22:36,1302,7.575,22.306,8.061,7.819,7.912
7/28/2022,10:22:37,1303,7.568,22.31,8.063,7.822,7.901
7/28/2022,10:22:38,1304,7.567,22.315,8.058,7.821,7.904
7/28/2022,10:22:39,1305,7.563,22.315,8.061,7.825,7.897
7/28/2022,10:22:40,1306,7.562,22.312,8.056,7.819,7.896
7/28/2022,10:22:41,1307,7.56,22.306,8.056,7.815,7.897
7/28/2022,10:22:42,1308,7.564,22.301,8.056,7.819,7.899
7/28/2022,10:22:43,1309,7.561,22.299,8.059,7.815,7.9
7/28/2022,10:22:44,1310,7.555,22.299,8.054,7.816,7.894
7/28/2022,10:22:45,1311,7.563,22.299,8.053,7.81,7.896
7/28/2022,10:22:46,1312,7.553,22.3,8.058,7.809,7.891
7/28/2022,10:22:47,1313,7.552,22.299,8.058,7.81,7.894
7/28/2022,10:22:48,1314,7.551,22.3,8.057,7.81,7.889
7/28/2022,10:22:49,1315,7.546,22.301,8.059,7.81,7.89
7/28/2022,10:22:50,1316,7.544,22.3,8.052,7.81,7.894
7/28/2022,10:22:51,1317,7.55,22.299,8.054,7.809,7.886
7/28/2022,10:22:52,1318,7.545,22.301,8.052,7.809,7.885
7/28/2022,10:22:53,1319,7.539,22.304,8.053,7.806,7.889
7/28/2022,10:22:54,1320,7.542,22.306,8.053,7.802,7.882
7/28/2022,10:22:55,1321,7.538,22.311,8.052,7.8,7.885
7/28/2022,10:22:56,1322,7.528,22.312,8.046,7.8,7.883
7/28/2022,10:22:57,1323,7.532,22.31,8.05,7.794,7.885
7/28/2022,10:22:58,1324,7.53,22.304,8.051,7.799,7.882
7/28/2022,10:22:59,1325,7.529,22.298,8.054,7.797,7.88
7/28/2022,10:23:00,1326,7.531,22.294,8.054,7.798,7.885
7/28/2022,10:23:01,1327,7.529,22.292,8.05,7.796,7.881
7/28/2022,10:23:02,1328,7.523,22.293,8.048,7.799,7.879
7/28/2022,10:23:03,1329,7.524,22.294,8.05,7.798,7.876
7/28/2022,10:23:04,1330,7.525,22.293,8.049,7.795,7.881
7/28/2022,10:23:05,1331,7.529,22.292,8.047,7.796,7.876
7/28/2022,10:23:06,1332,7.534,22.291,8.05,7.796,7.881
7/28/2022,10:23:07,1333,7.539,22.293,8.052,7.796,7.882
7/28/2022,10:23:08,1334,7.544,22.293,8.052,7.79,7.882
7/28/2022,10:23:09,1335,7.558,22.29,8.061,7.793,7.891
7/28/2022,10:23:10,1336,7.567,22.288,8.062,7.799,7.902
7/28/2022,10:23:11,1337,7.57,22.287,8.071,7.806,7.904
7/28/2022,10:23:12,1338,7.589,22.289,8.073,7.808,7.914
7/28/2022,10:23:13,1339,7.589,22.291,8.081,7.812,7.916
7/28/2022,10:23:14,1340,7.609,22.292,8.086,7.813,7.923
7/28/2022,10:23:15,1341,7.617,22.293,8.089,7.818,7.935
7/28/2022,10:23:16,1342,7.634,22.295,8.099,7.831,7.949
7/28/2022,10:23:17,1343,7.643,22.299,8.104,7.835,7.956
7/28/2022,10:23:18,1344,7.653,22.302,8.106,7.839,7.958
7/28/2022,10:23:19,1345,7.671,22.303,8.111,7.85,7.971
7/28/2022,10:23:20,1346,7.678,22.303,8.116,7.854,7.979
7/28/2022,10:23:21,1347,7.694,22.303,8.12,7.866,7.985
7/28/2022,10:23:22,1348,7.712,22.3,8.119,7.869,7.995
7/28/2022,10:23:23,1349,7.71,22.299,8.125,7.878,8.006
7/28/2022,10:23:24,1350,7.726,22.297,8.133,7.886,8.011
7/28/2022,10:23:25,1351,7.744,22.298,8.141,7.887,8.019
7/28/2022,10:23:26,1352,7.754,22.297,8.144,7.897,8.029
7/28/2022,10:23:27,1353,7.768,22.298,8.145,7.905,8.038
7/28/2022,10:23:28,1354,7.777,22.298,8.151,7.911,8.041
7/28/2022,10:23:30,1355,7.785,22.299,8.152,7.923,8.055
7/28/2022,10:23:30,1356,7.804,22.3,8.161,7.924,8.058
7/28/2022,10:23:32,1357,7.806,22.3,8.161,7.934,8.064
7/28/2022,10:23:32,1358,7.82,22.301,8.171,7.938,8.077
