"time_frame","min_start","r2","b","m","t_min","t_max","t_mean","Ch","DateTime_start","type","n_min","ID_code","bw","mo2","ID","resp.V","background_slope"
"min4_10",4,0.989,8.44,0.03623,23.36,23.5,23.42,"Ch1","2022-07-25 15:11:30","SMR",5.98,"_2022_box",0.006,12.5597333333333,"A01",2.086,NA
"min14_20",14,0.984,8.7,0.03177,23.42,23.62,23.53,"Ch1","2022-07-25 15:21:30","SMR",5.98,"_2022_box",0.006,11.0136,"A01",2.086,NA
"min24_30",24,0.987,8.78,0.02202,23.73,23.9,23.82,"Ch1","2022-07-25 15:31:30","SMR",5.97,"_2022_box",0.006,7.6336,"A01",2.086,NA
"min34_40",34,0.982,8.83,0.0174,23.99,24.12,24.06,"Ch1","2022-07-25 15:41:30","SMR",5.97,"_2022_box",0.006,6.032,"A01",2.086,NA
"min54_60",54,0.955,9.24,0.02098,24.12,24.32,24.21,"Ch1","2022-07-25 16:01:30","SMR",5.97,"_2022_box",0.006,7.27306666666667,"A01",2.086,NA
"min64_70",64,0.964,8.97,0.01495,24.19,24.28,24.22,"Ch1","2022-07-25 16:11:31","SMR",5.97,"_2022_box",0.006,5.18266666666667,"A01",2.086,NA
"min74_80",74,0.971,9.03,0.01447,24.2,24.27,24.23,"Ch1","2022-07-25 16:21:31","SMR",5.97,"_2022_box",0.006,5.01626666666667,"A01",2.086,NA
"min84_90",84,0.976,9.21,0.01544,24.2,24.26,24.23,"Ch1","2022-07-25 16:31:30","SMR",5.97999999999999,"_2022_box",0.006,5.35253333333333,"A01",2.086,NA
"min94_100",94,0.97,9.56,0.01741,23.93,24.15,24.04,"Ch1","2022-07-25 16:41:30","SMR",5.97999999999999,"_2022_box",0.006,6.03546666666667,"A01",2.086,NA
"min104_110",104,0.995,10.95,0.0297,23.8,23.9,23.85,"Ch1","2022-07-25 16:51:30","SMR",5.97,"_2022_box",0.006,10.296,"A01",2.086,NA
"min114_120",114,0.982,9.82,0.01767,23.83,23.89,23.86,"Ch1","2022-07-25 17:01:30","SMR",5.97,"_2022_box",0.006,6.1256,"A01",2.086,NA
"min124_130",124,0.978,9.52,0.01365,23.89,23.96,23.93,"Ch1","2022-07-25 17:11:30","SMR",5.95999999999999,"_2022_box",0.006,4.732,"A01",2.086,NA
"min134_140",134,0.981,9.61,0.01353,23.98,24.04,24.01,"Ch1","2022-07-25 17:21:30","SMR",5.95999999999998,"_2022_box",0.006,4.6904,"A01",2.086,NA
"min144_150",144,0.98,9.69,0.01332,24.06,24.11,24.07,"Ch1","2022-07-25 17:31:30","SMR",5.97,"_2022_box",0.006,4.6176,"A01",2.086,NA
"min154_160",154,0.99,11.07,0.0216,24.11,24.2,24.14,"Ch1","2022-07-25 17:41:31","SMR",5.97,"_2022_box",0.006,7.488,"A01",2.086,NA
"min164_170",164,0.985,10.01,0.01469,24.17,24.22,24.2,"Ch1","2022-07-25 17:51:30","SMR",5.98000000000002,"_2022_box",0.006,5.09253333333333,"A01",2.086,NA
"min174_180",174,0.964,9.46,0.01079,24.14,24.25,24.2,"Ch1","2022-07-25 18:01:30","SMR",5.98000000000002,"_2022_box",0.006,3.74053333333333,"A01",2.086,NA
"min184_190",184,0.969,9.63,0.01118,23.93,24.05,23.99,"Ch1","2022-07-25 18:11:30","SMR",5.98000000000002,"_2022_box",0.006,3.87573333333333,"A01",2.086,NA
"min194_200",194,0.979,10.23,0.01345,23.93,23.97,23.95,"Ch1","2022-07-25 18:21:30","SMR",5.97,"_2022_box",0.006,4.66266666666667,"A01",2.086,NA
"min214_220",214,0.977,10.94,0.01581,23.51,23.58,23.54,"Ch1","2022-07-25 18:41:30","SMR",5.97,"_2022_box",0.006,5.4808,"A01",2.086,NA
"min224_230",224,0.985,10.74,0.01451,23.61,23.7,23.66,"Ch1","2022-07-25 18:51:31","SMR",5.97,"_2022_box",0.006,5.03013333333333,"A01",2.086,NA
"min234_240",234,0.985,10.91,0.01475,23.76,23.84,23.8,"Ch1","2022-07-25 19:01:30","SMR",5.98000000000002,"_2022_box",0.006,5.11333333333333,"A01",2.086,NA
"min244_250",244,0.993,13.69,0.02519,23.89,23.96,23.92,"Ch1","2022-07-25 19:11:30","SMR",5.97,"_2022_box",0.006,8.73253333333333,"A01",2.086,NA
"min254_260",254,0.982,11.55,0.01635,24,24.06,24.03,"Ch1","2022-07-25 19:21:30","SMR",5.96000000000001,"_2022_box",0.006,5.668,"A01",2.086,NA
"min264_270",264,0.981,11.34,0.01495,24.09,24.14,24.11,"Ch1","2022-07-25 19:31:30","SMR",5.97000000000003,"_2022_box",0.006,5.18266666666667,"A01",2.086,NA
"min274_280",274,0.989,14.88,0.02746,24.16,24.19,24.17,"Ch1","2022-07-25 19:41:31","SMR",5.96000000000004,"_2022_box",0.006,9.51946666666667,"A01",2.086,NA
"min284_290",284,0.987,16.13,0.03119,24.19,24.22,24.2,"Ch1","2022-07-25 19:51:30","SMR",5.96000000000004,"_2022_box",0.006,10.8125333333333,"A01",2.086,NA
"min294_300",294,0.98,11.38,0.0134,24.21,24.26,24.23,"Ch1","2022-07-25 20:01:31","SMR",5.97000000000003,"_2022_box",0.006,4.64533333333333,"A01",2.086,NA
"min304_310",304,0.975,11.19,0.01238,24.22,24.26,24.24,"Ch1","2022-07-25 20:11:30","SMR",5.98000000000002,"_2022_box",0.006,4.29173333333333,"A01",2.086,NA
"min314_320",314,0.982,11.64,0.01362,24.22,24.26,24.24,"Ch1","2022-07-25 20:21:30","SMR",5.97000000000003,"_2022_box",0.006,4.7216,"A01",2.086,NA
"min324_330",324,0.981,11.5,0.01291,24.2,24.24,24.21,"Ch1","2022-07-25 20:31:30","SMR",5.97000000000003,"_2022_box",0.006,4.47546666666667,"A01",2.086,NA
"min334_340",334,0.958,10.82,0.01057,24.02,24.22,24.12,"Ch1","2022-07-25 20:41:30","SMR",5.97000000000003,"_2022_box",0.006,3.66426666666667,"A01",2.086,NA
"min344_350",344,0.986,13.18,0.01691,23.81,23.95,23.87,"Ch1","2022-07-25 20:51:31","SMR",5.97000000000003,"_2022_box",0.006,5.86213333333333,"A01",2.086,NA
"min354_360",354,0.979,12.07,0.0133,23.77,23.82,23.79,"Ch1","2022-07-25 21:01:30","SMR",5.98000000000002,"_2022_box",0.006,4.61066666666667,"A01",2.086,NA
"min364_370",364,0.981,12.23,0.0135,23.75,23.79,23.77,"Ch1","2022-07-25 21:11:30","SMR",5.98000000000002,"_2022_box",0.006,4.68,"A01",2.086,NA
"min374_380",374,0.968,13.12,0.01543,23.72,23.77,23.75,"Ch1","2022-07-25 21:21:30","SMR",5.97000000000003,"_2022_box",0.006,5.34906666666667,"A01",2.086,NA
"min384_390",384,0.966,11.85,0.01171,23.7,23.75,23.73,"Ch1","2022-07-25 21:31:30","SMR",5.97000000000003,"_2022_box",0.006,4.05946666666667,"A01",2.086,NA
"min394_400",394,0.978,12.68,0.01361,23.68,23.73,23.71,"Ch1","2022-07-25 21:41:30","SMR",5.96000000000004,"_2022_box",0.006,4.71813333333333,"A01",2.086,NA
"min404_410",404,0.976,11.8,0.01097,23.67,23.72,23.69,"Ch1","2022-07-25 21:51:30","SMR",5.97000000000003,"_2022_box",0.006,3.80293333333333,"A01",2.086,NA
"min414_420",414,0.982,12.33,0.01194,23.65,23.68,23.67,"Ch1","2022-07-25 22:01:31","SMR",5.97000000000003,"_2022_box",0.006,4.1392,"A01",2.086,NA
"min424_430",424,0.975,12.04,0.01099,23.61,23.66,23.64,"Ch1","2022-07-25 22:11:30","SMR",5.98000000000002,"_2022_box",0.006,3.80986666666667,"A01",2.086,NA
"min434_440",434,0.982,13.3,0.01373,23.6,23.63,23.61,"Ch1","2022-07-25 22:21:30","SMR",5.98000000000002,"_2022_box",0.006,4.75973333333333,"A01",2.086,NA
"min444_450",444,0.98,12.99,0.01264,23.57,23.6,23.59,"Ch1","2022-07-25 22:31:30","SMR",5.97000000000003,"_2022_box",0.006,4.38186666666667,"A01",2.086,NA
"min454_460",454,0.984,13.55,0.01369,23.55,23.59,23.57,"Ch1","2022-07-25 22:41:30","SMR",5.96000000000004,"_2022_box",0.006,4.74586666666667,"A01",2.086,NA
"min464_470",464,0.981,12.69,0.0116,23.53,23.57,23.55,"Ch1","2022-07-25 22:51:30","SMR",5.97000000000003,"_2022_box",0.006,4.02133333333333,"A01",2.086,NA
"min474_480",474,0.988,14.7,0.01563,23.5,23.55,23.52,"Ch1","2022-07-25 23:01:31","SMR",5.97000000000003,"_2022_box",0.006,5.4184,"A01",2.086,NA
"min484_490",484,0.977,12.81,0.01121,23.45,23.51,23.48,"Ch1","2022-07-25 23:11:30","SMR",5.98000000000002,"_2022_box",0.006,3.88613333333333,"A01",2.086,NA
"min494_500",494,0.957,12.45,0.01023,23.35,23.48,23.43,"Ch1","2022-07-25 23:21:30","SMR",5.98000000000002,"_2022_box",0.006,3.5464,"A01",2.086,NA
"min504_510",504,0.943,12.44,0.00998,23.17,23.3,23.21,"Ch1","2022-07-25 23:31:30","SMR",5.97000000000003,"_2022_box",0.006,3.45973333333333,"A01",2.086,NA
"min514_520",514,0.971,12.75,0.0104,23.11,23.18,23.15,"Ch1","2022-07-25 23:41:30","SMR",5.97000000000003,"_2022_box",0.006,3.60533333333333,"A01",2.086,NA
"min524_530",524,0.966,12.43,0.00957,23.08,23.14,23.12,"Ch1","2022-07-25 23:51:30","SMR",5.96000000000004,"_2022_box",0.006,3.3176,"A01",2.086,NA
"min534_540",534,0.976,13.45,0.01136,23.02,23.11,23.08,"Ch1","2022-07-26 00:01:30","SMR",5.97000000000003,"_2022_box",0.006,3.93813333333333,"A01",2.086,NA
"min544_550",544,0.976,14.39,0.01279,22.99,23.06,23.02,"Ch1","2022-07-26 00:11:31","SMR",5.97000000000003,"_2022_box",0.006,4.43386666666667,"A01",2.086,NA
"min554_560",554,0.972,13.87,0.01159,22.91,23.01,22.97,"Ch1","2022-07-26 00:21:30","SMR",5.98000000000002,"_2022_box",0.006,4.01786666666667,"A01",2.086,NA
"min564_570",564,0.978,15.22,0.01384,22.89,22.95,22.92,"Ch1","2022-07-26 00:31:30","SMR",5.98000000000002,"_2022_box",0.006,4.79786666666667,"A01",2.086,NA
"min574_580",574,0.965,12.75,0.00918,22.83,22.9,22.87,"Ch1","2022-07-26 00:41:30","SMR",5.98000000000002,"_2022_box",0.006,3.1824,"A01",2.086,NA
"min584_590",584,0.965,13.04,0.0095,22.77,22.84,22.81,"Ch1","2022-07-26 00:51:30","SMR",5.97000000000003,"_2022_box",0.006,3.29333333333333,"A01",2.086,NA
"min594_600",594,0.951,13.48,0.01009,22.71,22.78,22.75,"Ch1","2022-07-26 01:01:30","SMR",5.97000000000003,"_2022_box",0.006,3.49786666666667,"A01",2.086,NA
"min604_610",604,0.973,14.54,0.0117,22.65,22.73,22.68,"Ch1","2022-07-26 01:11:30","SMR",5.96000000000004,"_2022_box",0.006,4.056,"A01",2.086,NA
"min614_620",614,0.967,14.61,0.01153,22.58,22.66,22.62,"Ch1","2022-07-26 01:21:30","SMR",5.97000000000003,"_2022_box",0.006,3.99706666666667,"A01",2.086,NA
"min624_630",624,0.958,13.79,0.01009,22.51,22.59,22.55,"Ch1","2022-07-26 01:31:31","SMR",5.97000000000003,"_2022_box",0.006,3.49786666666667,"A01",2.086,NA
"min634_640",634,0.93,12.88,0.0084,22.39,22.52,22.47,"Ch1","2022-07-26 01:41:30","SMR",5.98000000000002,"_2022_box",0.006,2.912,"A01",2.086,NA
"min644_650",644,0.943,13.42,0.00913,22.32,22.42,22.37,"Ch1","2022-07-26 01:51:30","SMR",5.98000000000002,"_2022_box",0.006,3.16506666666667,"A01",2.086,NA
"min654_660",654,0.95,14.14,0.01005,22.21,22.32,22.27,"Ch1","2022-07-26 02:01:30","SMR",5.98000000000002,"_2022_box",0.006,3.484,"A01",2.086,NA
"min664_670",664,0.957,13.99,0.00966,22.14,22.24,22.19,"Ch1","2022-07-26 02:11:30","SMR",5.97000000000003,"_2022_box",0.006,3.3488,"A01",2.086,NA
"min674_680",674,0.938,13.84,0.0093,22.02,22.15,22.1,"Ch1","2022-07-26 02:21:30","SMR",5.97000000000003,"_2022_box",0.006,3.224,"A01",2.086,NA
"min684_690",684,0.932,13.82,0.00903,21.96,22.08,22.03,"Ch1","2022-07-26 02:31:30","SMR",5.96000000000004,"_2022_box",0.006,3.1304,"A01",2.086,NA
"min694_700",694,0.96,14.91,0.01043,21.9,21.98,21.95,"Ch1","2022-07-26 02:41:30","SMR",5.97000000000003,"_2022_box",0.006,3.61573333333333,"A01",2.086,NA
"min704_710",704,0.946,14.74,0.01002,21.79,21.91,21.87,"Ch1","2022-07-26 02:51:31","SMR",5.97000000000003,"_2022_box",0.006,3.4736,"A01",2.086,NA
"min714_720",714,0.92,13.47,0.00815,21.72,21.83,21.78,"Ch1","2022-07-26 03:01:30","SMR",5.98000000000002,"_2022_box",0.006,2.82533333333333,"A01",2.086,NA
"min724_730",724,0.965,16.56,0.01222,21.62,21.73,21.69,"Ch1","2022-07-26 03:11:30","SMR",5.98000000000002,"_2022_box",0.006,4.23626666666667,"A01",2.086,NA
"min734_740",734,0.927,13.55,0.00795,21.55,21.65,21.6,"Ch1","2022-07-26 03:21:30","SMR",5.98000000000002,"_2022_box",0.006,2.756,"A01",2.086,NA
"min744_750",744,0.941,14.04,0.00851,21.45,21.55,21.49,"Ch1","2022-07-26 03:31:30","SMR",5.97000000000003,"_2022_box",0.006,2.95013333333333,"A01",2.086,NA
"min774_780",774,0.93,14.2,0.00825,21.12,21.26,21.21,"Ch1","2022-07-26 04:01:30","SMR",5.97000000000003,"_2022_box",0.006,2.86,"A01",2.086,NA
"min784_790",784,0.946,15.64,0.01001,21.06,21.17,21.11,"Ch1","2022-07-26 04:11:31","SMR",5.97000000000003,"_2022_box",0.006,3.47013333333333,"A01",2.086,NA
"min794_800",794,0.958,16.44,0.01082,20.97,21.07,21.03,"Ch1","2022-07-26 04:21:31","SMR",5.97000000000003,"_2022_box",0.006,3.75093333333333,"A01",2.086,NA
"min804_810",804,0.945,15.25,0.00923,20.89,20.98,20.94,"Ch1","2022-07-26 04:31:30","SMR",5.98000000000002,"_2022_box",0.006,3.19973333333333,"A01",2.086,NA
"min814_820",814,0.941,16.46,0.01055,20.76,20.9,20.83,"Ch1","2022-07-26 04:41:30","SMR",5.98000000000002,"_2022_box",0.006,3.65733333333333,"A01",2.086,NA
"min824_830",824,0.946,15.47,0.00919,20.7,20.78,20.75,"Ch1","2022-07-26 04:51:30","SMR",5.97000000000003,"_2022_box",0.006,3.18586666666667,"A01",2.086,NA
"min834_840",834,0.957,19.17,0.0135,20.58,20.7,20.65,"Ch1","2022-07-26 05:01:30","SMR",5.97000000000003,"_2022_box",0.006,4.68,"A01",2.086,NA
"min844_850",844,0.981,21.92,0.01662,20.51,20.59,20.56,"Ch1","2022-07-26 05:11:30","SMR",5.96000000000004,"_2022_box",0.006,5.7616,"A01",2.086,NA
"min854_860",854,0.974,22.4,0.01694,20.39,20.51,20.47,"Ch1","2022-07-26 05:21:30","SMR",5.96000000000004,"_2022_box",0.006,5.87253333333333,"A01",2.086,NA
"min864_870",864,0.992,28.75,0.02411,20.34,20.42,20.38,"Ch1","2022-07-26 05:31:30","SMR",5.97000000000003,"_2022_box",0.006,8.35813333333333,"A01",2.086,NA
"min874_880",874,0.992,29.48,0.02466,20.24,20.34,20.29,"Ch1","2022-07-26 05:41:31","SMR",5.97000000000003,"_2022_box",0.006,8.5488,"A01",2.086,NA
"min884_890",884,0.983,25.77,0.02016,20.14,20.25,20.21,"Ch1","2022-07-26 05:51:30","SMR",5.98000000000002,"_2022_box",0.006,6.9888,"A01",2.086,NA
"min894_900",894,0.981,22.64,0.01641,20.09,20.18,20.14,"Ch1","2022-07-26 06:01:30","SMR",5.98000000000002,"_2022_box",0.006,5.6888,"A01",2.086,NA
"min904_910",904,0.95,18.54,0.01167,19.98,20.09,20.05,"Ch1","2022-07-26 06:11:30","SMR",5.97000000000003,"_2022_box",0.006,4.0456,"A01",2.086,NA
"min914_920",914,0.93,14.98,0.00759,19.94,20.01,19.98,"Ch1","2022-07-26 06:21:30","SMR",5.97000000000003,"_2022_box",0.006,2.6312,"A01",2.086,NA
"min924_930",924,0.947,16.38,0.00901,19.87,19.96,19.92,"Ch1","2022-07-26 06:31:30","SMR",5.97000000000003,"_2022_box",0.006,3.12346666666667,"A01",2.086,NA
"min934_940",934,0.979,21.71,0.01457,19.82,19.89,19.86,"Ch1","2022-07-26 06:41:30","SMR",5.96000000000004,"_2022_box",0.006,5.05093333333333,"A01",2.086,NA
"min944_950",944,0.936,15.48,0.00779,19.74,19.84,19.8,"Ch1","2022-07-26 06:51:30","SMR",5.97000000000003,"_2022_box",0.006,2.70053333333333,"A01",2.086,NA
"min954_960",954,0.948,15.77,0.00798,19.69,19.76,19.73,"Ch1","2022-07-26 07:01:30","SMR",5.97000000000003,"_2022_box",0.006,2.7664,"A01",2.086,NA
"min964_970",964,0.958,18.02,0.0102,19.63,19.7,19.67,"Ch1","2022-07-26 07:11:31","SMR",5.97000000000003,"_2022_box",0.006,3.536,"A01",2.086,NA
"min974_980",974,0.937,16.46,0.00848,19.58,19.64,19.61,"Ch1","2022-07-26 07:21:30","SMR",5.98000000000002,"_2022_box",0.006,2.93973333333333,"A01",2.086,NA
"min984_990",984,0.95,16.19,0.0081,19.52,19.59,19.55,"Ch1","2022-07-26 07:31:30","SMR",5.98000000000002,"_2022_box",0.006,2.808,"A01",2.086,NA
"min994_1000",994,0.975,19.74,0.01156,19.51,19.54,19.52,"Ch1","2022-07-26 07:41:30","SMR",5.98000000000002,"_2022_box",0.006,4.00746666666667,"A01",2.086,NA
"min1004_1010",1004,0.971,19.18,0.01088,19.52,19.54,19.53,"Ch1","2022-07-26 07:51:30","SMR",5.97000000000003,"_2022_box",0.006,3.77173333333333,"A01",2.086,NA
"min1014_1020",1014,0.957,16.85,0.00848,19.43,19.47,19.45,"Ch1","2022-07-26 08:01:30","SMR",5.97000000000003,"_2022_box",0.006,2.93973333333333,"A01",2.086,NA
"min1024_1030",1024,0.969,19.33,0.01084,19.45,19.47,19.46,"Ch1","2022-07-26 08:11:30","SMR",5.96000000000004,"_2022_box",0.006,3.75786666666667,"A01",2.086,NA
"min1044_1050",1044,0.976,21.21,0.01245,19.38,19.45,19.41,"Ch1","2022-07-26 08:31:30","SMR",5.97000000000003,"_2022_box",0.006,4.316,"A01",2.086,NA
"min4_10",4,0.97,8.55,0.01662,23.36,23.5,23.42,"Ch2","2022-07-25 15:11:30","SMR",5.98,"_2022_box",0.0073,4.75309232876712,"A02",2.095,NA
"min14_20",14,0.994,8.94,0.03863,23.42,23.62,23.53,"Ch2","2022-07-25 15:21:30","SMR",5.98,"_2022_box",0.0073,11.0476508219178,"A02",2.095,NA
"min24_30",24,0.989,8.98,0.02703,23.73,23.9,23.82,"Ch2","2022-07-25 15:31:30","SMR",5.97,"_2022_box",0.0073,7.7302097260274,"A02",2.095,NA
"min34_40",34,0.988,9.02,0.02061,23.99,24.12,24.06,"Ch2","2022-07-25 15:41:30","SMR",5.97,"_2022_box",0.0073,5.89417767123288,"A02",2.095,NA
"min44_50",44,0.984,9.88,0.03611,24.11,24.3,24.18,"Ch2","2022-07-25 15:51:30","SMR",5.95999999999999,"_2022_box",0.0073,10.3269653424658,"A02",2.095,NA
"min54_60",54,0.974,9.34,0.02114,24.12,24.32,24.21,"Ch2","2022-07-25 16:01:30","SMR",5.97,"_2022_box",0.0073,6.0457504109589,"A02",2.095,NA
"min64_70",64,0.975,9.31,0.01746,24.19,24.28,24.22,"Ch2","2022-07-25 16:11:31","SMR",5.97,"_2022_box",0.0073,4.99332082191781,"A02",2.095,NA
"min74_80",74,0.992,10.59,0.03281,24.2,24.27,24.23,"Ch2","2022-07-25 16:21:31","SMR",5.97,"_2022_box",0.0073,9.38321054794521,"A02",2.095,NA
"min84_90",84,0.991,10.37,0.02736,24.2,24.26,24.23,"Ch2","2022-07-25 16:31:30","SMR",5.97999999999999,"_2022_box",0.0073,7.82458520547945,"A02",2.095,NA
"min94_100",94,0.982,10.05,0.02149,23.93,24.15,24.04,"Ch2","2022-07-25 16:41:30","SMR",5.97999999999999,"_2022_box",0.0073,6.14584561643836,"A02",2.095,NA
"min104_110",104,0.969,9.97,0.01915,23.8,23.9,23.85,"Ch2","2022-07-25 16:51:30","SMR",5.97,"_2022_box",0.0073,5.47663767123288,"A02",2.095,NA
"min114_120",114,0.986,9.9,0.0172,23.83,23.89,23.86,"Ch2","2022-07-25 17:01:30","SMR",5.97,"_2022_box",0.0073,4.91896438356164,"A02",2.095,NA
"min124_130",124,0.987,9.99,0.01668,23.89,23.96,23.93,"Ch2","2022-07-25 17:11:30","SMR",5.95999999999999,"_2022_box",0.0073,4.77025150684932,"A02",2.095,NA
"min134_140",134,0.987,10.13,0.01671,23.98,24.04,24.01,"Ch2","2022-07-25 17:21:30","SMR",5.95999999999998,"_2022_box",0.0073,4.77883109589041,"A02",2.095,NA
"min144_150",144,0.986,10.47,0.01807,24.06,24.11,24.07,"Ch2","2022-07-25 17:31:30","SMR",5.97,"_2022_box",0.0073,5.16777246575343,"A02",2.095,NA
"min154_160",154,0.993,12.13,0.02804,24.11,24.2,24.14,"Ch2","2022-07-25 17:41:31","SMR",5.97,"_2022_box",0.0073,8.01905589041096,"A02",2.095,NA
"min164_170",164,0.995,12.19,0.02664,24.17,24.22,24.2,"Ch2","2022-07-25 17:51:30","SMR",5.98000000000002,"_2022_box",0.0073,7.61867506849315,"A02",2.095,NA
"min174_180",174,0.976,10.37,0.01486,24.14,24.25,24.2,"Ch2","2022-07-25 18:01:30","SMR",5.98000000000002,"_2022_box",0.0073,4.24975643835617,"A02",2.095,NA
"min184_190",184,0.983,10.44,0.01447,23.93,24.05,23.99,"Ch2","2022-07-25 18:11:30","SMR",5.98000000000002,"_2022_box",0.0073,4.13822178082192,"A02",2.095,NA
"min194_200",194,0.989,10.72,0.01544,23.93,23.97,23.95,"Ch2","2022-07-25 18:21:30","SMR",5.97,"_2022_box",0.0073,4.41562849315069,"A02",2.095,NA
"min204_210",204,0.925,9.62,0.00928,23.73,23.99,23.89,"Ch2","2022-07-25 18:31:30","SMR",5.97,"_2022_box",0.0073,2.65395287671233,"A02",2.095,NA
"min214_220",214,0.985,11.22,0.01636,23.51,23.58,23.54,"Ch2","2022-07-25 18:41:30","SMR",5.97,"_2022_box",0.0073,4.67873589041096,"A02",2.095,NA
"min224_230",224,0.994,11.78,0.01826,23.61,23.7,23.66,"Ch2","2022-07-25 18:51:31","SMR",5.97,"_2022_box",0.0073,5.2221098630137,"A02",2.095,NA
"min234_240",234,0.992,12.02,0.01849,23.76,23.84,23.8,"Ch2","2022-07-25 19:01:30","SMR",5.98000000000002,"_2022_box",0.0073,5.28788671232877,"A02",2.095,NA
"min244_250",244,0.989,13.67,0.0246,23.89,23.96,23.92,"Ch2","2022-07-25 19:11:30","SMR",5.97,"_2022_box",0.0073,7.03526301369863,"A02",2.095,NA
"min254_260",254,0.991,12.3,0.01825,24,24.06,24.03,"Ch2","2022-07-25 19:21:30","SMR",5.96000000000001,"_2022_box",0.0073,5.21925,"A02",2.095,NA
"min264_270",264,0.99,15.73,0.03057,24.09,24.14,24.11,"Ch2","2022-07-25 19:31:30","SMR",5.97000000000003,"_2022_box",0.0073,8.74260123287671,"A02",2.095,NA
"min274_280",274,0.996,17.21,0.03506,24.16,24.19,24.17,"Ch2","2022-07-25 19:41:31","SMR",5.96000000000004,"_2022_box",0.0073,10.0266797260274,"A02",2.095,NA
"min284_290",284,0.992,17.14,0.03362,24.19,24.22,24.2,"Ch2","2022-07-25 19:51:30","SMR",5.96000000000004,"_2022_box",0.0073,9.61485945205479,"A02",2.095,NA
"min294_300",294,0.995,16.78,0.03148,24.21,24.26,24.23,"Ch2","2022-07-25 20:01:31","SMR",5.97000000000003,"_2022_box",0.0073,9.00284876712329,"A02",2.095,NA
"min304_310",304,0.991,12.84,0.01751,24.22,24.26,24.24,"Ch2","2022-07-25 20:11:30","SMR",5.98000000000002,"_2022_box",0.0073,5.0076201369863,"A02",2.095,NA
"min314_320",314,0.991,12.82,0.01684,24.22,24.26,24.24,"Ch2","2022-07-25 20:21:30","SMR",5.97000000000003,"_2022_box",0.0073,4.81600931506849,"A02",2.095,NA
"min324_330",324,0.99,14.74,0.02224,24.2,24.24,24.21,"Ch2","2022-07-25 20:31:30","SMR",5.97000000000003,"_2022_box",0.0073,6.36033534246575,"A02",2.095,NA
"min334_340",334,0.983,12.51,0.01499,24.02,24.22,24.12,"Ch2","2022-07-25 20:41:30","SMR",5.97000000000003,"_2022_box",0.0073,4.28693465753425,"A02",2.095,NA
"min344_350",344,0.983,12.34,0.01413,23.81,23.95,23.87,"Ch2","2022-07-25 20:51:31","SMR",5.97000000000003,"_2022_box",0.0073,4.04098643835616,"A02",2.095,NA
"min354_360",354,0.989,12.86,0.01523,23.77,23.82,23.79,"Ch2","2022-07-25 21:01:30","SMR",5.98000000000002,"_2022_box",0.0073,4.35557136986301,"A02",2.095,NA
"min364_370",364,0.989,13.1,0.01544,23.75,23.79,23.77,"Ch2","2022-07-25 21:11:30","SMR",5.98000000000002,"_2022_box",0.0073,4.41562849315069,"A02",2.095,NA
"min374_380",374,0.99,13.79,0.01696,23.72,23.77,23.75,"Ch2","2022-07-25 21:21:30","SMR",5.97000000000003,"_2022_box",0.0073,4.85032767123288,"A02",2.095,NA
"min384_390",384,0.99,13.5,0.01579,23.7,23.75,23.73,"Ch2","2022-07-25 21:31:30","SMR",5.97000000000003,"_2022_box",0.0073,4.51572369863014,"A02",2.095,NA
"min394_400",394,0.987,13.7,0.01582,23.68,23.73,23.71,"Ch2","2022-07-25 21:41:30","SMR",5.96000000000004,"_2022_box",0.0073,4.52430328767123,"A02",2.095,NA
"min404_410",404,0.991,13.88,0.01594,23.67,23.72,23.69,"Ch2","2022-07-25 21:51:30","SMR",5.97000000000003,"_2022_box",0.0073,4.55862164383562,"A02",2.095,NA
"min414_420",414,0.99,13.84,0.01545,23.65,23.68,23.67,"Ch2","2022-07-25 22:01:31","SMR",5.97000000000003,"_2022_box",0.0073,4.41848835616438,"A02",2.095,NA
"min424_430",424,0.988,13.94,0.0153,23.61,23.66,23.64,"Ch2","2022-07-25 22:11:30","SMR",5.98000000000002,"_2022_box",0.0073,4.3755904109589,"A02",2.095,NA
"min434_440",434,0.987,14.03,0.01508,23.6,23.63,23.61,"Ch2","2022-07-25 22:21:30","SMR",5.98000000000002,"_2022_box",0.0073,4.31267342465753,"A02",2.095,NA
"min444_450",444,0.99,14.58,0.01605,23.57,23.6,23.59,"Ch2","2022-07-25 22:31:30","SMR",5.97000000000003,"_2022_box",0.0073,4.5900801369863,"A02",2.095,NA
"min454_460",454,0.991,14.54,0.01556,23.55,23.59,23.57,"Ch2","2022-07-25 22:41:30","SMR",5.96000000000004,"_2022_box",0.0073,4.44994684931507,"A02",2.095,NA
"min464_470",464,0.99,14.45,0.01501,23.53,23.57,23.55,"Ch2","2022-07-25 22:51:30","SMR",5.97000000000003,"_2022_box",0.0073,4.29265438356164,"A02",2.095,NA
"min474_480",474,0.986,14.87,0.01559,23.5,23.55,23.52,"Ch2","2022-07-25 23:01:31","SMR",5.97000000000003,"_2022_box",0.0073,4.45852643835616,"A02",2.095,NA
"min484_490",484,0.989,15.01,0.01561,23.45,23.51,23.48,"Ch2","2022-07-25 23:11:30","SMR",5.98000000000002,"_2022_box",0.0073,4.46424616438356,"A02",2.095,NA
"min494_500",494,0.982,14.47,0.0142,23.35,23.48,23.43,"Ch2","2022-07-25 23:21:30","SMR",5.98000000000002,"_2022_box",0.0073,4.06100547945206,"A02",2.095,NA
"min504_510",504,0.974,14.06,0.01308,23.17,23.3,23.21,"Ch2","2022-07-25 23:31:30","SMR",5.97000000000003,"_2022_box",0.0073,3.74070082191781,"A02",2.095,NA
"min514_520",514,0.986,15.15,0.01494,23.11,23.18,23.15,"Ch2","2022-07-25 23:41:30","SMR",5.97000000000003,"_2022_box",0.0073,4.27263534246575,"A02",2.095,NA
"min524_530",524,0.986,15.16,0.01467,23.08,23.14,23.12,"Ch2","2022-07-25 23:51:30","SMR",5.96000000000004,"_2022_box",0.0073,4.19541904109589,"A02",2.095,NA
"min534_540",534,0.987,15.36,0.01471,23.02,23.11,23.08,"Ch2","2022-07-26 00:01:30","SMR",5.97000000000003,"_2022_box",0.0073,4.20685849315069,"A02",2.095,NA
"min544_550",544,0.981,15.64,0.01498,22.99,23.06,23.02,"Ch2","2022-07-26 00:11:31","SMR",5.97000000000003,"_2022_box",0.0073,4.28407479452055,"A02",2.095,NA
"min554_560",554,0.985,15.19,0.01386,22.91,23.01,22.97,"Ch2","2022-07-26 00:21:30","SMR",5.98000000000002,"_2022_box",0.0073,3.9637701369863,"A02",2.095,NA
"min564_570",564,0.985,15.46,0.01402,22.89,22.95,22.92,"Ch2","2022-07-26 00:31:30","SMR",5.98000000000002,"_2022_box",0.0073,4.00952794520548,"A02",2.095,NA
"min574_580",574,0.987,15.65,0.01414,22.83,22.9,22.87,"Ch2","2022-07-26 00:41:30","SMR",5.98000000000002,"_2022_box",0.0073,4.04384630136986,"A02",2.095,NA
"min584_590",584,0.986,15.52,0.01366,22.77,22.84,22.81,"Ch2","2022-07-26 00:51:30","SMR",5.97000000000003,"_2022_box",0.0073,3.90657287671233,"A02",2.095,NA
"min594_600",594,0.977,15.36,0.0131,22.71,22.78,22.75,"Ch2","2022-07-26 01:01:30","SMR",5.97000000000003,"_2022_box",0.0073,3.74642054794521,"A02",2.095,NA
"min604_610",604,0.982,15.73,0.01347,22.65,22.73,22.68,"Ch2","2022-07-26 01:11:30","SMR",5.96000000000004,"_2022_box",0.0073,3.85223547945206,"A02",2.095,NA
"min614_620",614,0.978,15.24,0.01247,22.58,22.66,22.62,"Ch2","2022-07-26 01:21:30","SMR",5.97000000000003,"_2022_box",0.0073,3.56624917808219,"A02",2.095,NA
"min624_630",624,0.981,15.61,0.0128,22.51,22.59,22.55,"Ch2","2022-07-26 01:31:31","SMR",5.97000000000003,"_2022_box",0.0073,3.66062465753425,"A02",2.095,NA
"min634_640",634,0.971,15.41,0.0123,22.39,22.52,22.47,"Ch2","2022-07-26 01:41:30","SMR",5.98000000000002,"_2022_box",0.0073,3.51763150684932,"A02",2.095,NA
"min644_650",644,0.966,15.06,0.0115,22.32,22.42,22.37,"Ch2","2022-07-26 01:51:30","SMR",5.98000000000002,"_2022_box",0.0073,3.28884246575342,"A02",2.095,NA
"min654_660",654,0.97,15.4,0.01183,22.21,22.32,22.27,"Ch2","2022-07-26 02:01:30","SMR",5.98000000000002,"_2022_box",0.0073,3.38321794520548,"A02",2.095,NA
"min664_670",664,0.978,16.41,0.01314,22.14,22.24,22.19,"Ch2","2022-07-26 02:11:30","SMR",5.97000000000003,"_2022_box",0.0073,3.75786,"A02",2.095,NA
"min674_680",674,0.966,16.1,0.01245,22.02,22.15,22.1,"Ch2","2022-07-26 02:21:30","SMR",5.97000000000003,"_2022_box",0.0073,3.56052945205479,"A02",2.095,NA
"min684_690",684,0.977,16.41,0.01275,21.96,22.08,22.03,"Ch2","2022-07-26 02:31:30","SMR",5.96000000000004,"_2022_box",0.0073,3.64632534246575,"A02",2.095,NA
"min694_700",694,0.978,16.9,0.01324,21.9,21.98,21.95,"Ch2","2022-07-26 02:41:30","SMR",5.97000000000003,"_2022_box",0.0073,3.78645863013699,"A02",2.095,NA
"min704_710",704,0.968,16.69,0.01274,21.79,21.91,21.87,"Ch2","2022-07-26 02:51:31","SMR",5.97000000000003,"_2022_box",0.0073,3.64346547945205,"A02",2.095,NA
"min714_720",714,0.96,15.5,0.01084,21.72,21.83,21.78,"Ch2","2022-07-26 03:01:30","SMR",5.98000000000002,"_2022_box",0.0073,3.10009150684932,"A02",2.095,NA
"min724_730",724,0.967,16.89,0.01262,21.62,21.73,21.69,"Ch2","2022-07-26 03:11:30","SMR",5.98000000000002,"_2022_box",0.0073,3.60914712328767,"A02",2.095,NA
"min734_740",734,0.971,16.57,0.01199,21.55,21.65,21.6,"Ch2","2022-07-26 03:21:30","SMR",5.98000000000002,"_2022_box",0.0073,3.42897575342466,"A02",2.095,NA
"min744_750",744,0.967,16.1,0.01116,21.45,21.55,21.49,"Ch2","2022-07-26 03:31:30","SMR",5.97000000000003,"_2022_box",0.0073,3.19160712328767,"A02",2.095,NA
"min754_760",754,0.966,15.47,0.01016,21.34,21.44,21.39,"Ch2","2022-07-26 03:41:30","SMR",5.97000000000003,"_2022_box",0.0073,2.90562082191781,"A02",2.095,NA
"min764_770",764,0.931,15.38,0.00989,21.25,21.35,21.29,"Ch2","2022-07-26 03:51:30","SMR",5.96000000000004,"_2022_box",0.0073,2.82840452054795,"A02",2.095,NA
"min774_780",774,0.959,16.05,0.0106,21.12,21.26,21.21,"Ch2","2022-07-26 04:01:30","SMR",5.97000000000003,"_2022_box",0.0073,3.03145479452055,"A02",2.095,NA
"min784_790",784,0.959,15.98,0.01034,21.06,21.17,21.11,"Ch2","2022-07-26 04:11:31","SMR",5.97000000000003,"_2022_box",0.0073,2.95709835616438,"A02",2.095,NA
"min794_800",794,0.965,16.68,0.01109,20.97,21.07,21.03,"Ch2","2022-07-26 04:21:31","SMR",5.97000000000003,"_2022_box",0.0073,3.17158808219178,"A02",2.095,NA
"min804_810",804,0.969,17.32,0.01171,20.89,20.98,20.94,"Ch2","2022-07-26 04:31:30","SMR",5.98000000000002,"_2022_box",0.0073,3.3488995890411,"A02",2.095,NA
"min814_820",814,0.962,18.5,0.01303,20.76,20.9,20.83,"Ch2","2022-07-26 04:41:30","SMR",5.98000000000002,"_2022_box",0.0073,3.72640150684932,"A02",2.095,NA
"min824_830",824,0.964,16.61,0.01056,20.7,20.78,20.75,"Ch2","2022-07-26 04:51:30","SMR",5.97000000000003,"_2022_box",0.0073,3.02001534246575,"A02",2.095,NA
"min834_840",834,0.934,17.22,0.01113,20.58,20.7,20.65,"Ch2","2022-07-26 05:01:30","SMR",5.97000000000003,"_2022_box",0.0073,3.18302753424658,"A02",2.095,NA
"min844_850",844,0.987,31.78,0.02826,20.51,20.59,20.56,"Ch2","2022-07-26 05:11:30","SMR",5.96000000000004,"_2022_box",0.0073,8.08197287671233,"A02",2.095,NA
"min854_860",854,0.952,21.08,0.0154,20.39,20.51,20.47,"Ch2","2022-07-26 05:21:30","SMR",5.96000000000004,"_2022_box",0.0073,4.40418904109589,"A02",2.095,NA
"min864_870",864,0.985,31.45,0.02721,20.34,20.42,20.38,"Ch2","2022-07-26 05:31:30","SMR",5.97000000000003,"_2022_box",0.0073,7.78168726027397,"A02",2.095,NA
"min874_880",874,0.994,39.59,0.03621,20.24,20.34,20.29,"Ch2","2022-07-26 05:41:31","SMR",5.97000000000003,"_2022_box",0.0073,10.3555639726027,"A02",2.095,NA
"min884_890",884,0.984,32.5,0.02778,20.14,20.25,20.21,"Ch2","2022-07-26 05:51:30","SMR",5.98000000000002,"_2022_box",0.0073,7.9446994520548,"A02",2.095,NA
"min894_900",894,0.99,31.88,0.02673,20.09,20.18,20.14,"Ch2","2022-07-26 06:01:30","SMR",5.98000000000002,"_2022_box",0.0073,7.64441383561644,"A02",2.095,NA
"min904_910",904,0.961,28.22,0.02232,19.98,20.09,20.05,"Ch2","2022-07-26 06:11:30","SMR",5.97000000000003,"_2022_box",0.0073,6.38321424657534,"A02",2.095,NA
"min914_920",914,0.97,18.59,0.01156,19.94,20.01,19.98,"Ch2","2022-07-26 06:21:30","SMR",5.97000000000003,"_2022_box",0.0073,3.30600164383562,"A02",2.095,NA
"min924_930",924,0.972,18.17,0.0109,19.87,19.96,19.92,"Ch2","2022-07-26 06:31:30","SMR",5.97000000000003,"_2022_box",0.0073,3.11725068493151,"A02",2.095,NA
"min934_940",934,0.971,18.6,0.01124,19.82,19.89,19.86,"Ch2","2022-07-26 06:41:30","SMR",5.96000000000004,"_2022_box",0.0073,3.21448602739726,"A02",2.095,NA
"min944_950",944,0.961,21.08,0.01371,19.74,19.84,19.8,"Ch2","2022-07-26 06:51:30","SMR",5.97000000000003,"_2022_box",0.0073,3.92087219178082,"A02",2.095,NA
"min954_960",954,0.991,32.16,0.02518,19.69,19.76,19.73,"Ch2","2022-07-26 07:01:30","SMR",5.97000000000003,"_2022_box",0.0073,7.20113506849315,"A02",2.095,NA
"min964_970",964,0.973,18.04,0.01025,19.63,19.7,19.67,"Ch2","2022-07-26 07:11:31","SMR",5.97000000000003,"_2022_box",0.0073,2.9313595890411,"A02",2.095,NA
"min974_980",974,0.964,29.53,0.02189,19.58,19.64,19.61,"Ch2","2022-07-26 07:21:30","SMR",5.98000000000002,"_2022_box",0.0073,6.2602401369863,"A02",2.095,NA
"min984_990",984,0.977,19.52,0.01151,19.52,19.59,19.55,"Ch2","2022-07-26 07:31:30","SMR",5.98000000000002,"_2022_box",0.0073,3.29170232876712,"A02",2.095,NA
"min994_1000",994,0.982,20.37,0.0122,19.51,19.54,19.52,"Ch2","2022-07-26 07:41:30","SMR",5.98000000000002,"_2022_box",0.0073,3.48903287671233,"A02",2.095,NA
"min1004_1010",1004,0.98,20.05,0.01175,19.52,19.54,19.53,"Ch2","2022-07-26 07:51:30","SMR",5.97000000000003,"_2022_box",0.0073,3.36033904109589,"A02",2.095,NA
"min1014_1020",1014,0.972,20.18,0.01173,19.43,19.47,19.45,"Ch2","2022-07-26 08:01:30","SMR",5.97000000000003,"_2022_box",0.0073,3.35461931506849,"A02",2.095,NA
"min1024_1030",1024,0.979,27.69,0.01897,19.45,19.47,19.46,"Ch2","2022-07-26 08:11:30","SMR",5.96000000000004,"_2022_box",0.0073,5.4251601369863,"A02",2.095,NA
"min1044_1050",1044,0.987,24.15,0.01529,19.38,19.45,19.41,"Ch2","2022-07-26 08:31:30","SMR",5.97000000000003,"_2022_box",0.0073,4.37273054794521,"A02",2.095,NA
"min4_10",4,0.958,8.62,0.01483,23.36,23.5,23.42,"Ch3","2022-07-25 15:11:30","SMR",5.98,"_2022_box",0.0092,3.35254717391304,"A03",2.089,NA
"min14_20",14,0.99,8.84,0.02372,23.42,23.62,23.53,"Ch3","2022-07-25 15:21:30","SMR",5.98,"_2022_box",0.0092,5.36226695652174,"A03",2.089,NA
"min24_30",24,0.987,8.98,0.0219,23.73,23.9,23.82,"Ch3","2022-07-25 15:31:30","SMR",5.97,"_2022_box",0.0092,4.95082826086957,"A03",2.089,NA
"min34_40",34,0.987,9.33,0.02669,23.99,24.12,24.06,"Ch3","2022-07-25 15:41:30","SMR",5.97,"_2022_box",0.0092,6.03368065217391,"A03",2.089,NA
"min44_50",44,0.946,8.94,0.01356,24.11,24.3,24.18,"Ch3","2022-07-25 15:51:30","SMR",5.95999999999999,"_2022_box",0.0092,3.06544434782609,"A03",2.089,NA
"min54_60",54,0.963,9.36,0.01988,24.12,24.32,24.21,"Ch3","2022-07-25 16:01:30","SMR",5.97,"_2022_box",0.0092,4.49417652173913,"A03",2.089,NA
"min64_70",64,0.954,9.8,0.02397,24.19,24.28,24.22,"Ch3","2022-07-25 16:11:31","SMR",5.97,"_2022_box",0.0092,5.41878326086957,"A03",2.089,NA
"min74_80",74,0.969,10.43,0.02975,24.2,24.27,24.23,"Ch3","2022-07-25 16:21:31","SMR",5.97,"_2022_box",0.0092,6.7254402173913,"A03",2.089,NA
"min84_90",84,0.99,10.46,0.02762,24.2,24.26,24.23,"Ch3","2022-07-25 16:31:30","SMR",5.97999999999999,"_2022_box",0.0092,6.24392130434783,"A03",2.089,NA
"min94_100",94,0.971,9.74,0.01703,23.93,24.15,24.04,"Ch3","2022-07-25 16:41:30","SMR",5.97999999999999,"_2022_box",0.0092,3.84989065217391,"A03",2.089,NA
"min104_110",104,0.978,9.85,0.01689,23.8,23.9,23.85,"Ch3","2022-07-25 16:51:30","SMR",5.97,"_2022_box",0.0092,3.81824152173913,"A03",2.089,NA
"min114_120",114,0.983,10.24,0.01908,23.83,23.89,23.86,"Ch3","2022-07-25 17:01:30","SMR",5.97,"_2022_box",0.0092,4.31332434782609,"A03",2.089,NA
"min124_130",124,0.987,10.73,0.02166,23.89,23.96,23.93,"Ch3","2022-07-25 17:11:30","SMR",5.95999999999999,"_2022_box",0.0092,4.89657260869565,"A03",2.089,NA
"min134_140",134,0.988,10.53,0.01882,23.98,24.04,24.01,"Ch3","2022-07-25 17:21:30","SMR",5.95999999999998,"_2022_box",0.0092,4.25454739130435,"A03",2.089,NA
"min144_150",144,0.988,10.58,0.01796,24.06,24.11,24.07,"Ch3","2022-07-25 17:31:30","SMR",5.97,"_2022_box",0.0092,4.06013130434783,"A03",2.089,NA
"min154_160",154,0.988,10.92,0.0192,24.11,24.2,24.14,"Ch3","2022-07-25 17:41:31","SMR",5.97,"_2022_box",0.0092,4.34045217391304,"A03",2.089,NA
"min164_170",164,0.991,10.96,0.01847,24.17,24.22,24.2,"Ch3","2022-07-25 17:51:30","SMR",5.98000000000002,"_2022_box",0.0092,4.17542456521739,"A03",2.089,NA
"min174_180",174,0.981,10.55,0.01522,24.14,24.25,24.2,"Ch3","2022-07-25 18:01:30","SMR",5.98000000000002,"_2022_box",0.0092,3.44071260869565,"A03",2.089,NA
"min184_190",184,0.979,10.81,0.01599,23.93,24.05,23.99,"Ch3","2022-07-25 18:11:30","SMR",5.98000000000002,"_2022_box",0.0092,3.61478282608696,"A03",2.089,NA
"min194_200",194,0.988,11.2,0.01732,23.93,23.97,23.95,"Ch3","2022-07-25 18:21:30","SMR",5.97,"_2022_box",0.0092,3.91544956521739,"A03",2.089,NA
"min204_210",204,0.947,10.18,0.01149,23.73,23.99,23.89,"Ch3","2022-07-25 18:31:30","SMR",5.97,"_2022_box",0.0092,2.59748934782609,"A03",2.089,NA
"min214_220",214,0.982,11.07,0.01525,23.51,23.58,23.54,"Ch3","2022-07-25 18:41:30","SMR",5.97,"_2022_box",0.0092,3.44749456521739,"A03",2.089,NA
"min224_230",224,0.991,11.83,0.01801,23.61,23.7,23.66,"Ch3","2022-07-25 18:51:31","SMR",5.97,"_2022_box",0.0092,4.07143456521739,"A03",2.089,NA
"min234_240",234,0.991,12.68,0.02088,23.76,23.84,23.8,"Ch3","2022-07-25 19:01:30","SMR",5.98000000000002,"_2022_box",0.0092,4.72024173913043,"A03",2.089,NA
"min244_250",244,0.984,16.89,0.03733,23.89,23.96,23.92,"Ch3","2022-07-25 19:11:30","SMR",5.97,"_2022_box",0.0092,8.43901456521739,"A03",2.089,NA
"min254_260",254,0.993,13.02,0.02072,24,24.06,24.03,"Ch3","2022-07-25 19:21:30","SMR",5.96000000000001,"_2022_box",0.0092,4.68407130434783,"A03",2.089,NA
"min264_270",264,0.988,13.57,0.02204,24.09,24.14,24.11,"Ch3","2022-07-25 19:31:30","SMR",5.97000000000003,"_2022_box",0.0092,4.98247739130435,"A03",2.089,NA
"min274_280",274,0.985,15.61,0.02876,24.16,24.19,24.17,"Ch3","2022-07-25 19:41:31","SMR",5.96000000000004,"_2022_box",0.0092,6.50163565217391,"A03",2.089,NA
"min284_290",284,0.991,13.12,0.01908,24.19,24.22,24.2,"Ch3","2022-07-25 19:51:30","SMR",5.96000000000004,"_2022_box",0.0092,4.31332434782609,"A03",2.089,NA
"min294_300",294,0.986,12.89,0.01776,24.21,24.26,24.23,"Ch3","2022-07-25 20:01:31","SMR",5.97000000000003,"_2022_box",0.0092,4.01491826086957,"A03",2.089,NA
"min304_310",304,0.98,12.69,0.0166,24.22,24.26,24.24,"Ch3","2022-07-25 20:11:30","SMR",5.98000000000002,"_2022_box",0.0092,3.75268260869565,"A03",2.089,NA
"min314_320",314,0.991,13.52,0.01872,24.22,24.26,24.24,"Ch3","2022-07-25 20:21:30","SMR",5.97000000000003,"_2022_box",0.0092,4.23194086956522,"A03",2.089,NA
"min324_330",324,0.991,13.25,0.01737,24.2,24.24,24.21,"Ch3","2022-07-25 20:31:30","SMR",5.97000000000003,"_2022_box",0.0092,3.92675282608696,"A03",2.089,NA
"min334_340",334,0.971,12.25,0.01387,24.02,24.22,24.12,"Ch3","2022-07-25 20:41:30","SMR",5.97000000000003,"_2022_box",0.0092,3.13552456521739,"A03",2.089,NA
"min344_350",344,0.973,12.35,0.01388,23.81,23.95,23.87,"Ch3","2022-07-25 20:51:31","SMR",5.97000000000003,"_2022_box",0.0092,3.1377852173913,"A03",2.089,NA
"min354_360",354,0.988,13.1,0.01563,23.77,23.82,23.79,"Ch3","2022-07-25 21:01:30","SMR",5.98000000000002,"_2022_box",0.0092,3.53339934782609,"A03",2.089,NA
"min364_370",364,0.988,13.15,0.01531,23.75,23.79,23.77,"Ch3","2022-07-25 21:11:30","SMR",5.98000000000002,"_2022_box",0.0092,3.46105847826087,"A03",2.089,NA
"min374_380",374,0.986,13.34,0.01541,23.72,23.77,23.75,"Ch3","2022-07-25 21:21:30","SMR",5.97000000000003,"_2022_box",0.0092,3.483665,"A03",2.089,NA
"min384_390",384,0.989,13.55,0.01554,23.7,23.75,23.73,"Ch3","2022-07-25 21:31:30","SMR",5.97000000000003,"_2022_box",0.0092,3.51305347826087,"A03",2.089,NA
"min394_400",394,0.99,14.33,0.01712,23.68,23.73,23.71,"Ch3","2022-07-25 21:41:30","SMR",5.96000000000004,"_2022_box",0.0092,3.87023652173913,"A03",2.089,NA
"min404_410",404,0.989,14.14,0.01623,23.67,23.72,23.69,"Ch3","2022-07-25 21:51:30","SMR",5.97000000000003,"_2022_box",0.0092,3.66903847826087,"A03",2.089,NA
"min414_420",414,0.992,14.52,0.01674,23.65,23.68,23.67,"Ch3","2022-07-25 22:01:31","SMR",5.97000000000003,"_2022_box",0.0092,3.78433173913043,"A03",2.089,NA
"min424_430",424,0.991,14.34,0.01593,23.61,23.66,23.64,"Ch3","2022-07-25 22:11:30","SMR",5.98000000000002,"_2022_box",0.0092,3.60121891304348,"A03",2.089,NA
"min434_440",434,0.99,14.27,0.01539,23.6,23.63,23.61,"Ch3","2022-07-25 22:21:30","SMR",5.98000000000002,"_2022_box",0.0092,3.47914369565217,"A03",2.089,NA
"min444_450",444,0.988,14.43,0.01541,23.57,23.6,23.59,"Ch3","2022-07-25 22:31:30","SMR",5.97000000000003,"_2022_box",0.0092,3.483665,"A03",2.089,NA
"min454_460",454,0.99,14.86,0.01601,23.55,23.59,23.57,"Ch3","2022-07-25 22:41:30","SMR",5.96000000000004,"_2022_box",0.0092,3.61930413043478,"A03",2.089,NA
"min464_470",464,0.989,15.16,0.0163,23.53,23.57,23.55,"Ch3","2022-07-25 22:51:30","SMR",5.97000000000003,"_2022_box",0.0092,3.68486304347826,"A03",2.089,NA
"min474_480",474,0.989,15.02,0.01567,23.5,23.55,23.52,"Ch3","2022-07-25 23:01:31","SMR",5.97000000000003,"_2022_box",0.0092,3.54244195652174,"A03",2.089,NA
"min484_490",484,0.99,15.61,0.01655,23.45,23.51,23.48,"Ch3","2022-07-25 23:11:30","SMR",5.98000000000002,"_2022_box",0.0092,3.74137934782609,"A03",2.089,NA
"min494_500",494,0.984,14.71,0.01439,23.35,23.48,23.43,"Ch3","2022-07-25 23:21:30","SMR",5.98000000000002,"_2022_box",0.0092,3.25307847826087,"A03",2.089,NA
"min504_510",504,0.978,14.83,0.01434,23.17,23.3,23.21,"Ch3","2022-07-25 23:31:30","SMR",5.97000000000003,"_2022_box",0.0092,3.2417752173913,"A03",2.089,NA
"min514_520",514,0.985,15.46,0.01526,23.11,23.18,23.15,"Ch3","2022-07-25 23:41:30","SMR",5.97000000000003,"_2022_box",0.0092,3.4497552173913,"A03",2.089,NA
"min524_530",524,0.987,15.16,0.01436,23.08,23.14,23.12,"Ch3","2022-07-25 23:51:30","SMR",5.96000000000004,"_2022_box",0.0092,3.24629652173913,"A03",2.089,NA
"min534_540",534,0.982,15.34,0.01438,23.02,23.11,23.08,"Ch3","2022-07-26 00:01:30","SMR",5.97000000000003,"_2022_box",0.0092,3.25081782608696,"A03",2.089,NA
"min544_550",544,0.985,15.48,0.01436,22.99,23.06,23.02,"Ch3","2022-07-26 00:11:31","SMR",5.97000000000003,"_2022_box",0.0092,3.24629652173913,"A03",2.089,NA
"min554_560",554,0.985,15.79,0.01463,22.91,23.01,22.97,"Ch3","2022-07-26 00:21:30","SMR",5.98000000000002,"_2022_box",0.0092,3.30733413043478,"A03",2.089,NA
"min564_570",564,0.984,16.04,0.0148,22.89,22.95,22.92,"Ch3","2022-07-26 00:31:30","SMR",5.98000000000002,"_2022_box",0.0092,3.3457652173913,"A03",2.089,NA
"min574_580",574,0.986,16.01,0.01447,22.83,22.9,22.87,"Ch3","2022-07-26 00:41:30","SMR",5.98000000000002,"_2022_box",0.0092,3.27116369565217,"A03",2.089,NA
"min584_590",584,0.986,15.96,0.01412,22.77,22.84,22.81,"Ch3","2022-07-26 00:51:30","SMR",5.97000000000003,"_2022_box",0.0092,3.19204086956522,"A03",2.089,NA
"min594_600",594,0.978,15.67,0.01337,22.71,22.78,22.75,"Ch3","2022-07-26 01:01:30","SMR",5.97000000000003,"_2022_box",0.0092,3.02249195652174,"A03",2.089,NA
"min604_610",604,0.98,16.25,0.01409,22.65,22.73,22.68,"Ch3","2022-07-26 01:11:30","SMR",5.96000000000004,"_2022_box",0.0092,3.18525891304348,"A03",2.089,NA
"min614_620",614,0.977,15.79,0.01309,22.58,22.66,22.62,"Ch3","2022-07-26 01:21:30","SMR",5.97000000000003,"_2022_box",0.0092,2.95919369565217,"A03",2.089,NA
"min624_630",624,0.981,16.03,0.01322,22.51,22.59,22.55,"Ch3","2022-07-26 01:31:31","SMR",5.97000000000003,"_2022_box",0.0092,2.98858217391304,"A03",2.089,NA
"min634_640",634,0.969,16.03,0.01299,22.39,22.52,22.47,"Ch3","2022-07-26 01:41:30","SMR",5.98000000000002,"_2022_box",0.0092,2.93658717391304,"A03",2.089,NA
"min644_650",644,0.974,16.67,0.01377,22.32,22.42,22.37,"Ch3","2022-07-26 01:51:30","SMR",5.98000000000002,"_2022_box",0.0092,3.11291804347826,"A03",2.089,NA
"min654_660",654,0.956,15.39,0.01158,22.21,22.32,22.27,"Ch3","2022-07-26 02:01:30","SMR",5.98000000000002,"_2022_box",0.0092,2.6178352173913,"A03",2.089,NA
"min664_670",664,0.959,14.65,0.01026,22.14,22.24,22.19,"Ch3","2022-07-26 02:11:30","SMR",5.97000000000003,"_2022_box",0.0092,2.31942913043478,"A03",2.089,NA
"min674_680",674,0.953,15.55,0.01142,22.02,22.15,22.1,"Ch3","2022-07-26 02:21:30","SMR",5.97000000000003,"_2022_box",0.0092,2.5816647826087,"A03",2.089,NA
"min684_690",684,0.959,16.13,0.01207,21.96,22.08,22.03,"Ch3","2022-07-26 02:31:30","SMR",5.96000000000004,"_2022_box",0.0092,2.72860717391304,"A03",2.089,NA
"min694_700",694,0.978,16.57,0.01251,21.9,21.98,21.95,"Ch3","2022-07-26 02:41:30","SMR",5.97000000000003,"_2022_box",0.0092,2.82807586956522,"A03",2.089,NA
"min704_710",704,0.962,16.36,0.01201,21.79,21.91,21.87,"Ch3","2022-07-26 02:51:31","SMR",5.97000000000003,"_2022_box",0.0092,2.71504326086957,"A03",2.089,NA
"min714_720",714,0.96,15.93,0.01121,21.72,21.83,21.78,"Ch3","2022-07-26 03:01:30","SMR",5.98000000000002,"_2022_box",0.0092,2.53419108695652,"A03",2.089,NA
"min724_730",724,0.962,16.24,0.01146,21.62,21.73,21.69,"Ch3","2022-07-26 03:11:30","SMR",5.98000000000002,"_2022_box",0.0092,2.59070739130435,"A03",2.089,NA
"min734_740",734,0.976,16.57,0.01174,21.55,21.65,21.6,"Ch3","2022-07-26 03:21:30","SMR",5.98000000000002,"_2022_box",0.0092,2.65400565217391,"A03",2.089,NA
"min744_750",744,0.971,17.14,0.01231,21.45,21.55,21.49,"Ch3","2022-07-26 03:31:30","SMR",5.97000000000003,"_2022_box",0.0092,2.78286282608696,"A03",2.089,NA
"min754_760",754,0.973,16.54,0.01133,21.34,21.44,21.39,"Ch3","2022-07-26 03:41:30","SMR",5.97000000000003,"_2022_box",0.0092,2.56131891304348,"A03",2.089,NA
"min764_770",764,0.946,16.49,0.0111,21.25,21.35,21.29,"Ch3","2022-07-26 03:51:30","SMR",5.96000000000004,"_2022_box",0.0092,2.50932391304348,"A03",2.089,NA
"min774_780",774,0.966,16.68,0.01117,21.12,21.26,21.21,"Ch3","2022-07-26 04:01:30","SMR",5.97000000000003,"_2022_box",0.0092,2.52514847826087,"A03",2.089,NA
"min784_790",784,0.965,16.48,0.01075,21.06,21.17,21.11,"Ch3","2022-07-26 04:11:31","SMR",5.97000000000003,"_2022_box",0.0092,2.43020108695652,"A03",2.089,NA
"min794_800",794,0.971,17.89,0.01237,20.97,21.07,21.03,"Ch3","2022-07-26 04:21:31","SMR",5.97000000000003,"_2022_box",0.0092,2.79642673913043,"A03",2.089,NA
"min804_810",804,0.966,17.08,0.01118,20.89,20.98,20.94,"Ch3","2022-07-26 04:31:30","SMR",5.98000000000002,"_2022_box",0.0092,2.52740913043478,"A03",2.089,NA
"min814_820",814,0.964,18.43,0.0127,20.76,20.9,20.83,"Ch3","2022-07-26 04:41:30","SMR",5.98000000000002,"_2022_box",0.0092,2.87102826086957,"A03",2.089,NA
"min824_830",824,0.969,17.96,0.01194,20.7,20.78,20.75,"Ch3","2022-07-26 04:51:30","SMR",5.97000000000003,"_2022_box",0.0092,2.69921869565217,"A03",2.089,NA
"min834_840",834,0.965,22.79,0.01758,20.58,20.7,20.65,"Ch3","2022-07-26 05:01:30","SMR",5.97000000000003,"_2022_box",0.0092,3.97422652173913,"A03",2.089,NA
"min844_850",844,0.981,21.36,0.01566,20.51,20.59,20.56,"Ch3","2022-07-26 05:11:30","SMR",5.96000000000004,"_2022_box",0.0092,3.54018130434783,"A03",2.089,NA
"min854_860",854,0.984,30.15,0.02573,20.39,20.51,20.47,"Ch3","2022-07-26 05:21:30","SMR",5.96000000000004,"_2022_box",0.0092,5.81665804347826,"A03",2.089,NA
"min864_870",864,0.994,35.67,0.03184,20.34,20.42,20.38,"Ch3","2022-07-26 05:31:30","SMR",5.97000000000003,"_2022_box",0.0092,7.19791652173913,"A03",2.089,NA
"min874_880",874,0.988,32.34,0.02763,20.24,20.34,20.29,"Ch3","2022-07-26 05:41:31","SMR",5.97000000000003,"_2022_box",0.0092,6.24618195652174,"A03",2.089,NA
"min884_890",884,0.988,40.18,0.03616,20.14,20.25,20.21,"Ch3","2022-07-26 05:51:30","SMR",5.98000000000002,"_2022_box",0.0092,8.17451826086957,"A03",2.089,NA
"min894_900",894,0.993,34.21,0.02907,20.09,20.18,20.14,"Ch3","2022-07-26 06:01:30","SMR",5.98000000000002,"_2022_box",0.0092,6.57171586956522,"A03",2.089,NA
"min904_910",904,0.985,25.34,0.01893,19.98,20.09,20.05,"Ch3","2022-07-26 06:11:30","SMR",5.97000000000003,"_2022_box",0.0092,4.27941456521739,"A03",2.089,NA
"min914_920",914,0.995,38.15,0.0327,19.94,20.01,19.98,"Ch3","2022-07-26 06:21:30","SMR",5.97000000000003,"_2022_box",0.0092,7.39233260869565,"A03",2.089,NA
"min924_930",924,0.981,44.03,0.03868,19.87,19.96,19.92,"Ch3","2022-07-26 06:31:30","SMR",5.97000000000003,"_2022_box",0.0092,8.74420260869565,"A03",2.089,NA
"min934_940",934,0.985,25.02,0.01792,19.82,19.89,19.86,"Ch3","2022-07-26 06:41:30","SMR",5.96000000000004,"_2022_box",0.0092,4.05108869565217,"A03",2.089,NA
"min944_950",944,0.972,21.99,0.01447,19.74,19.84,19.8,"Ch3","2022-07-26 06:51:30","SMR",5.97000000000003,"_2022_box",0.0092,3.27116369565217,"A03",2.089,NA
"min954_960",954,0.973,33.51,0.02637,19.69,19.76,19.73,"Ch3","2022-07-26 07:01:30","SMR",5.97000000000003,"_2022_box",0.0092,5.9613397826087,"A03",2.089,NA
"min964_970",964,0.977,20.05,0.01211,19.63,19.7,19.67,"Ch3","2022-07-26 07:11:31","SMR",5.97000000000003,"_2022_box",0.0092,2.7376497826087,"A03",2.089,NA
"min974_980",974,0.964,20.01,0.01191,19.58,19.64,19.61,"Ch3","2022-07-26 07:21:30","SMR",5.98000000000002,"_2022_box",0.0092,2.69243673913043,"A03",2.089,NA
"min984_990",984,0.968,18.93,0.01069,19.52,19.59,19.55,"Ch3","2022-07-26 07:31:30","SMR",5.98000000000002,"_2022_box",0.0092,2.41663717391304,"A03",2.089,NA
"min994_1000",994,0.979,19.77,0.0114,19.51,19.54,19.52,"Ch3","2022-07-26 07:41:30","SMR",5.98000000000002,"_2022_box",0.0092,2.57714347826087,"A03",2.089,NA
"min1004_1010",1004,0.981,20.89,0.01238,19.52,19.54,19.53,"Ch3","2022-07-26 07:51:30","SMR",5.97000000000003,"_2022_box",0.0092,2.79868739130435,"A03",2.089,NA
"min1014_1020",1014,0.959,20.02,0.0114,19.43,19.47,19.45,"Ch3","2022-07-26 08:01:30","SMR",5.97000000000003,"_2022_box",0.0092,2.57714347826087,"A03",2.089,NA
"min1024_1030",1024,0.99,30.22,0.02129,19.45,19.47,19.46,"Ch3","2022-07-26 08:11:30","SMR",5.96000000000004,"_2022_box",0.0092,4.81292847826087,"A03",2.089,NA
"min1044_1050",1044,0.985,25.63,0.01646,19.38,19.45,19.41,"Ch3","2022-07-26 08:31:30","SMR",5.97000000000003,"_2022_box",0.0092,3.72103347826087,"A03",2.089,NA
