"date","time","time_sec","Ch1_O2","Ch1_temp","Ch2_O2","Ch3_O2","Ch4_O2"
"8/15/2021","11:33:36",0,7.7121,22.908,6.7972,"---",7.3776
"8/15/2021","11:33:37",1.52,7.7148,22.908,6.8052,"---",7.3749
"8/15/2021","11:33:38",2.6,7.7161,22.907,6.8035,"---",7.3687
"8/15/2021","11:33:40",3.68,7.7131,22.909,6.8002,"---",7.3834
"8/15/2021","11:33:41",4.77,7.7089,22.912,6.7979,"---",7.3836
"8/15/2021","11:33:42",5.84,7.7042,22.915,6.7985,"---",7.3768
"8/15/2021","11:33:43",6.93,7.7015,22.917,6.7986,"---",7.3681
"8/15/2021","11:33:44",8,7.7052,22.915,6.8001,"---",7.3729
"8/15/2021","11:33:45",9.1,7.7046,22.916,6.8012,"---",7.3805
"8/15/2021","11:33:46",10.19,7.703,22.918,6.8012,"---",7.3737
"8/15/2021","11:33:47",11.29,7.6986,22.919,6.7933,"---",7.3621
"8/15/2021","11:33:48",12.47,7.698,22.917,6.7938,"---",7.3645
"8/15/2021","11:33:49",13.55,7.6972,22.915,6.7923,"---",7.3685
"8/15/2021","11:33:51",14.63,7.6949,22.914,6.7954,"---",7.3734
"8/15/2021","11:33:52",15.73,7.6943,22.916,6.7904,"---",7.3708
"8/15/2021","11:33:53",16.8,7.6901,22.916,6.7872,"---",7.367
"8/15/2021","11:33:54",17.87,7.6859,22.917,6.7853,"---",7.3736
"8/15/2021","11:33:55",18.94,7.6804,22.919,6.7829,"---",7.3798
"8/15/2021","11:33:56",20.03,7.6757,22.923,6.7846,"---",7.3877
"8/15/2021","11:33:57",21.11,7.67,22.927,6.7839,"---",7.3775
"8/15/2021","11:33:58",22.19,7.6673,22.928,6.7867,"---",7.3711
"8/15/2021","11:33:59",23.27,7.6661,22.928,6.7819,"---",7.351
"8/15/2021","11:34:00",24.37,7.6715,22.928,6.7774,"---",7.3704
"8/15/2021","11:34:01",25.44,7.6693,22.928,6.7828,"---",7.3738
"8/15/2021","11:34:02",26.52,7.6716,22.932,6.7872,"---",7.3892
"8/15/2021","11:34:03",27.6,7.6626,22.939,6.7892,"---",7.3771
"8/15/2021","11:34:05",28.68,7.656,22.947,6.7831,"---",7.3736
"8/15/2021","11:34:06",29.76,7.6504,22.951,6.7829,"---",7.3667
"8/15/2021","11:34:07",30.86,7.6501,22.954,6.784,"---",7.3659
"8/15/2021","11:34:08",31.94,7.6531,22.951,6.7841,"---",7.3657
"8/15/2021","11:34:09",33.02,7.6517,22.948,6.7786,"---",7.3766
"8/15/2021","11:34:10",34.1,7.652,22.948,6.776,"---",7.3649
"8/15/2021","11:34:11",35.19,7.646,22.949,6.7707,"---",7.382
"8/15/2021","11:34:12",36.28,7.6458,22.952,6.7777,"---",7.3763
"8/15/2021","11:34:13",37.35,7.6411,22.954,6.7807,"---",7.3821
"8/15/2021","11:34:14",38.43,7.6421,22.958,6.7846,"---",7.3769
"8/15/2021","11:34:15",39.55,7.6389,22.962,6.7724,"---",7.3848
"8/15/2021","11:34:17",40.65,7.6372,22.965,6.7668,"---",7.3933
"8/15/2021","11:34:18",41.74,7.6346,22.967,6.7646,"---",7.3798
"8/15/2021","11:34:19",42.84,7.6292,22.971,6.7725,"---",7.3794
"8/15/2021","11:34:20",43.94,7.6255,22.976,6.7753,"---",7.3843
"8/15/2021","11:34:21",45.01,7.6267,22.977,6.7764,"---",7.392
"8/15/2021","11:34:22",46.09,7.6243,22.973,6.7791,"---",7.3861
"8/15/2021","11:34:23",47.17,7.6181,22.967,6.7828,"---",7.3775
"8/15/2021","11:34:24",48.24,7.6072,22.965,6.7817,"---",7.38
"8/15/2021","11:34:25",49.32,7.6056,22.964,6.7689,"---",7.3828
"8/15/2021","11:34:26",50.39,7.6077,22.965,6.7652,"---",7.3854
"8/15/2021","11:34:27",51.47,7.6154,22.962,6.7654,"---",7.3746
"8/15/2021","11:34:28",52.55,7.6124,22.965,6.7714,"---",7.3671
"8/15/2021","11:34:30",53.63,7.6075,22.969,6.7705,"---",7.3707
"8/15/2021","11:34:31",54.7,7.5986,22.975,6.766,"---",7.3685
"8/15/2021","11:34:32",55.78,7.5972,22.977,6.7654,"---",7.3751
"8/15/2021","11:34:33",56.87,7.5951,22.974,6.7626,"---",7.3754
"8/15/2021","11:34:34",57.96,7.59,22.975,6.7633,"---",7.3786
"8/15/2021","11:34:35",59.03,7.5898,22.976,6.7681,"---",7.3837
"8/15/2021","11:34:36",60.12,7.5889,22.977,6.7709,"---",7.3775
"8/15/2021","11:34:37",61.21,7.5859,22.976,6.7723,"---",7.3839
"8/15/2021","11:34:38",62.31,7.575,22.976,6.7695,"---",7.3796
"8/15/2021","11:34:39",63.38,7.5707,22.978,6.7671,"---",7.3761
"8/15/2021","11:34:40",64.46,7.5662,22.98,6.7628,"---",7.3611
"8/15/2021","11:34:41",65.53,7.5657,22.975,6.7592,"---",7.3403
"8/15/2021","11:34:43",66.63,7.5623,22.969,6.7551,"---",7.3224
"8/15/2021","11:34:44",67.7,7.561,22.961,6.7619,"---",7.3179
"8/15/2021","11:34:45",68.78,7.5578,22.96,6.7639,"---",7.3248
"8/15/2021","11:34:46",69.86,7.5566,22.957,6.7677,"---",7.3205
"8/15/2021","11:34:47",70.94,7.556,22.959,6.7626,"---",7.3077
"8/15/2021","11:34:48",72.02,7.5533,22.962,6.763,"---",7.3008
"8/15/2021","11:34:49",73.1,7.5489,22.971,6.7651,"---",7.3005
"8/15/2021","11:34:50",74.19,7.5458,22.974,6.7602,"---",7.3002
"8/15/2021","11:34:51",75.28,7.5437,22.973,6.7618,"---",7.2885
"8/15/2021","11:34:52",76.37,7.5431,22.967,6.7625,"---",7.2884
"8/15/2021","11:34:53",77.44,7.5425,22.967,6.7662,"---",7.2889
"8/15/2021","11:34:54",78.54,7.5429,22.971,6.7559,"---",7.2964
"8/15/2021","11:34:56",79.63,7.5382,22.977,6.7536,"---",7.2951
"8/15/2021","11:34:57",80.71,7.5351,22.98,6.7534,"---",7.2841
"8/15/2021","11:34:58",81.79,7.5313,22.985,6.764,"---",7.2639
"8/15/2021","11:34:59",82.89,7.5297,22.988,6.7579,"---",7.2495
"8/15/2021","11:35:00",84,7.5271,22.991,6.7574,"---",7.25
"8/15/2021","11:35:01",85.08,7.5249,22.99,6.7542,"---",7.2521
"8/15/2021","11:35:02",86.17,7.5208,22.986,6.7553,"---",7.2556
"8/15/2021","11:35:03",87.26,7.5204,22.982,6.7611,"---",7.2542
"8/15/2021","11:35:04",88.34,7.5189,22.979,6.7578,"---",7.2646
"8/15/2021","11:35:05",89.42,7.524,22.975,6.7629,"---",7.2585
"8/15/2021","11:35:06",90.5,7.5177,22.973,6.7611,"---",7.2554
"8/15/2021","11:35:07",91.57,7.5167,22.971,6.7647,"---",7.2385
"8/15/2021","11:35:09",92.65,7.5108,22.973,6.7595,"---",7.2399
"8/15/2021","11:35:10",93.75,7.5113,22.977,6.75,"---",7.2332
"8/15/2021","11:35:11",94.85,7.5078,22.98,6.7446,"---",7.2339
"8/15/2021","11:35:12",95.93,7.5037,22.983,6.7443,"---",7.2249
"8/15/2021","11:35:13",97.03,7.4978,22.979,6.7475,"---",7.22
"8/15/2021","11:35:14",98.11,7.4939,22.976,6.7473,"---",7.2212
"8/15/2021","11:35:15",99.2,7.4915,22.976,6.7409,"---",7.2278
"8/15/2021","11:35:16",100.28,7.4935,22.981,6.7386,"---",7.2382
"8/15/2021","11:35:17",101.36,7.4921,22.985,6.7404,"---",7.2412
"8/15/2021","11:35:18",102.47,7.4911,22.987,6.7488,"---",7.2387
"8/15/2021","11:35:19",103.54,7.4863,22.987,6.7517,"---",7.2414
"8/15/2021","11:35:21",104.63,7.4821,22.987,6.7474,"---",7.237
"8/15/2021","11:35:22",105.71,7.4783,22.985,6.7372,"---",7.2397
"8/15/2021","11:35:23",106.8,7.4756,22.984,6.732,"---",7.2325
"8/15/2021","11:35:24",107.88,7.4757,22.98,6.7363,"---",7.235
"8/15/2021","11:35:25",108.96,7.4759,22.975,6.7444,"---",7.2376
"8/15/2021","11:35:26",110.05,7.4794,22.969,6.7497,"---",7.2402
"8/15/2021","11:35:27",111.13,7.4786,22.963,6.748,"---",7.2387
"8/15/2021","11:35:28",112.22,7.4793,22.963,6.7495,"---",7.2319
"8/15/2021","11:35:29",113.3,7.4695,22.967,6.7475,"---",7.24
"8/15/2021","11:35:30",114.38,7.4643,22.975,6.7484,"---",7.2315
"8/15/2021","11:35:31",115.48,7.4586,22.982,6.747,"---",7.236
"8/15/2021","11:35:32",116.56,7.4606,22.988,6.744,"---",7.2208
"8/15/2021","11:35:34",117.65,7.4594,22.99,6.7464,"---",7.2289
"8/15/2021","11:35:35",118.73,7.4572,22.989,6.7422,"---",7.2342
"8/15/2021","11:35:36",119.82,7.4544,22.987,6.743,"---",7.2325
"8/15/2021","11:35:37",120.9,7.4514,22.986,6.7396,"---",7.2316
"8/15/2021","11:35:38",121.99,7.45,22.984,6.7415,"---",7.2237
"8/15/2021","11:35:39",123.07,7.4504,22.981,6.7419,"---",7.2236
"8/15/2021","11:35:40",124.15,7.4477,22.979,6.7398,"---",7.224
"8/15/2021","11:35:41",125.23,7.4452,22.98,6.741,"---",7.2186
"8/15/2021","11:35:42",126.32,7.438,22.986,6.7333,"---",7.2278
"8/15/2021","11:35:43",127.4,7.4335,22.99,6.7315,"---",7.2256
"8/15/2021","11:35:44",128.47,7.4244,22.992,6.7293,"---",7.2348
"8/15/2021","11:35:45",129.55,7.4233,22.991,6.7372,"---",7.2369
"8/15/2021","11:35:47",130.64,7.4187,22.99,6.7358,"---",7.2301
"8/15/2021","11:35:48",131.73,7.4181,22.991,6.7368,"---",7.2279
"8/15/2021","11:35:49",132.81,7.4154,22.989,6.7338,"---",7.2242
"8/15/2021","11:35:50",133.9,7.4135,22.987,6.7355,"---",7.2395
"8/15/2021","11:35:51",134.99,7.4097,22.984,6.7331,"---",7.2292
"8/15/2021","11:35:52",136.07,7.4054,22.985,6.7354,"---",7.2207
"8/15/2021","11:35:53",137.17,7.4028,22.988,6.7392,"---",7.2123
"8/15/2021","11:35:54",138.27,7.4029,22.991,6.7424,"---",7.2134
"8/15/2021","11:35:55",139.34,7.3996,22.992,6.738,"---",7.2164
"8/15/2021","11:35:56",140.42,7.3993,22.991,6.735,"---",7.2182
"8/15/2021","11:35:57",141.5,7.4006,22.986,6.7308,"---",7.2178
"8/15/2021","11:35:58",142.57,7.4011,22.981,6.7288,"---",7.2196
"8/15/2021","11:36:00",143.65,7.4024,22.975,6.7306,"---",7.2218
"8/15/2021","11:36:01",144.73,7.3962,22.977,6.7226,"---",7.2315
"8/15/2021","11:36:02",145.81,7.3936,22.98,6.7195,"---",7.2355
"8/15/2021","11:36:03",146.9,7.3884,22.984,6.7173,"---",7.2216
"8/15/2021","11:36:04",147.96,7.3905,22.984,6.7236,"---",7.2155
"8/15/2021","11:36:05",149.04,7.3901,22.985,6.731,"---",7.2056
"8/15/2021","11:36:06",150.11,7.3919,22.985,6.7258,"---",7.2073
"8/15/2021","11:36:07",151.2,7.3933,22.984,6.7252,"---",7.2099
"8/15/2021","11:36:08",152.28,7.3892,22.984,6.7275,"---",7.2073
"8/15/2021","11:36:09",153.36,7.3841,22.985,6.7305,"---",7.2073
"8/15/2021","11:36:10",154.45,7.375,22.988,6.7308,"---",7.2056
"8/15/2021","11:36:11",155.53,7.3728,22.991,6.7283,"---",7.2202
"8/15/2021","11:36:12",156.61,7.3728,22.991,6.7246,"---",7.2215
"8/15/2021","11:36:14",157.69,7.3709,22.992,6.7232,"---",7.218
"8/15/2021","11:36:15",158.78,7.3725,22.993,6.7219,"---",7.2168
"8/15/2021","11:36:16",159.87,7.3672,22.994,6.7236,"---",7.215
"8/15/2021","11:36:17",160.96,7.3665,22.995,6.725,"---",7.2141
"8/15/2021","11:36:18",162.03,7.3593,22.995,6.7224,"---",7.207
"8/15/2021","11:36:19",163.11,7.355,22.996,6.725,"---",7.2042
"8/15/2021","11:36:20",164.19,7.3475,22.998,6.7262,"---",7.2001
"8/15/2021","11:36:21",165.28,7.3427,22.997,6.7265,"---",7.1964
"8/15/2021","11:36:22",166.36,7.3436,22.996,6.7263,"---",7.1991
"8/15/2021","11:36:23",167.44,7.3472,22.994,6.715,"---",7.1977
"8/15/2021","11:36:24",168.52,7.3491,22.994,6.7132,"---",7.2025
"8/15/2021","11:36:25",169.61,7.3465,22.997,6.7092,"---",7.1952
"8/15/2021","11:36:27",170.68,7.3367,22.999,6.7198,"---",7.1888
"8/15/2021","11:36:28",171.77,7.3326,23.002,6.7157,"---",7.1828
"8/15/2021","11:36:29",172.85,7.3268,23.003,6.7151,"---",7.1918
"8/15/2021","11:36:30",173.93,7.3253,23.007,6.7125,"---",7.2075
"8/15/2021","11:36:31",175.02,7.3211,23.01,6.7173,"---",7.2006
"8/15/2021","11:36:32",176.11,7.3195,23.012,6.7139,"---",7.1927
"8/15/2021","11:36:33",177.18,7.3173,23.012,6.7071,"---",7.1801
"8/15/2021","11:36:34",178.27,7.3174,23.008,6.7111,"---",7.1784
"8/15/2021","11:36:35",179.34,7.3185,23.002,6.7148,"---",7.1632
"8/15/2021","11:36:36",180.45,7.3235,22.998,6.7169,"---",7.1537
"8/15/2021","11:36:37",181.53,7.323,22.999,6.7128,"---",7.1499
"8/15/2021","11:36:39",182.62,7.3249,23.002,6.7126,"---",7.1636
"8/15/2021","11:36:40",183.7,7.3195,23.005,6.7105,"---",7.1692
"8/15/2021","11:36:41",184.78,7.317,23.006,6.7038,"---",7.1893
"8/15/2021","11:36:42",185.86,7.3071,23.006,6.6983,"---",7.1865
"8/15/2021","11:36:43",186.96,7.3028,23.005,6.708,"---",7.1929
"8/15/2021","11:36:44",188.03,7.2987,23.006,6.7125,"---",7.1844
"8/15/2021","11:36:45",189.11,7.2963,23.01,6.719,"---",7.2026
"8/15/2021","11:36:46",190.2,7.2985,23.011,6.7186,"---",7.2167
"8/15/2021","11:36:47",191.28,7.2932,23.008,6.7336,"---",7.2183
"8/15/2021","11:36:48",192.36,7.2908,23.007,6.7438,"---",7.2081
"8/15/2021","11:36:49",193.44,7.2868,23.004,6.7616,"---",7.2187
"8/15/2021","11:36:50",194.52,7.2864,23.008,6.7857,"---",7.2332
"8/15/2021","11:36:51",195.6,7.291,23.007,6.8342,"---",7.2613
"8/15/2021","11:36:53",196.69,7.287,23.008,6.9182,"---",7.2587
"8/15/2021","11:36:54",197.77,7.2872,23.008,7.0382,"---",7.2682
"8/15/2021","11:36:55",198.85,7.2819,23.012,7.1809,"---",7.2663
"8/15/2021","11:36:56",199.94,7.281,23.015,7.3192,"---",7.2727
"8/15/2021","11:36:57",201.02,7.2756,23.019,7.4315,"---",7.275
"8/15/2021","11:36:58",202.11,7.2719,23.02,7.4775,"---",7.2807
"8/15/2021","11:36:59",203.21,7.2711,23.022,7.4491,"---",7.2815
"8/15/2021","11:37:00",204.31,7.2712,23.02,7.3835,"---",7.2821
"8/15/2021","11:37:01",205.38,7.2728,23.019,7.3321,"---",7.2714
"8/15/2021","11:37:02",206.45,7.2698,23.015,7.2968,"---",7.2711
"8/15/2021","11:37:03",207.53,7.2679,23.014,7.2554,"---",7.2674
"8/15/2021","11:37:04",208.6,7.263,23.014,7.2165,"---",7.2747
"8/15/2021","11:37:06",209.71,7.2589,23.016,7.1936,"---",7.2786
"8/15/2021","11:37:07",210.8,7.2583,23.016,7.1709,"---",7.2872
"8/15/2021","11:37:08",211.89,7.2603,23.018,7.1503,"---",7.2907
"8/15/2021","11:37:09",212.96,7.259,23.017,7.1262,"---",7.2892
"8/15/2021","11:37:10",214.05,7.2547,23.015,7.1221,"---",7.2822
"8/15/2021","11:37:11",215.16,7.2486,23.012,7.1155,"---",7.2824
"8/15/2021","11:37:12",216.25,7.2473,23.013,7.1208,"---",7.2854
"8/15/2021","11:37:13",217.33,7.2465,23.017,7.1272,"---",7.2977
"8/15/2021","11:37:14",218.41,7.2449,23.019,7.1425,"---",7.3102
"8/15/2021","11:37:15",219.49,7.2428,23.02,7.1465,"---",7.3121
"8/15/2021","11:37:16",220.58,7.2396,23.023,7.1519,"---",7.3123
"8/15/2021","11:37:18",221.66,7.2351,23.025,7.1598,"---",7.3142
"8/15/2021","11:37:19",222.76,7.2342,23.025,7.1739,"---",7.3256
"8/15/2021","11:37:20",223.87,7.2334,23.02,7.1817,"---",7.3372
"8/15/2021","11:37:21",224.96,7.2311,23.019,7.1918,"---",7.3376
"8/15/2021","11:37:22",226.06,7.2267,23.016,7.1942,"---",7.3475
"8/15/2021","11:37:23",227.13,7.2246,23.013,7.1977,"---",7.3573
"8/15/2021","11:37:24",228.23,7.2236,23.01,7.1901,"---",7.3629
"8/15/2021","11:37:25",229.32,7.2183,23.01,7.1904,"---",7.3705
"8/15/2021","11:37:26",230.41,7.2171,23.011,7.1965,"---",7.3814
"8/15/2021","11:37:27",231.5,7.212,23.012,7.206,"---",7.4031
"8/15/2021","11:37:28",232.58,7.2141,23.009,7.2246,"---",7.4116
"8/15/2021","11:37:30",233.66,7.2106,23.011,7.2144,"---",7.4216
"8/15/2021","11:37:31",234.73,7.209,23.011,7.21,"---",7.42
"8/15/2021","11:37:32",235.82,7.2055,23.012,7.2013,"---",7.4292
"8/15/2021","11:37:33",236.92,7.2012,23.012,7.2114,"---",7.4248
"8/15/2021","11:37:34",238,7.2004,23.011,7.2115,"---",7.4436
"8/15/2021","11:37:35",239.08,7.1998,23.011,7.2051,"---",7.4493
"8/15/2021","11:37:36",240.16,7.2001,23.009,7.2039,"---",7.4672
"8/15/2021","11:37:37",241.25,7.1985,23.008,7.2035,"---",7.4748
"8/15/2021","11:37:38",242.33,7.1956,23.01,7.2102,"---",7.4798
"8/15/2021","11:37:39",243.4,7.1935,23.011,7.2151,"---",7.4893
"8/15/2021","11:37:40",244.48,7.1928,23.014,7.2427,"---",7.4809
"8/15/2021","11:37:41",245.59,7.1929,23.014,7.2832,"---",7.4753
"8/15/2021","11:37:43",246.68,7.1882,23.017,7.3376,"---",7.4702
"8/15/2021","11:37:44",247.77,7.1838,23.016,7.3966,"---",7.4749
"8/15/2021","11:37:45",248.85,7.1774,23.015,7.4418,"---",7.4801
"8/15/2021","11:37:46",249.93,7.173,23.015,7.4844,"---",7.4608
"8/15/2021","11:37:47",251.01,7.169,23.014,7.5266,"---",7.4621
"8/15/2021","11:37:48",252.11,7.1679,23.013,7.5882,"---",7.4642
"8/15/2021","11:37:49",253.18,7.1683,23.013,7.6628,"---",7.4844
"8/15/2021","11:37:50",254.26,7.1696,23.016,7.7256,"---",7.4674
"8/15/2021","11:37:51",255.37,7.1675,23.02,7.7739,"---",7.467
"8/15/2021","11:37:52",256.46,7.1683,23.019,7.8143,"---",7.4592
"8/15/2021","11:37:53",257.55,7.165,23.023,7.8522,"---",7.4754
"8/15/2021","11:37:55",258.65,7.1609,23.026,7.883,"---",7.4793
"8/15/2021","11:37:56",259.75,7.1579,23.026,7.9098,"---",7.4872
"8/15/2021","11:37:57",260.83,7.1588,23.022,7.9423,"---",7.4857
"8/15/2021","11:37:58",261.91,7.1574,23.017,7.985,"---",7.4916
"8/15/2021","11:37:59",263.01,7.1556,23.018,8.0328,"---",7.4957
"8/15/2021","11:38:00",264.1,7.1517,23.019,8.0609,"---",7.4991
"8/15/2021","11:38:01",265.19,7.1499,23.022,8.0882,"---",7.4933
"8/15/2021","11:38:02",266.27,7.1429,23.023,8.1111,"---",7.4816
"8/15/2021","11:38:03",267.34,7.1385,23.022,8.1357,"---",7.4911
"8/15/2021","11:38:04",268.43,7.1353,23.019,8.1458,"---",7.5029
"8/15/2021","11:38:05",269.52,7.1323,23.018,8.1497,"---",7.5177
"8/15/2021","11:38:06",270.6,7.1281,23.016,8.141,"---",7.5144
"8/15/2021","11:38:08",271.7,7.1272,23.018,8.1432,"---",7.5032
"8/15/2021","11:38:09",272.77,7.131,23.018,8.13,"---",7.5001
"8/15/2021","11:38:10",273.87,7.1315,23.021,8.1446,"---",7.5126
"8/15/2021","11:38:11",274.95,7.1278,23.021,8.1531,"---",7.5188
"8/15/2021","11:38:12",276.03,7.1195,23.023,8.1592,"---",7.5253
"8/15/2021","11:38:13",277.11,7.1204,23.024,8.1589,"---",7.5134
"8/15/2021","11:38:14",278.2,7.1217,23.027,8.145,"---",7.5304
"8/15/2021","11:38:15",279.29,7.1213,23.026,8.1562,"---",7.5333
"8/15/2021","11:38:16",280.38,7.1141,23.024,8.1623,"---",7.54
"8/15/2021","11:38:17",281.5,7.1079,23.02,8.1679,"---",7.5325
"8/15/2021","11:38:18",282.59,7.1035,23.019,8.1755,"---",7.5339
"8/15/2021","11:38:20",283.66,7.1042,23.021,8.1849,"---",7.5361
"8/15/2021","11:38:21",284.74,7.1022,23.023,8.2001,"---",7.5403
"8/15/2021","11:38:22",285.82,7.1046,23.025,8.1952,"---",7.5375
"8/15/2021","11:38:23",286.9,7.1009,23.021,8.1965,"---",7.5466
"8/15/2021","11:38:24",287.98,7.1011,23.021,8.2056,"---",7.5403
"8/15/2021","11:38:25",289.09,7.0967,23.023,8.1969,"---",7.5503
"8/15/2021","11:38:26",290.17,7.0938,23.026,8.1689,"---",7.5395
"8/15/2021","11:38:27",291.26,7.0851,23.029,8.1183,"---",7.5559
"8/15/2021","11:38:28",292.34,7.0831,23.031,8.0785,"---",7.5557
"8/15/2021","11:38:29",293.42,7.0797,23.033,8.033,"---",7.5627
"8/15/2021","11:38:30",294.52,7.0808,23.034,7.988,"---",7.5647
"8/15/2021","11:38:31",295.6,7.0777,23.034,7.9495,"---",7.5576
"8/15/2021","11:38:33",296.67,7.078,23.035,7.9118,"---",7.5571
"8/15/2021","11:38:34",297.75,7.0776,23.036,7.881,"---",7.5489
"8/15/2021","11:38:35",298.83,7.077,23.036,7.8489,"---",7.5575
"8/15/2021","11:38:36",299.92,7.0754,23.037,7.8231,"---",7.5614
"8/15/2021","11:38:37",301,7.0742,23.037,7.8024,"---",7.5713
"8/15/2021","11:38:38",302.08,7.07,23.039,7.7816,"---",7.5725
"8/15/2021","11:38:39",303.16,7.0648,23.042,7.7653,"---",7.5738
"8/15/2021","11:38:40",304.33,7.0556,23.046,7.7463,"---",7.558
"8/15/2021","11:38:41",305.41,7.051,23.05,7.7272,"---",7.552
"8/15/2021","11:38:42",306.49,7.0488,23.052,7.7131,"---",7.538
"8/15/2021","11:38:43",307.57,7.0492,23.052,7.7019,"---",7.5465
"8/15/2021","11:38:45",308.67,7.049,23.05,7.6925,"---",7.5519
"8/15/2021","11:38:46",309.75,7.0454,23.047,7.6766,"---",7.5731
"8/15/2021","11:38:47",310.86,7.0425,23.05,7.661,"---",7.566
"8/15/2021","11:38:48",311.94,7.0389,23.049,7.6523,"---",7.5477
"8/15/2021","11:38:49",313.12,7.0351,23.046,7.645,"---",7.5352
"8/15/2021","11:38:50",314.21,7.0339,23.04,7.6458,"---",7.5317
"8/15/2021","11:38:51",315.3,7.0319,23.041,7.6316,"---",7.5551
"8/15/2021","11:38:52",316.39,7.0343,23.043,7.6275,"---",7.5626
"8/15/2021","11:38:53",317.47,7.0332,23.041,7.618,"---",7.5769
"8/15/2021","11:38:54",318.56,7.034,23.039,7.6242,"---",7.57
"8/15/2021","11:38:56",319.64,7.0305,23.036,7.6128,"---",7.5677
"8/15/2021","11:38:57",320.71,7.0321,23.037,7.6065,"---",7.5604
"8/15/2021","11:38:58",321.79,7.0267,23.039,7.5948,"---",7.5521
"8/15/2021","11:38:59",322.89,7.026,23.041,7.595,"---",7.5556
"8/15/2021","11:39:00",323.97,7.0205,23.041,7.5961,"---",7.5494
"8/15/2021","11:39:01",325.06,7.0225,23.04,7.5934,"---",7.5548
"8/15/2021","11:39:02",326.15,7.0204,23.042,7.5849,"---",7.5489
"8/15/2021","11:39:03",327.25,7.0167,23.046,7.573,"---",7.5742
"8/15/2021","11:39:04",328.32,7.0126,23.046,7.5689,"---",7.5827
"8/15/2021","11:39:05",329.39,7.0125,23.044,7.5674,"---",7.5838
"8/15/2021","11:39:06",330.47,7.0166,23.04,7.5644,"---",7.5686
"8/15/2021","11:39:08",331.62,7.0128,23.04,7.5523,"---",7.5645
"8/15/2021","11:39:09",332.69,7.0092,23.041,7.5501,"---",7.5633
"8/15/2021","11:39:10",333.76,7.0038,23.046,7.5446,"---",7.5692
"8/15/2021","11:39:11",334.84,7.0023,23.049,7.5512,"---",7.5639
"8/15/2021","11:39:12",335.91,7.0021,23.051,7.5592,"---",7.5625
"8/15/2021","11:39:13",336.99,7.0004,23.048,7.569,"---",7.5573
"8/15/2021","11:39:14",338.08,6.9999,23.046,7.564,"---",7.5671
"8/15/2021","11:39:15",339.15,6.9979,23.043,7.5422,"---",7.5707
"8/15/2021","11:39:16",340.23,6.9947,23.04,7.5144,"---",7.5721
"8/15/2021","11:39:17",341.31,6.9955,23.038,7.4862,"---",7.5671
"8/15/2021","11:39:18",342.4,6.9909,23.039,7.4726,"---",7.5574
"8/15/2021","11:39:19",343.51,6.9878,23.04,7.4511,"---",7.5578
"8/15/2021","11:39:20",344.59,6.9856,23.041,7.4448,"---",7.5521
"8/15/2021","11:39:22",345.68,6.9839,23.04,7.4295,"---",7.5588
"8/15/2021","11:39:23",346.76,6.986,23.038,7.435,"---",7.5589
"8/15/2021","11:39:24",347.85,6.9849,23.036,7.4277,"---",7.57
"8/15/2021","11:39:25",348.92,6.9831,23.035,7.4196,"---",7.572
"8/15/2021","11:39:26",350.01,6.9789,23.037,7.4104,"---",7.5732
"8/15/2021","11:39:27",351.13,6.9746,23.039,7.41,"---",7.5601
"8/15/2021","11:39:28",352.2,6.9717,23.042,7.4141,"---",7.5684
"8/15/2021","11:39:29",353.28,6.9681,23.045,7.4121,"---",7.5602
"8/15/2021","11:39:30",354.38,6.9686,23.047,7.4115,"---",7.5653
"8/15/2021","11:39:31",355.45,6.9654,23.049,7.4089,"---",7.5544
"8/15/2021","11:39:32",356.53,6.9635,23.051,7.4097,"---",7.566
"8/15/2021","11:39:33",357.61,6.9596,23.055,7.4047,"---",7.5595
"8/15/2021","11:39:35",358.7,6.9643,23.057,7.3977,"---",7.5656
"8/15/2021","11:39:36",359.78,6.9659,23.06,7.3899,"---",7.5597
"8/15/2021","11:39:37",360.88,6.9604,23.063,7.3974,"---",7.5616
"8/15/2021","11:39:38",361.97,6.9492,23.068,7.4054,"---",7.5603
"8/15/2021","11:39:39",363.04,6.9373,23.07,7.4122,"---",7.5513
"8/15/2021","11:39:40",364.11,6.9349,23.076,7.409,"---",7.5601
"8/15/2021","11:39:41",365.18,6.9364,23.079,7.405,"---",7.5509
"8/15/2021","11:39:42",366.28,6.9399,23.081,7.4032,"---",7.5564
"8/15/2021","11:39:43",367.35,6.9374,23.078,7.3969,"---",7.5531
"8/15/2021","11:39:44",368.43,6.9343,23.075,7.3945,"---",7.5593
"8/15/2021","11:39:45",369.5,6.9342,23.073,7.3914,"---",7.5633
"8/15/2021","11:39:46",370.58,6.9332,23.073,7.3911,"---",7.5488
"8/15/2021","11:39:48",371.68,6.9314,23.074,7.399,"---",7.5544
"8/15/2021","11:39:49",372.75,6.9283,23.08,7.3976,"---",7.5539
"8/15/2021","11:39:50",373.83,6.9258,23.087,7.3985,"---",7.5699
"8/15/2021","11:39:51",374.91,6.9212,23.091,7.3936,"---",7.5665
"8/15/2021","11:39:52",376,6.9184,23.091,7.3959,"---",7.5586
"8/15/2021","11:39:53",377.08,6.9162,23.087,7.3957,"---",7.5417
"8/15/2021","11:39:54",378.17,6.916,23.087,7.4013,"---",7.537
"8/15/2021","11:39:55",379.27,6.9146,23.087,7.4041,"---",7.546
"8/15/2021","11:39:56",380.35,6.912,23.09,7.4023,"---",7.5602
"8/15/2021","11:39:57",381.44,6.9088,23.094,7.3966,"---",7.5654
"8/15/2021","11:39:58",382.52,6.9026,23.096,7.3894,"---",7.5468
"8/15/2021","11:39:59",383.6,6.902,23.1,7.3914,"---",7.5455
"8/15/2021","11:40:01",384.67,6.9016,23.1,7.3931,"---",7.5442
"8/15/2021","11:40:02",385.75,6.9005,23.1,7.3987,"---",7.5567
"8/15/2021","11:40:03",386.84,6.8997,23.092,7.3984,"---",7.5525
"8/15/2021","11:40:04",387.91,6.8964,23.091,7.3976,"---",7.5501
"8/15/2021","11:40:05",389,6.8986,23.09,7.3904,"---",7.5525
"8/15/2021","11:40:06",390.09,6.8941,23.096,7.3963,"---",7.5508
"8/15/2021","11:40:07",391.19,6.8925,23.1,7.3947,"---",7.5466
"8/15/2021","11:40:08",392.26,6.8887,23.104,7.4016,"---",7.5396
"8/15/2021","11:40:09",393.35,6.8873,23.106,7.3933,"---",7.5326
"8/15/2021","11:40:10",394.43,6.8871,23.106,7.3911,"---",7.5287
"8/15/2021","11:40:11",395.51,6.884,23.109,7.3932,"---",7.52
"8/15/2021","11:40:12",396.59,6.8807,23.111,7.395,"---",7.5227
"8/15/2021","11:40:14",397.66,6.8765,23.115,7.398,"---",7.5182
"8/15/2021","11:40:15",398.74,6.8732,23.113,7.394,"---",7.5387
"8/15/2021","11:40:16",399.82,6.8755,23.109,7.3948,"---",7.5468
"8/15/2021","11:40:17",400.89,6.8766,23.103,7.3941,"---",7.5615
"8/15/2021","11:40:18",401.97,6.8807,23.096,7.3915,"---",7.5525
"8/15/2021","11:40:19",403.04,6.8788,23.086,7.3932,"---",7.5497
"8/15/2021","11:40:20",404.14,6.8741,23.077,7.3984,"---",7.5521
"8/15/2021","11:40:21",405.22,6.8715,23.069,7.4056,"---",7.5551
"8/15/2021","11:40:22",406.29,6.8727,23.064,7.4112,"---",7.5611
"8/15/2021","11:40:23",407.39,6.8799,23.059,7.4137,"---",7.5516
"8/15/2021","11:40:24",408.47,6.8873,23.051,7.4156,"---",7.5506
"8/15/2021","11:40:25",409.54,6.8968,23.044,7.4145,"---",7.5561
"8/15/2021","11:40:27",410.62,6.9166,23.039,7.4076,"---",7.5659
"8/15/2021","11:40:28",412.18,6.9366,23.04,7.41,"---",7.5637
"8/15/2021","11:40:29",413.26,6.959,23.042,7.4088,"---",7.553
"8/15/2021","11:40:30",414.34,6.9762,23.042,7.4069,"---",7.5452
"8/15/2021","11:40:31",415.43,6.9955,23.043,7.4005,"---",7.5521
"8/15/2021","11:40:32",416.52,7.0144,23.042,7.3991,"---",7.5569
"8/15/2021","11:40:33",417.6,7.0305,23.044,7.404,"---",7.5702
"8/15/2021","11:40:35",418.69,7.0478,23.045,7.4045,"---",7.5657
"8/15/2021","11:40:36",419.77,7.0652,23.048,7.406,"---",7.5657
"8/15/2021","11:40:37",420.85,7.0809,23.048,7.4008,"---",7.5572
"8/15/2021","11:40:38",421.95,7.0958,23.046,7.408,"---",7.5557
"8/15/2021","11:40:39",423.05,7.1111,23.045,7.4071,"---",7.5545
"8/15/2021","11:40:40",424.22,7.1286,23.044,7.4091,"---",7.5546
"8/15/2021","11:40:41",425.32,7.1506,23.044,7.4035,"---",7.5518
"8/15/2021","11:40:42",426.46,7.168,23.043,7.404,"---",7.5523
"8/15/2021","11:40:43",427.53,7.1849,23.044,7.4044,"---",7.5534
"8/15/2021","11:40:44",428.62,7.1951,23.044,7.4034,"---",7.5524
"8/15/2021","11:40:46",429.71,7.2052,23.046,7.4092,"---",7.5544
"8/15/2021","11:40:47",430.81,7.216,23.044,7.4052,"---",7.5541
"8/15/2021","11:40:48",431.96,7.2264,23.043,7.4034,"---",7.5536
"8/15/2021","11:40:49",433.04,7.2394,23.042,7.3947,"---",7.5528
"8/15/2021","11:40:50",434.12,7.2553,23.043,7.4011,"---",7.5542
"8/15/2021","11:40:51",435.25,7.268,23.045,7.3985,"---",7.5615
"8/15/2021","11:40:52",436.34,7.2787,23.046,7.4005,"---",7.5582
"8/15/2021","11:40:53",437.44,7.2875,23.047,7.3994,"---",7.5457
"8/15/2021","11:40:54",438.54,7.3004,23.046,7.4086,"---",7.5426
"8/15/2021","11:40:55",439.61,7.3133,23.045,7.4058,"---",7.5444
"8/15/2021","11:40:57",440.71,7.3232,23.045,7.4042,"---",7.5543
"8/15/2021","11:40:58",441.78,7.3339,23.044,7.398,"---",7.5646
"8/15/2021","11:40:59",442.86,7.3491,23.045,7.3998,"---",7.5598
"8/15/2021","11:41:00",443.98,7.3617,23.046,7.402,"---",7.5546
"8/15/2021","11:41:01",445.05,7.3712,23.048,7.4099,"---",7.5515
"8/15/2021","11:41:02",446.13,7.3708,23.048,7.4096,"---",7.5609
"8/15/2021","11:41:03",447.2,7.3729,23.048,7.4084,"---",7.5555
"8/15/2021","11:41:04",448.3,7.3764,23.047,7.401,"---",7.5532
"8/15/2021","11:41:05",449.41,7.3891,23.046,7.4055,"---",7.5535
"8/15/2021","11:41:06",450.51,7.4012,23.046,7.4061,"---",7.5551
"8/15/2021","11:41:07",451.59,7.413,23.047,7.4106,"---",7.5472
"8/15/2021","11:41:09",452.8,7.4161,23.049,7.4086,"---",7.5387
"8/15/2021","11:41:10",453.87,7.4232,23.048,7.4052,"---",7.5469
"8/15/2021","11:41:11",454.96,7.4249,23.048,7.4042,"---",7.5502
"8/15/2021","11:41:12",456.04,7.4363,23.048,7.4055,"---",7.5525
"8/15/2021","11:41:13",457.13,7.444,23.046,7.4084,"---",7.5465
"8/15/2021","11:41:14",458.22,7.4531,23.046,7.4127,"---",7.5436
"8/15/2021","11:41:15",459.31,7.457,23.046,7.4067,"---",7.5428
"8/15/2021","11:41:16",460.39,7.4581,23.046,7.4073,"---",7.5448
"8/15/2021","11:41:17",461.5,7.4646,23.045,7.4014,"---",7.555
"8/15/2021","11:41:18",462.57,7.4657,23.046,7.4058,"---",7.5584
"8/15/2021","11:41:20",463.65,7.4654,23.048,7.4126,"---",7.5621
"8/15/2021","11:41:21",464.74,7.4652,23.048,7.4191,"---",7.553
"8/15/2021","11:41:22",465.82,7.4693,23.046,7.4208,"---",7.5566
"8/15/2021","11:41:23",466.9,7.4743,23.047,7.413,"---",7.5578
"8/15/2021","11:41:24",467.99,7.4763,23.047,7.4099,"---",7.5665
"8/15/2021","11:41:25",469.07,7.4794,23.047,7.4074,"---",7.5599
"8/15/2021","11:41:26",470.19,7.483,23.045,7.4108,"---",7.5595
"8/15/2021","11:41:27",471.27,7.4892,23.047,7.414,"---",7.5537
"8/15/2021","11:41:28",472.35,7.4917,23.047,7.4169,"---",7.5574
"8/15/2021","11:41:29",473.43,7.4943,23.051,7.4178,"---",7.5608
"8/15/2021","11:41:30",474.53,7.4983,23.05,7.4167,"---",7.562
"8/15/2021","11:41:32",475.62,7.4992,23.053,7.4191,"---",7.5713
"8/15/2021","11:41:33",476.71,7.5046,23.05,7.4235,"---",7.5596
"8/15/2021","11:41:34",477.79,7.5062,23.05,7.4209,"---",7.5502
"8/15/2021","11:41:35",478.88,7.5101,23.049,7.4184,"---",7.5429
"8/15/2021","11:41:36",479.96,7.5135,23.047,7.4131,"---",7.5583
"8/15/2021","11:41:37",481.05,7.5148,23.047,7.4093,"---",7.5565
"8/15/2021","11:41:38",482.15,7.5175,23.047,7.4059,"---",7.5569
"8/15/2021","11:41:39",483.28,7.5174,23.049,7.4028,"---",7.5524
"8/15/2021","11:41:40",484.43,7.5202,23.05,7.412,"---",7.5528
"8/15/2021","11:41:41",485.51,7.5249,23.05,7.4111,"---",7.5525
"8/15/2021","11:41:42",486.59,7.5273,23.05,7.4126,"---",7.5563
"8/15/2021","11:41:44",487.68,7.5279,23.049,7.4093,"---",7.5679
"8/15/2021","11:41:45",488.76,7.5227,23.051,7.4154,"---",7.5708
"8/15/2021","11:41:46",489.83,7.5252,23.052,7.415,"---",7.5538
"8/15/2021","11:41:47",490.92,7.5286,23.053,7.414,"---",7.557
"8/15/2021","11:41:48",492.02,7.5334,23.053,7.4148,"---",7.5547
"8/15/2021","11:41:49",493.11,7.5342,23.052,7.4189,"---",7.5671
"8/15/2021","11:41:50",494.18,7.5339,23.051,7.4163,"---",7.5587
"8/15/2021","11:41:51",495.26,7.5356,23.049,7.4152,"---",7.5611
"8/15/2021","11:41:52",496.34,7.5337,23.051,7.4131,"---",7.5581
"8/15/2021","11:41:53",497.41,7.5335,23.05,7.4113,"---",7.5584
"8/15/2021","11:41:54",498.49,7.5346,23.052,7.4122,"---",7.5573
"8/15/2021","11:41:55",499.57,7.5378,23.05,7.4147,"---",7.5632
"8/15/2021","11:41:57",500.66,7.5384,23.053,7.4204,"---",7.5779
"8/15/2021","11:41:58",501.74,7.5435,23.053,7.4217,"---",7.569
"8/15/2021","11:41:59",502.81,7.5497,23.056,7.4223,"---",7.5707
"8/15/2021","11:42:00",503.9,7.5549,23.054,7.4201,"---",7.5524
"8/15/2021","11:42:01",504.99,7.5554,23.054,7.4164,"---",7.5633
"8/15/2021","11:42:02",506.07,7.5534,23.051,7.4168,"---",7.5646
"8/15/2021","11:42:03",507.15,7.5518,23.049,7.4172,"---",7.5617
"8/15/2021","11:42:04",508.24,7.5513,23.049,7.419,"---",7.5489
"8/15/2021","11:42:05",509.33,7.5527,23.05,7.4158,"---",7.5531
"8/15/2021","11:42:06",510.4,7.5549,23.052,7.4179,"---",7.566
"8/15/2021","11:42:07",511.48,7.5555,23.053,7.4167,"---",7.5716
"8/15/2021","11:42:08",512.56,7.5573,23.053,7.4228,"---",7.5716
"8/15/2021","11:42:10",513.63,7.5592,23.054,7.4229,"---",7.5671
"8/15/2021","11:42:11",514.72,7.5618,23.053,7.4222,"---",7.569
"8/15/2021","11:42:12",515.79,7.558,23.053,7.4156,"---",7.5676
"8/15/2021","11:42:13",516.87,7.5551,23.053,7.4087,"---",7.5655
"8/15/2021","11:42:14",517.95,7.5581,23.055,7.4077,"---",7.5694
"8/15/2021","11:42:15",519.03,7.5662,23.053,7.4177,"---",7.5561
"8/15/2021","11:42:16",520.11,7.5684,23.053,7.4226,"---",7.5589
"8/15/2021","11:42:17",521.2,7.5693,23.052,7.425,"---",7.5635
"8/15/2021","11:42:18",522.28,7.5637,23.056,7.4137,"---",7.5702
"8/15/2021","11:42:19",523.36,7.5638,23.057,7.4091,"---",7.5756
"8/15/2021","11:42:20",524.45,7.5646,23.059,7.4094,"---",7.5727
"8/15/2021","11:42:21",525.54,7.5706,23.059,7.4161,"---",7.5647
"8/15/2021","11:42:23",526.62,7.5756,23.058,7.4282,"---",7.5638
"8/15/2021","11:42:24",527.7,7.5686,23.058,7.4273,"---",7.5541
"8/15/2021","11:42:25",528.77,7.5651,23.055,7.4224,"---",7.5635
"8/15/2021","11:42:26",529.85,7.5615,23.055,7.4161,"---",7.5596
"8/15/2021","11:42:27",530.93,7.5658,23.056,7.4162,"---",7.5548
"8/15/2021","11:42:28",532.01,7.5654,23.056,7.4214,"---",7.5391
"8/15/2021","11:42:29",533.08,7.5688,23.054,7.4243,"---",7.5384
"8/15/2021","11:42:30",534.16,7.5732,23.053,7.424,"---",7.5488
"8/15/2021","11:42:31",535.24,7.5786,23.054,7.418,"---",7.5731
"8/15/2021","11:42:32",536.31,7.5806,23.057,7.413,"---",7.5648
"8/15/2021","11:42:33",537.4,7.5776,23.056,7.4119,"---",7.5576
"8/15/2021","11:42:34",538.47,7.5751,23.055,7.4127,"---",7.5476
"8/15/2021","11:42:35",539.57,7.5745,23.055,7.4105,"---",7.5667
"8/15/2021","11:42:37",540.66,7.5786,23.056,7.4065,"---",7.5791
"8/15/2021","11:42:38",541.73,7.5778,23.055,7.405,"---",7.5766
"8/15/2021","11:42:39",542.81,7.5764,23.053,7.4095,"---",7.5585
"8/15/2021","11:42:40",543.9,7.5717,23.054,7.4191,"---",7.5667
"8/15/2021","11:42:41",544.99,7.5733,23.057,7.4186,"---",7.5648
"8/15/2021","11:42:42",546.07,7.5746,23.058,7.4154,"---",7.5702
"8/15/2021","11:42:43",547.16,7.58,23.058,7.412,"---",7.5562
"8/15/2021","11:42:44",548.24,7.5786,23.059,7.4132,"---",7.5583
"8/15/2021","11:42:45",549.32,7.582,23.058,7.4171,"---",7.5588
"8/15/2021","11:42:46",550.4,7.5768,23.057,7.4195,"---",7.559
"8/15/2021","11:42:47",551.48,7.5786,23.056,7.424,"---",7.5546
"8/15/2021","11:42:48",552.56,7.5763,23.056,7.4203,"---",7.5603
"8/15/2021","11:42:50",553.63,7.583,23.056,7.422,"---",7.558
"8/15/2021","11:42:51",554.71,7.582,23.054,7.4213,"---",7.5732
"8/15/2021","11:42:52",555.79,7.5805,23.054,7.4232,"---",7.5797
"8/15/2021","11:42:53",556.88,7.578,23.055,7.4187,"---",7.58
"8/15/2021","11:42:54",557.96,7.578,23.056,7.4219,"---",7.5703
"8/15/2021","11:42:55",559.05,7.5769,23.056,7.4262,"---",7.5653
"8/15/2021","11:42:56",560.14,7.573,23.057,7.432,"---",7.5722
"8/15/2021","11:42:57",561.23,7.5763,23.057,7.4251,"---",7.5797
"8/15/2021","11:42:58",562.32,7.5768,23.058,7.4223,"---",7.5805
"8/15/2021","11:42:59",563.41,7.5799,23.058,7.4167,"---",7.5865
"8/15/2021","11:43:00",564.48,7.5809,23.059,7.4207,"---",7.5761
"8/15/2021","11:43:01",565.57,7.5805,23.059,7.4198,"---",7.5807
"8/15/2021","11:43:03",566.65,7.5835,23.059,7.4176,"---",7.5714
"8/15/2021","11:43:04",567.75,7.5825,23.056,7.4203,"---",7.5837
"8/15/2021","11:43:05",568.84,7.5843,23.057,7.4193,"---",7.5744
"8/15/2021","11:43:06",569.92,7.5839,23.056,7.4239,"---",7.5742
"8/15/2021","11:43:07",571.02,7.5819,23.057,7.4201,"---",7.553
"8/15/2021","11:43:08",572.11,7.5816,23.056,7.4232,"---",7.5374
"8/15/2021","11:43:09",573.19,7.5817,23.057,7.4268,"---",7.5438
"8/15/2021","11:43:10",574.28,7.5818,23.055,7.4255,"---",7.5657
"8/15/2021","11:43:11",575.36,7.5854,23.056,7.4212,"---",7.5828
"8/15/2021","11:43:12",576.44,7.584,23.056,7.4169,"---",7.5796
"8/15/2021","11:43:13",577.52,7.5804,23.06,7.4229,"---",7.5627
"8/15/2021","11:43:14",578.61,7.5804,23.059,7.4293,"---",7.5625
"8/15/2021","11:43:16",579.69,7.5787,23.06,7.4262,"---",7.5626
"8/15/2021","11:43:17",580.79,7.5805,23.058,7.4187,"---",7.566
"8/15/2021","11:43:18",581.86,7.5762,23.059,7.4216,"---",7.5763
"8/15/2021","11:43:19",582.96,7.574,23.056,7.4311,"---",7.5771
"8/15/2021","11:43:20",584.06,7.5772,23.057,7.4349,"---",7.5722
"8/15/2021","11:43:21",585.14,7.5779,23.057,7.432,"---",7.5628
"8/15/2021","11:43:22",586.21,7.5806,23.058,7.4241,"---",7.5574
"8/15/2021","11:43:23",587.29,7.5768,23.059,7.426,"---",7.5479
"8/15/2021","11:43:24",588.36,7.5753,23.06,7.4227,"---",7.5408
"8/15/2021","11:43:25",589.45,7.5783,23.061,7.4259,"---",7.5438
"8/15/2021","11:43:26",590.54,7.582,23.058,7.4308,"---",7.5639
"8/15/2021","11:43:28",591.62,7.5848,23.057,7.4285,"---",7.5759
"8/15/2021","11:43:29",592.7,7.5847,23.056,7.4252,"---",7.556
"8/15/2021","11:43:30",593.78,7.5826,23.058,7.4183,"---",7.5551
"8/15/2021","11:43:31",594.86,7.5808,23.058,7.4215,"---",7.5525
"8/15/2021","11:43:32",595.94,7.5751,23.058,7.4258,"---",7.5711
"8/15/2021","11:43:33",597.02,7.5739,23.059,7.4229,"---",7.567
"8/15/2021","11:43:34",598.1,7.5748,23.059,7.4194,"---",7.5701
"8/15/2021","11:43:35",599.24,7.5759,23.059,7.42,"---",7.569
"8/15/2021","11:43:36",600.33,7.5815,23.058,7.4227,"---",7.5746
"8/15/2021","11:43:37",601.41,7.5785,23.058,7.4244,"---",7.5685
"8/15/2021","11:43:38",602.49,7.5806,23.058,7.4291,"---",7.5667
"8/15/2021","11:43:39",603.58,7.5785,23.057,7.4344,"---",7.5627
"8/15/2021","11:43:41",604.65,7.5815,23.057,7.4348,"---",7.5629
"8/15/2021","11:43:42",605.76,7.5794,23.057,7.4345,"---",7.5717
"8/15/2021","11:43:43",606.84,7.5763,23.059,7.4328,"---",7.5803
"8/15/2021","11:43:44",607.9,7.5806,23.06,7.4394,"---",7.5869
"8/15/2021","11:43:45",608.98,7.5785,23.063,7.4328,"---",7.5783
"8/15/2021","11:43:46",610.09,7.5818,23.064,7.4342,"---",7.5699
"8/15/2021","11:43:47",611.16,7.5813,23.063,7.4319,"---",7.5636
"8/15/2021","11:43:48",612.24,7.5858,23.062,7.4345,"---",7.5602
"8/15/2021","11:43:49",613.32,7.5836,23.059,7.4322,"---",7.5663
"8/15/2021","11:43:50",614.4,7.5808,23.059,7.4352,"---",7.5642
"8/15/2021","11:43:51",615.48,7.5765,23.059,7.4368,"---",7.5727
"8/15/2021","11:43:52",616.56,7.5764,23.059,7.4376,"---",7.5799
"8/15/2021","11:43:54",617.64,7.5732,23.062,7.435,"---",7.5932
"8/15/2021","11:43:55",618.71,7.5736,23.061,7.4432,"---",7.5949
"8/15/2021","11:43:56",619.79,7.5746,23.062,7.4472,"---",7.5856
"8/15/2021","11:43:57",620.89,7.573,23.06,7.4459,"---",7.5803
"8/15/2021","11:43:58",622.04,7.5784,23.061,7.4373,"---",7.5847
"8/15/2021","11:43:59",623.12,7.5737,23.062,7.4295,"---",7.5813
"8/15/2021","11:44:00",624.2,7.5786,23.064,7.4239,"---",7.5848
"8/15/2021","11:44:01",625.29,7.5745,23.066,7.4199,"---",7.5723
"8/15/2021","11:44:02",626.48,7.5749,23.065,7.4259,"---",7.5741
"8/15/2021","11:44:03",627.57,7.5675,23.062,7.4374,"---",7.5587
"8/15/2021","11:44:05",628.68,7.5681,23.059,7.436,"---",7.5661
"8/15/2021","11:44:06",629.78,7.5648,23.059,7.4379,"---",7.566
"8/15/2021","11:44:07",630.94,7.5645,23.061,7.4277,"---",7.5764
"8/15/2021","11:44:08",632.02,7.5584,23.063,7.4212,"---",7.5744
"8/15/2021","11:44:09",633.45,7.561,23.063,7.4114,"---",7.5831
"8/15/2021","11:44:10",634.54,7.5619,23.062,7.4102,"---",7.5859
"8/15/2021","11:44:12",635.62,7.5595,23.061,7.4171,"---",7.5778
"8/15/2021","11:44:13",636.7,7.5521,23.061,7.4118,"---",7.5638
"8/15/2021","11:44:14",637.79,7.5486,23.06,7.4133,"---",7.5537
"8/15/2021","11:44:15",638.87,7.5429,23.062,7.4139,"---",7.5508
"8/15/2021","11:44:16",639.95,7.5444,23.062,7.4206,"---",7.5601
"8/15/2021","11:44:17",641.07,7.5408,23.065,7.4208,"---",7.5576
"8/15/2021","11:44:18",642.15,7.5445,23.063,7.4191,"---",7.5719
"8/15/2021","11:44:19",643.24,7.5441,23.063,7.4146,"---",7.5551
"8/15/2021","11:44:20",644.32,7.5487,23.062,7.4159,"---",7.5576
"8/15/2021","11:44:21",645.4,7.546,23.063,7.414,"---",7.554
"8/15/2021","11:44:22",646.48,7.5405,23.063,7.4111,"---",7.5539
"8/15/2021","11:44:23",647.57,7.5374,23.061,7.4117,"---",7.5446
"8/15/2021","11:44:25",648.67,7.5362,23.063,7.4136,"---",7.5247
"8/15/2021","11:44:26",649.76,7.536,23.063,7.4225,"---",7.5293
"8/15/2021","11:44:27",650.85,7.528,23.065,7.4258,"---",7.5261
"8/15/2021","11:44:28",651.93,7.5266,23.064,7.4259,"---",7.5277
"8/15/2021","11:44:29",653.02,7.5259,23.064,7.4197,"---",7.5223
"8/15/2021","11:44:30",654.1,7.5248,23.062,7.4111,"---",7.5157
"8/15/2021","11:44:31",655.17,7.5222,23.062,7.4108,"---",7.5281
"8/15/2021","11:44:32",656.25,7.5173,23.062,7.4128,"---",7.5258
"8/15/2021","11:44:33",657.37,7.5169,23.063,7.4141,"---",7.5424
"8/15/2021","11:44:34",658.44,7.5145,23.063,7.4135,"---",7.534
"8/15/2021","11:44:35",659.51,7.5125,23.064,7.4088,"---",7.5372
"8/15/2021","11:44:37",660.7,7.5111,23.067,7.4029,"---",7.525
"8/15/2021","11:44:38",661.83,7.5099,23.067,7.3931,"---",7.5223
"8/15/2021","11:44:39",662.92,7.5106,23.068,7.3905,"---",7.519
"8/15/2021","11:44:40",664.01,7.5088,23.067,7.3923,"---",7.5195
"8/15/2021","11:44:41",665.1,7.5102,23.067,7.3921,"---",7.5141
"8/15/2021","11:44:42",666.18,7.5038,23.068,7.3932,"---",7.5127
"8/15/2021","11:44:43",667.26,7.5035,23.067,7.3881,"---",7.5116
"8/15/2021","11:44:44",668.34,7.4968,23.066,7.385,"---",7.5151
"8/15/2021","11:44:45",669.44,7.4994,23.065,7.3786,"---",7.5109
"8/15/2021","11:44:46",670.51,7.4951,23.065,7.3719,"---",7.5121
"8/15/2021","11:44:47",671.59,7.4969,23.066,7.3634,"---",7.5139
"8/15/2021","11:44:49",672.68,7.4932,23.066,7.3568,"---",7.5145
"8/15/2021","11:44:50",673.76,7.4908,23.067,7.3545,"---",7.5067
"8/15/2021","11:44:51",674.83,7.4855,23.071,7.3532,"---",7.5014
"8/15/2021","11:44:52",675.93,7.4843,23.072,7.3523,"---",7.5029
"8/15/2021","11:44:53",677.01,7.4806,23.073,7.3507,"---",7.517
"8/15/2021","11:44:54",678.1,7.4776,23.073,7.3518,"---",7.5126
"8/15/2021","11:44:55",679.18,7.4768,23.072,7.3518,"---",7.5112
"8/15/2021","11:44:56",680.27,7.4758,23.073,7.3531,"---",7.4926
"8/15/2021","11:44:57",681.34,7.475,23.072,7.353,"---",7.4912
"8/15/2021","11:44:59",682.67,7.4665,23.072,7.3594,"---",7.495
"8/15/2021","11:45:00",683.74,7.4632,23.068,7.3617,"---",7.5036
"8/15/2021","11:45:01",684.82,7.4597,23.067,7.3619,"---",7.5073
"8/15/2021","11:45:02",685.91,7.4613,23.068,7.352,"---",7.4947
"8/15/2021","11:45:03",687.01,7.4573,23.07,7.3455,"---",7.4956
"8/15/2021","11:45:04",688.1,7.4572,23.07,7.3421,"---",7.4924
"8/15/2021","11:45:05",689.17,7.4604,23.066,7.3399,"---",7.4839
"8/15/2021","11:45:06",690.28,7.4616,23.068,7.3357,"---",7.4689
"8/15/2021","11:45:07",691.36,7.458,23.07,7.3236,"---",7.4666
"8/15/2021","11:45:08",692.45,7.4544,23.073,7.3158,"---",7.4768
"8/15/2021","11:45:09",693.54,7.4541,23.07,7.3115,"---",7.4752
"8/15/2021","11:45:11",694.65,7.4517,23.07,7.3143,"---",7.4802
"8/15/2021","11:45:12",695.75,7.4475,23.069,7.3123,"---",7.4757
"8/15/2021","11:45:13",696.83,7.4459,23.069,7.3016,"---",7.4774
"8/15/2021","11:45:14",697.9,7.444,23.069,7.3004,"---",7.4712
"8/15/2021","11:45:15",699.01,7.443,23.07,7.2951,"---",7.4683
"8/15/2021","11:45:16",700.09,7.4391,23.072,7.3017,"---",7.4649
"8/15/2021","11:45:17",701.17,7.4429,23.072,7.2936,"---",7.4575
"8/15/2021","11:45:18",702.27,7.4438,23.072,7.2913,"---",7.4528
"8/15/2021","11:45:19",703.35,7.4405,23.073,7.2876,"---",7.4562
"8/15/2021","11:45:20",704.44,7.4302,23.075,7.2978,"---",7.4627
"8/15/2021","11:45:21",705.52,7.4217,23.075,7.3052,"---",7.4634
"8/15/2021","11:45:22",706.6,7.4218,23.073,7.3101,"---",7.4662
"8/15/2021","11:45:24",707.68,7.4214,23.071,7.3074,"---",7.4606
"8/15/2021","11:45:25",708.8,7.4207,23.07,7.3076,"---",7.4554
"8/15/2021","11:45:26",709.89,7.4179,23.069,7.2968,"---",7.4635
"8/15/2021","11:45:27",710.97,7.4158,23.07,7.3005,"---",7.4636
"8/15/2021","11:45:28",712.05,7.4182,23.07,7.2915,"---",7.4651
"8/15/2021","11:45:29",713.13,7.4197,23.073,7.2959,"---",7.4515
"8/15/2021","11:45:30",714.21,7.4182,23.074,7.2773,"---",7.4481
"8/15/2021","11:45:31",715.3,7.413,23.074,7.2778,"---",7.4453
"8/15/2021","11:45:32",716.38,7.4076,23.072,7.2748,"---",7.4554
"8/15/2021","11:45:33",717.47,7.4087,23.072,7.2815,"---",7.4547
"8/15/2021","11:45:34",718.56,7.4023,23.073,7.2814,"---",7.4598
"8/15/2021","11:45:36",719.64,7.399,23.072,7.2774,"---",7.4537
"8/15/2021","11:45:37",720.73,7.3938,23.071,7.2832,"---",7.4404
"8/15/2021","11:45:38",721.83,7.3948,23.07,7.2895,"---",7.433
"8/15/2021","11:45:39",722.9,7.3931,23.07,7.2895,"---",7.428
"8/15/2021","11:45:40",723.98,7.3935,23.07,7.2838,"---",7.4417
"8/15/2021","11:45:41",725.07,7.3938,23.071,7.2734,"---",7.4409
"8/15/2021","11:45:42",726.16,7.3926,23.073,7.2733,"---",7.4305
"8/15/2021","11:45:43",727.23,7.3901,23.075,7.2625,"---",7.4298
"8/15/2021","11:45:44",728.35,7.3908,23.076,7.2594,"---",7.4296
"8/15/2021","11:45:45",729.44,7.3895,23.078,7.2571,"---",7.4434
"8/15/2021","11:45:46",730.56,7.3897,23.079,7.2583,"---",7.4403
"8/15/2021","11:45:48",731.64,7.384,23.083,7.2616,"---",7.45
"8/15/2021","11:45:49",732.79,7.3814,23.083,7.2539,"---",7.4363
"8/15/2021","11:45:50",733.89,7.3773,23.084,7.2475,"---",7.4264
"8/15/2021","11:45:51",734.98,7.3757,23.081,7.2401,"---",7.4131
"8/15/2021","11:45:52",736.05,7.3741,23.078,7.2425,"---",7.4143
"8/15/2021","11:45:53",737.17,7.3733,23.076,7.2449,"---",7.4219
"8/15/2021","11:45:54",738.25,7.3701,23.077,7.2416,"---",7.4215
"8/15/2021","11:45:55",739.33,7.3694,23.079,7.239,"---",7.4191
"8/15/2021","11:45:56",740.42,7.3627,23.083,7.2411,"---",7.4229
"8/15/2021","11:45:57",741.49,7.3575,23.084,7.244,"---",7.4167
"8/15/2021","11:45:58",742.57,7.3527,23.085,7.2444,"---",7.4203
"8/15/2021","11:46:00",743.65,7.3518,23.086,7.24,"---",7.416
"8/15/2021","11:46:01",744.73,7.3522,23.089,7.2335,"---",7.4203
"8/15/2021","11:46:02",745.8,7.348,23.089,7.2269,"---",7.4184
"8/15/2021","11:46:03",746.87,7.3479,23.09,7.2241,"---",7.4118
"8/15/2021","11:46:04",747.96,7.3468,23.09,7.2245,"---",7.4108
"8/15/2021","11:46:05",749.05,7.3458,23.09,7.2226,"---",7.4007
"8/15/2021","11:46:06",750.13,7.3474,23.088,7.2153,"---",7.393
"8/15/2021","11:46:07",751.24,7.3508,23.087,7.2081,"---",7.3898
"8/15/2021","11:46:08",752.32,7.3536,23.083,7.2069,"---",7.3974
"8/15/2021","11:46:09",753.4,7.3492,23.081,7.2079,"---",7.3965
"8/15/2021","11:46:10",754.49,7.3463,23.078,7.2107,"---",7.4008
"8/15/2021","11:46:11",755.57,7.3421,23.08,7.2144,"---",7.3947
"8/15/2021","11:46:13",756.93,7.3427,23.081,7.2203,"---",7.3952
"8/15/2021","11:46:14",758.12,7.3404,23.082,7.2191,"---",7.4033
"8/15/2021","11:46:15",759.2,7.3399,23.082,7.2072,"---",7.4027
"8/15/2021","11:46:16",760.29,7.3379,23.088,7.1924,"---",7.4058
"8/15/2021","11:46:17",761.49,7.3337,23.095,7.1846,"---",7.3969
"8/15/2021","11:46:18",762.56,7.3317,23.101,7.1837,"---",7.3969
"8/15/2021","11:46:20",763.69,7.3275,23.099,7.1809,"---",7.4014
"8/15/2021","11:46:21",764.8,7.3271,23.094,7.1882,"---",7.4018
"8/15/2021","11:46:22",765.95,7.3244,23.087,7.1909,"---",7.4074
"8/15/2021","11:46:23",767.04,7.325,23.083,7.1959,"---",7.4071
"8/15/2021","11:46:24",768.16,7.3232,23.081,7.1904,"---",7.4107
"8/15/2021","11:46:25",769.24,7.324,23.079,7.1859,"---",7.4185
"8/15/2021","11:46:26",770.33,7.323,23.079,7.1838,"---",7.4046
"8/15/2021","11:46:27",771.41,7.3238,23.078,7.182,"---",7.392
"8/15/2021","11:46:28",772.5,7.3216,23.077,7.1838,"---",7.3772
"8/15/2021","11:46:29",773.59,7.3178,23.078,7.176,"---",7.3821
"8/15/2021","11:46:31",774.73,7.3171,23.079,7.1651,"---",7.375
"8/15/2021","11:46:32",775.83,7.3154,23.083,7.1573,"---",7.3671
"8/15/2021","11:46:33",776.91,7.3165,23.082,7.1589,"---",7.3737
"8/15/2021","11:46:34",777.99,7.3116,23.081,7.161,"---",7.3781
"8/15/2021","11:46:35",779.07,7.3099,23.081,7.1579,"---",7.3873
"8/15/2021","11:46:36",780.25,7.3085,23.082,7.157,"---",7.3754
"8/15/2021","11:46:37",781.32,7.3044,23.084,7.1507,"---",7.3726
"8/15/2021","11:46:38",782.41,7.3009,23.082,7.1493,"---",7.3604
"8/15/2021","11:46:39",783.52,7.2974,23.083,7.1465,"---",7.3581
"8/15/2021","11:46:40",784.61,7.2962,23.088,7.1511,"---",7.3533
"8/15/2021","11:46:42",785.7,7.2955,23.101,7.1445,"---",7.346
"8/15/2021","11:46:43",786.78,7.2895,23.107,7.142,"---",7.3405
"8/15/2021","11:46:44",787.88,7.2863,23.111,7.1383,"---",7.3406
"8/15/2021","11:46:45",788.96,7.2832,23.109,7.1382,"---",7.3536
"8/15/2021","11:46:46",790.06,7.2825,23.106,7.133,"---",7.3491
"8/15/2021","11:46:47",791.14,7.2829,23.102,7.1287,"---",7.3435
"8/15/2021","11:46:48",792.24,7.2825,23.098,7.1237,"---",7.3335
"8/15/2021","11:46:49",793.33,7.2793,23.093,7.1272,"---",7.3463
"8/15/2021","11:46:50",794.45,7.2783,23.09,7.1255,"---",7.3582
"8/15/2021","11:46:51",795.53,7.2738,23.089,7.1255,"---",7.3697
"8/15/2021","11:46:52",796.61,7.2744,23.089,7.1186,"---",7.363
"8/15/2021","11:46:54",797.71,7.2717,23.093,7.1154,"---",7.357
"8/15/2021","11:46:55",798.79,7.2724,23.094,7.1198,"---",7.3434
"8/15/2021","11:46:56",799.88,7.273,23.094,7.1165,"---",7.3475
"8/15/2021","11:46:57",800.95,7.2694,23.093,7.1175,"---",7.3403
"8/15/2021","11:46:58",802.04,7.2665,23.095,7.1148,"---",7.3314
"8/15/2021","11:46:59",803.15,7.2631,23.099,7.1139,"---",7.3254
"8/15/2021","11:47:00",804.23,7.2612,23.103,7.1119,"---",7.3341
"8/15/2021","11:47:01",805.31,7.2585,23.102,7.107,"---",7.3445
"8/15/2021","11:47:02",806.41,7.257,23.1,7.106,"---",7.3409
"8/15/2021","11:47:03",807.49,7.2571,23.097,7.108,"---",7.3369
"8/15/2021","11:47:04",808.58,7.2564,23.096,7.1121,"---",7.3435
"8/15/2021","11:47:06",809.65,7.2516,23.097,7.113,"---",7.3525
"8/15/2021","11:47:07",810.74,7.2492,23.096,7.1095,"---",7.3537
"8/15/2021","11:47:08",811.83,7.2446,23.095,7.1075,"---",7.3537
"8/15/2021","11:47:09",812.9,7.2447,23.094,7.1054,"---",7.3483
"8/15/2021","11:47:10",814,7.2441,23.095,7.1009,"---",7.3447
"8/15/2021","11:47:11",815.07,7.2475,23.096,7.1059,"---",7.3348
"8/15/2021","11:47:12",816.15,7.2466,23.094,7.1095,"---",7.3398
"8/15/2021","11:47:13",817.29,7.246,23.094,7.1089,"---",7.3434
"8/15/2021","11:47:14",818.37,7.2445,23.092,7.0964,"---",7.3495
"8/15/2021","11:47:15",819.49,7.2412,23.094,7.0949,"---",7.3368
"8/15/2021","11:47:16",820.59,7.2338,23.096,7.0965,"---",7.3267
"8/15/2021","11:47:18",821.67,7.231,23.097,7.0969,"---",7.3209
"8/15/2021","11:47:19",822.77,7.2291,23.1,7.0903,"---",7.3296
"8/15/2021","11:47:20",823.85,7.2304,23.102,7.0814,"---",7.3439
"8/15/2021","11:47:21",824.93,7.2305,23.104,7.0781,"---",7.3443
"8/15/2021","11:47:22",826.02,7.2311,23.103,7.0752,"---",7.3364
"8/15/2021","11:47:23",827.11,7.2319,23.098,7.0716,"---",7.3265
"8/15/2021","11:47:24",828.19,7.2306,23.097,7.0699,"---",7.3177
"8/15/2021","11:47:25",829.27,7.2288,23.095,7.0632,"---",7.3226
"8/15/2021","11:47:26",830.35,7.2289,23.092,7.0663,"---",7.3233
"8/15/2021","11:47:27",831.43,7.2278,23.091,7.0605,"---",7.3306
"8/15/2021","11:47:28",832.51,7.226,23.091,7.0636,"---",7.3216
"8/15/2021","11:47:29",833.59,7.2167,23.096,7.0617,"---",7.3183
"8/15/2021","11:47:31",834.67,7.2103,23.102,7.0609,"---",7.3154
"8/15/2021","11:47:32",835.78,7.206,23.11,7.052,"---",7.3188
"8/15/2021","11:47:33",836.86,7.207,23.122,7.0442,"---",7.3167
"8/15/2021","11:47:34",837.94,7.2025,23.132,7.0423,"---",7.3136
"8/15/2021","11:47:35",839.02,7.1983,23.142,7.037,"---",7.3102
"8/15/2021","11:47:36",840.16,7.1954,23.147,7.0346,"---",7.3089
"8/15/2021","11:47:37",841.24,7.1955,23.154,7.0295,"---",7.3008
"8/15/2021","11:47:38",842.37,7.1945,23.165,7.0304,"---",7.2961
"8/15/2021","11:47:39",843.45,7.1901,23.174,7.0242,"---",7.2972
"8/15/2021","11:47:40",844.54,7.1867,23.18,7.0105,"---",7.2955
"8/15/2021","11:47:42",845.66,7.1849,23.18,7.0049,"---",7.2931
"8/15/2021","11:47:43",846.73,7.1892,23.177,7.0022,"---",7.2842
"8/15/2021","11:47:44",847.81,7.1895,23.173,7.0076,"---",7.298
"8/15/2021","11:47:45",848.89,7.1905,23.166,7.007,"---",7.2993
"8/15/2021","11:47:46",849.97,7.189,23.159,7.0032,"---",7.3096
"8/15/2021","11:47:47",851.04,7.1899,23.153,7.0069,"---",7.307
"8/15/2021","11:47:48",852.12,7.1861,23.146,7.0117,"---",7.3178
"8/15/2021","11:47:49",853.2,7.1812,23.141,7.0175,"---",7.3163
"8/15/2021","11:47:50",854.29,7.1785,23.137,7.0224,"---",7.3139
"8/15/2021","11:47:51",855.4,7.1781,23.137,7.0225,"---",7.3006
"8/15/2021","11:47:52",856.51,7.1788,23.137,7.0235,"---",7.3032
"8/15/2021","11:47:53",857.59,7.1758,23.133,7.0195,"---",7.3086
"8/15/2021","11:47:55",858.67,7.1765,23.128,7.0197,"---",7.3084
"8/15/2021","11:47:56",859.76,7.1735,23.124,7.0254,"---",7.3048
"8/15/2021","11:47:57",860.86,7.1757,23.121,7.0251,"---",7.2909
"8/15/2021","11:47:58",861.93,7.176,23.117,7.0278,"---",7.2875
"8/15/2021","11:47:59",863,7.1751,23.112,7.0285,"---",7.2796
"8/15/2021","11:48:00",864.09,7.175,23.11,7.0296,"---",7.2853
"8/15/2021","11:48:01",865.18,7.1702,23.11,7.0234,"---",7.296
"8/15/2021","11:48:02",866.26,7.1693,23.109,7.0193,"---",7.2897
"8/15/2021","11:48:03",867.35,7.1654,23.109,7.0142,"---",7.2951
"8/15/2021","11:48:04",868.43,7.1681,23.109,7.0128,"---",7.2877
"8/15/2021","11:48:05",869.51,7.1644,23.111,7.0096,"---",7.2878
"8/15/2021","11:48:06",870.59,7.1643,23.109,7.0086,"---",7.2722
"8/15/2021","11:48:08",871.74,7.1604,23.106,7.013,"---",7.2662
"8/15/2021","11:48:09",872.81,7.1604,23.106,7.008,"---",7.2767
"8/15/2021","11:48:10",873.89,7.1585,23.109,7.0044,"---",7.2766
"8/15/2021","11:48:11",874.96,7.1551,23.114,6.9924,"---",7.2833
"8/15/2021","11:48:12",876.06,7.1561,23.114,6.9972,"---",7.2785
"8/15/2021","11:48:13",877.18,7.1504,23.114,6.9968,"---",7.2774
"8/15/2021","11:48:14",878.28,7.1495,23.113,6.9959,"---",7.2695
"8/15/2021","11:48:15",879.36,7.1487,23.113,6.9951,"---",7.2588
"8/15/2021","11:48:16",880.45,7.1492,23.116,6.9878,"---",7.2688
"8/15/2021","11:48:17",881.53,7.1523,23.12,6.9836,"---",7.2572
"8/15/2021","11:48:19",882.62,7.1448,23.129,6.9755,"---",7.2518
"8/15/2021","11:48:20",883.7,7.1446,23.131,6.9781,"---",7.2385
"8/15/2021","11:48:21",884.78,7.1414,23.128,6.9828,"---",7.2471
"8/15/2021","11:48:22",885.85,7.1452,23.119,6.9768,"---",7.261
"8/15/2021","11:48:23",886.93,7.1454,23.11,6.9773,"---",7.2582
"8/15/2021","11:48:24",888.11,7.1425,23.105,6.9764,"---",7.2513
"8/15/2021","11:48:25",889.27,7.1396,23.109,6.9803,"---",7.2482
"8/15/2021","11:48:26",890.34,7.1353,23.114,6.9844,"---",7.2494
"8/15/2021","11:48:27",891.42,7.1379,23.115,6.9843,"---",7.2608
"8/15/2021","11:48:28",892.5,7.1359,23.114,6.9832,"---",7.2529
"8/15/2021","11:48:29",893.58,7.1348,23.112,6.9768,"---",7.2593
"8/15/2021","11:48:31",894.66,7.1294,23.112,6.9653,"---",7.2613
"8/15/2021","11:48:32",895.74,7.1274,23.109,6.9646,"---",7.2645
"8/15/2021","11:48:33",896.82,7.1279,23.105,6.9654,"---",7.2546
"8/15/2021","11:48:34",897.95,7.1279,23.102,6.969,"---",7.2528
"8/15/2021","11:48:35",899.02,7.1285,23.101,6.9666,"---",7.25
"8/15/2021","11:48:36",900.1,7.1228,23.107,6.9663,"---",7.2527
"8/15/2021","11:48:37",901.17,7.1205,23.114,6.9621,"---",7.2487
"8/15/2021","11:48:38",902.24,7.1153,23.123,6.9603,"---",7.2581
"8/15/2021","11:48:40",903.62,7.1121,23.13,6.9482,"---",7.2663
"8/15/2021","11:48:41",904.73,7.1057,23.135,6.9444,"---",7.2645
"8/15/2021","11:48:42",905.81,7.1033,23.137,6.939,"---",7.2603
"8/15/2021","11:48:43",906.88,7.1067,23.132,6.9408,"---",7.2578
"8/15/2021","11:48:44",907.95,7.1082,23.124,6.9445,"---",7.2639
"8/15/2021","11:48:45",909.04,7.106,23.122,6.9469,"---",7.2638
"8/15/2021","11:48:46",910.12,7.1026,23.122,6.9515,"---",7.2629
"8/15/2021","11:48:47",911.19,7.0995,23.122,6.9574,"---",7.2641
"8/15/2021","11:48:48",912.29,7.1,23.112,6.955,"---",7.2571
"8/15/2021","11:48:49",913.37,7.0978,23.108,6.9578,"---",7.2541
"8/15/2021","11:48:50",914.46,7.097,23.104,6.9529,"---",7.2521
"8/15/2021","11:48:51",915.56,7.0957,23.107,6.9564,"---",7.2551
"8/15/2021","11:48:53",916.63,7.0961,23.11,6.9528,"---",7.2487
"8/15/2021","11:48:54",917.71,7.0918,23.115,6.952,"---",7.2343
"8/15/2021","11:48:55",918.82,7.0871,23.121,6.9434,"---",7.2351
"8/15/2021","11:48:56",919.9,7.0802,23.123,6.9298,"---",7.2504
"8/15/2021","11:48:57",921,7.0788,23.13,6.9195,"---",7.2492
"8/15/2021","11:48:58",922.12,7.0771,23.132,6.9106,"---",7.238
"8/15/2021","11:48:59",923.2,7.0792,23.131,6.9082,"---",7.2339
"8/15/2021","11:49:00",924.27,7.0799,23.127,6.9089,"---",7.2399
"8/15/2021","11:49:01",925.35,7.0789,23.127,6.9157,"---",7.2546
"8/15/2021","11:49:02",926.42,7.077,23.134,6.9152,"---",7.2477
"8/15/2021","11:49:03",927.5,7.0745,23.14,6.9086,"---",7.2512
"8/15/2021","11:49:04",928.6,7.0716,23.142,6.9008,"---",7.2419
"8/15/2021","11:49:06",929.68,7.0674,23.14,6.896,"---",7.221
"8/15/2021","11:49:07",930.76,7.0643,23.137,6.8937,"---",7.2145
"8/15/2021","11:49:08",931.86,7.0648,23.13,6.892,"---",7.2137
"8/15/2021","11:49:09",932.99,7.0661,23.124,6.8895,"---",7.227
"8/15/2021","11:49:10",934.07,7.0663,23.119,6.8935,"---",7.2238
"8/15/2021","11:49:11",935.15,7.0666,23.115,6.8952,"---",7.2193
"8/15/2021","11:49:12",936.23,7.0623,23.11,6.9015,"---",7.2173
"8/15/2021","11:49:13",937.32,7.0625,23.106,6.9023,"---",7.2235
"8/15/2021","11:49:14",938.48,7.0597,23.103,6.8983,"---",7.235
"8/15/2021","11:49:15",939.58,7.0595,23.103,6.8969,"---",7.2322
"8/15/2021","11:49:17",940.67,7.059,23.1,6.8978,"---",7.2268
"8/15/2021","11:49:18",941.89,7.0597,23.099,6.9019,"---",7.2148
"8/15/2021","11:49:19",942.97,7.0588,23.097,6.8994,"---",7.2185
"8/15/2021","11:49:20",944.38,7.0536,23.1,6.8922,"---",7.2191
"8/15/2021","11:49:21",945.47,7.0527,23.102,6.8864,"---",7.2234
"8/15/2021","11:49:22",946.55,7.0524,23.104,6.8824,"---",7.2162
"8/15/2021","11:49:24",947.66,7.053,23.108,6.8765,"---",7.2163
"8/15/2021","11:49:25",948.73,7.0489,23.109,6.8737,"---",7.2209
"8/15/2021","11:49:26",949.8,7.044,23.11,6.8712,"---",7.233
"8/15/2021","11:49:27",950.91,7.044,23.111,6.873,"---",7.2276
"8/15/2021","11:49:28",951.99,7.04,23.116,6.8695,"---",7.2128
"8/15/2021","11:49:29",953.07,7.0408,23.118,6.8684,"---",7.2053
"8/15/2021","11:49:30",954.16,7.0353,23.12,6.8605,"---",7.2104
"8/15/2021","11:49:31",955.23,7.0353,23.119,6.8652,"---",7.2147
"8/15/2021","11:49:32",956.33,7.0332,23.124,6.866,"---",7.2185
"8/15/2021","11:49:33",957.42,7.0323,23.126,6.8641,"---",7.2143
"8/15/2021","11:49:34",958.49,7.0291,23.13,6.8596,"---",7.2051
"8/15/2021","11:49:35",959.58,7.0259,23.129,6.8542,"---",7.2001
"8/15/2021","11:49:37",960.69,7.0242,23.128,6.8597,"---",7.1939
"8/15/2021","11:49:38",961.78,7.0232,23.124,6.8596,"---",7.1996
"8/15/2021","11:49:39",962.86,7.0222,23.124,6.8553,"---",7.2017
"8/15/2021","11:49:40",963.96,7.0188,23.125,6.8519,"---",7.2061
"8/15/2021","11:49:41",965.04,7.0185,23.127,6.8502,"---",7.1969
"8/15/2021","11:49:42",966.13,7.0189,23.127,6.8549,"---",7.1944
"8/15/2021","11:49:43",967.2,7.0177,23.126,6.86,"---",7.1956
"8/15/2021","11:49:44",968.28,7.0159,23.126,6.8577,"---",7.2012
"8/15/2021","11:49:45",969.37,7.0147,23.126,6.8542,"---",7.1956
"8/15/2021","11:49:46",970.45,7.0132,23.127,6.8462,"---",7.189
"8/15/2021","11:49:47",971.54,7.0149,23.126,6.844,"---",7.1907
"8/15/2021","11:49:49",972.62,7.0088,23.127,6.8398,"---",7.1876
"8/15/2021","11:49:50",973.71,7.0089,23.127,6.8396,"---",7.1878
"8/15/2021","11:49:51",974.79,7.0052,23.129,6.8413,"---",7.1773
"8/15/2021","11:49:52",975.88,7.0096,23.132,6.8414,"---",7.1835
"8/15/2021","11:49:53",976.96,7.0076,23.134,6.8349,"---",7.1929
"8/15/2021","11:49:54",978.04,7.0043,23.136,6.8309,"---",7.2027
"8/15/2021","11:49:55",979.12,6.9978,23.135,6.8353,"---",7.1989
