"time_frame","min_start","r2","b","m","t_min","t_max","t_mean","O2_min","O2_max","O2_mean","Ch","DateTime_start","type","n_min","ID_code"
"min4_10",4,"0.989","8.44",0.03623,"23.36","23.5","23.42","8.09","8.31","8.19","Ch1","(07/25/22 15:11:30)","SMR","5.98","_2022_box"
"min14_20",14,"0.984","8.7",0.03177,"23.42","23.62","23.53","8.07","8.27","8.16","Ch1","(07/25/22 15:21:30)","SMR","5.98","_2022_box"
"min24_30",24,"0.987","8.78",0.02202,"23.73","23.9","23.82","8.12","8.26","8.19","Ch1","(07/25/22 15:31:30)","SMR","5.97","_2022_box"
"min34_40",34,"0.982","8.83",0.0174,"23.99","24.12","24.06","8.13","8.24","8.18","Ch1","(07/25/22 15:41:30)","SMR","5.97","_2022_box"
"min44_50",44,"0.892","8.61",0.00953,"24.11","24.3","24.18","8.13","8.2","8.16","Ch1","(07/25/22 15:51:30)","SMR","5.95999999999999","_2022_box"
"min54_60",54,"0.955","9.24",0.02098,"24.12","24.32","24.21","7.96","8.11","8.04","Ch1","(07/25/22 16:01:30)","SMR","5.97","_2022_box"
"min64_70",64,"0.964","8.97",0.01495,"24.19","24.28","24.22","7.91","8.01","7.97","Ch1","(07/25/22 16:11:31)","SMR","5.97","_2022_box"
"min74_80",74,"0.971","9.03",0.01447,"24.2","24.27","24.23","7.87","7.96","7.91","Ch1","(07/25/22 16:21:31)","SMR","5.97","_2022_box"
"min84_90",84,"0.976","9.21",0.01544,"24.2","24.26","24.23","7.82","7.92","7.87","Ch1","(07/25/22 16:31:30)","SMR","5.97999999999999","_2022_box"
"min94_100",94,"0.97","9.56",0.01741,"23.93","24.15","24.04","7.81","7.93","7.87","Ch1","(07/25/22 16:41:30)","SMR","5.97999999999999","_2022_box"
"min104_110",104,"0.995","10.95",0.0297,"23.8","23.9","23.85","7.68","7.87","7.78","Ch1","(07/25/22 16:51:30)","SMR","5.97","_2022_box"
"min114_120",114,"0.982","9.82",0.01767,"23.83","23.89","23.86","7.69","7.82","7.75","Ch1","(07/25/22 17:01:30)","SMR","5.97","_2022_box"
"min124_130",124,"0.978","9.52",0.01365,"23.89","23.96","23.93","7.73","7.83","7.78","Ch1","(07/25/22 17:11:30)","SMR","5.95999999999999","_2022_box"
"min134_140",134,"0.981","9.61",0.01353,"23.98","24.04","24.01","7.71","7.8","7.76","Ch1","(07/25/22 17:21:30)","SMR","5.95999999999998","_2022_box"
"min144_150",144,"0.98","9.69",0.01332,"24.06","24.11","24.07","7.69","7.78","7.73","Ch1","(07/25/22 17:31:30)","SMR","5.97","_2022_box"
"min154_160",154,"0.99","11.07",0.0216,"24.11","24.2","24.14","7.61","7.75","7.68","Ch1","(07/25/22 17:41:31)","SMR","5.97","_2022_box"
"min164_170",164,"0.985","10.01",0.01469,"24.17","24.22","24.2","7.52","7.61","7.56","Ch1","(07/25/22 17:51:30)","SMR","5.98000000000002","_2022_box"
"min174_180",174,"0.964","9.46",0.01079,"24.14","24.25","24.2","7.51","7.58","7.55","Ch1","(07/25/22 18:01:30)","SMR","5.98000000000002","_2022_box"
"min184_190",184,"0.969","9.63",0.01118,"23.93","24.05","23.99","7.5","7.58","7.54","Ch1","(07/25/22 18:11:30)","SMR","5.98000000000002","_2022_box"
"min194_200",194,"0.979","10.23",0.01345,"23.93","23.97","23.95","7.54","7.63","7.58","Ch1","(07/25/22 18:21:30)","SMR","5.97","_2022_box"
"min204_210",204,"0.822","8.83",0.00625,"23.73","23.99","23.89","7.51","7.56","7.54","Ch1","(07/25/22 18:31:30)","SMR","5.97","_2022_box"
"min214_220",214,"0.977","10.94",0.01581,"23.51","23.58","23.54","7.46","7.56","7.51","Ch1","(07/25/22 18:41:30)","SMR","5.97","_2022_box"
"min224_230",224,"0.985","10.74",0.01451,"23.61","23.7","23.66","7.4","7.49","7.44","Ch1","(07/25/22 18:51:31)","SMR","5.97","_2022_box"
"min234_240",234,"0.985","10.91",0.01475,"23.76","23.84","23.8","7.37","7.46","7.42","Ch1","(07/25/22 19:01:30)","SMR","5.98000000000002","_2022_box"
"min244_250",244,"0.993","13.69",0.02519,"23.89","23.96","23.92","7.38","7.54","7.47","Ch1","(07/25/22 19:11:30)","SMR","5.97","_2022_box"
"min254_260",254,"0.982","11.55",0.01635,"24","24.06","24.03","7.3","7.41","7.35","Ch1","(07/25/22 19:21:30)","SMR","5.96000000000001","_2022_box"
"min264_270",264,"0.981","11.34",0.01495,"24.09","24.14","24.11","7.3","7.4","7.35","Ch1","(07/25/22 19:31:30)","SMR","5.97000000000003","_2022_box"
"min274_280",274,"0.989","14.88",0.02746,"24.16","24.19","24.17","7.19","7.36","7.27","Ch1","(07/25/22 19:41:31)","SMR","5.96000000000004","_2022_box"
"min284_290",284,"0.987","16.13",0.03119,"24.19","24.22","24.2","7.1","7.28","7.18","Ch1","(07/25/22 19:51:30)","SMR","5.96000000000004","_2022_box"
"min294_300",294,"0.98","11.38",0.0134,"24.21","24.26","24.23","7.35","7.44","7.4","Ch1","(07/25/22 20:01:31)","SMR","5.97000000000003","_2022_box"
"min304_310",304,"0.975","11.19",0.01238,"24.22","24.26","24.24","7.35","7.44","7.39","Ch1","(07/25/22 20:11:30)","SMR","5.98000000000002","_2022_box"
"min314_320",314,"0.982","11.64",0.01362,"24.22","24.26","24.24","7.28","7.37","7.32","Ch1","(07/25/22 20:21:30)","SMR","5.97000000000003","_2022_box"
"min324_330",324,"0.981","11.5",0.01291,"24.2","24.24","24.21","7.23","7.32","7.28","Ch1","(07/25/22 20:31:30)","SMR","5.97000000000003","_2022_box"
"min334_340",334,"0.958","10.82",0.01057,"24.02","24.22","24.12","7.23","7.3","7.26","Ch1","(07/25/22 20:41:30)","SMR","5.97000000000003","_2022_box"
"min344_350",344,"0.986","13.18",0.01691,"23.81","23.95","23.87","7.26","7.36","7.31","Ch1","(07/25/22 20:51:31)","SMR","5.97000000000003","_2022_box"
"min354_360",354,"0.979","12.07",0.0133,"23.77","23.82","23.79","7.29","7.37","7.33","Ch1","(07/25/22 21:01:30)","SMR","5.98000000000002","_2022_box"
"min364_370",364,"0.981","12.23",0.0135,"23.75","23.79","23.77","7.23","7.32","7.27","Ch1","(07/25/22 21:11:30)","SMR","5.98000000000002","_2022_box"
"min374_380",374,"0.968","13.12",0.01543,"23.72","23.77","23.75","7.26","7.36","7.3","Ch1","(07/25/22 21:21:30)","SMR","5.97000000000003","_2022_box"
"min384_390",384,"0.966","11.85",0.01171,"23.7","23.75","23.73","7.28","7.36","7.32","Ch1","(07/25/22 21:31:30)","SMR","5.97000000000003","_2022_box"
"min394_400",394,"0.978","12.68",0.01361,"23.68","23.73","23.71","7.24","7.32","7.28","Ch1","(07/25/22 21:41:30)","SMR","5.96000000000004","_2022_box"
"min404_410",404,"0.976","11.8",0.01097,"23.67","23.72","23.69","7.3","7.38","7.34","Ch1","(07/25/22 21:51:30)","SMR","5.97000000000003","_2022_box"
"min414_420",414,"0.982","12.33",0.01194,"23.65","23.68","23.67","7.31","7.39","7.35","Ch1","(07/25/22 22:01:31)","SMR","5.97000000000003","_2022_box"
"min424_430",424,"0.975","12.04",0.01099,"23.61","23.66","23.64","7.31","7.39","7.35","Ch1","(07/25/22 22:11:30)","SMR","5.98000000000002","_2022_box"
"min434_440",434,"0.982","13.3",0.01373,"23.6","23.63","23.61","7.25","7.35","7.3","Ch1","(07/25/22 22:21:30)","SMR","5.98000000000002","_2022_box"
"min444_450",444,"0.98","12.99",0.01264,"23.57","23.6","23.59","7.3","7.38","7.34","Ch1","(07/25/22 22:31:30)","SMR","5.97000000000003","_2022_box"
"min454_460",454,"0.984","13.55",0.01369,"23.55","23.59","23.57","7.25","7.33","7.29","Ch1","(07/25/22 22:41:30)","SMR","5.96000000000004","_2022_box"
"min464_470",464,"0.981","12.69",0.0116,"23.53","23.57","23.55","7.24","7.31","7.28","Ch1","(07/25/22 22:51:30)","SMR","5.97000000000003","_2022_box"
"min474_480",474,"0.988","14.7",0.01563,"23.5","23.55","23.52","7.2","7.3","7.25","Ch1","(07/25/22 23:01:31)","SMR","5.97000000000003","_2022_box"
"min484_490",484,"0.977","12.81",0.01121,"23.45","23.51","23.48","7.31","7.38","7.35","Ch1","(07/25/22 23:11:30)","SMR","5.98000000000002","_2022_box"
"min494_500",494,"0.957","12.45",0.01023,"23.35","23.48","23.43","7.32","7.4","7.36","Ch1","(07/25/22 23:21:30)","SMR","5.98000000000002","_2022_box"
"min504_510",504,"0.943","12.44",0.00998,"23.17","23.3","23.21","7.33","7.4","7.37","Ch1","(07/25/22 23:31:30)","SMR","5.97000000000003","_2022_box"
"min514_520",514,"0.971","12.75",0.0104,"23.11","23.18","23.15","7.34","7.4","7.37","Ch1","(07/25/22 23:41:30)","SMR","5.97000000000003","_2022_box"
"min524_530",524,"0.966","12.43",0.00957,"23.08","23.14","23.12","7.35","7.42","7.38","Ch1","(07/25/22 23:51:30)","SMR","5.96000000000004","_2022_box"
"min534_540",534,"0.976","13.45",0.01136,"23.02","23.11","23.08","7.31","7.39","7.35","Ch1","(07/26/22 00:01:30)","SMR","5.97000000000003","_2022_box"
"min544_550",544,"0.976","14.39",0.01279,"22.99","23.06","23.02","7.36","7.45","7.4","Ch1","(07/26/22 00:11:31)","SMR","5.97000000000003","_2022_box"
"min554_560",554,"0.972","13.87",0.01159,"22.91","23.01","22.97","7.38","7.46","7.42","Ch1","(07/26/22 00:21:30)","SMR","5.98000000000002","_2022_box"
"min564_570",564,"0.978","15.22",0.01384,"22.89","22.95","22.92","7.33","7.41","7.37","Ch1","(07/26/22 00:31:30)","SMR","5.98000000000002","_2022_box"
"min574_580",574,"0.965","12.75",0.00918,"22.83","22.9","22.87","7.42","7.48","7.45","Ch1","(07/26/22 00:41:30)","SMR","5.98000000000002","_2022_box"
"min584_590",584,"0.965","13.04",0.0095,"22.77","22.84","22.81","7.43","7.5","7.47","Ch1","(07/26/22 00:51:30)","SMR","5.97000000000003","_2022_box"
"min594_600",594,"0.951","13.48",0.01009,"22.71","22.78","22.75","7.42","7.49","7.46","Ch1","(07/26/22 01:01:30)","SMR","5.97000000000003","_2022_box"
"min604_610",604,"0.973","14.54",0.0117,"22.65","22.73","22.68","7.4","7.47","7.44","Ch1","(07/26/22 01:11:30)","SMR","5.96000000000004","_2022_box"
"min614_620",614,"0.967","14.61",0.01153,"22.58","22.66","22.62","7.46","7.54","7.49","Ch1","(07/26/22 01:21:30)","SMR","5.97000000000003","_2022_box"
"min624_630",624,"0.958","13.79",0.01009,"22.51","22.59","22.55","7.43","7.5","7.46","Ch1","(07/26/22 01:31:31)","SMR","5.97000000000003","_2022_box"
"min634_640",634,"0.93","12.88",0.0084,"22.39","22.52","22.47","7.5","7.56","7.53","Ch1","(07/26/22 01:41:30)","SMR","5.98000000000002","_2022_box"
"min644_650",644,"0.943","13.42",0.00913,"22.32","22.42","22.37","7.48","7.55","7.51","Ch1","(07/26/22 01:51:30)","SMR","5.98000000000002","_2022_box"
"min654_660",654,"0.95","14.14",0.01005,"22.21","22.32","22.27","7.5","7.57","7.53","Ch1","(07/26/22 02:01:30)","SMR","5.98000000000002","_2022_box"
"min664_670",664,"0.957","13.99",0.00966,"22.14","22.24","22.19","7.51","7.58","7.55","Ch1","(07/26/22 02:11:30)","SMR","5.97000000000003","_2022_box"
"min674_680",674,"0.938","13.84",0.0093,"22.02","22.15","22.1","7.51","7.58","7.55","Ch1","(07/26/22 02:21:30)","SMR","5.97000000000003","_2022_box"
"min684_690",684,"0.932","13.82",0.00903,"21.96","22.08","22.03","7.59","7.65","7.62","Ch1","(07/26/22 02:31:30)","SMR","5.96000000000004","_2022_box"
"min694_700",694,"0.96","14.91",0.01043,"21.9","21.98","21.95","7.6","7.67","7.64","Ch1","(07/26/22 02:41:30)","SMR","5.97000000000003","_2022_box"
"min704_710",704,"0.946","14.74",0.01002,"21.79","21.91","21.87","7.62","7.69","7.65","Ch1","(07/26/22 02:51:31)","SMR","5.97000000000003","_2022_box"
"min714_720",714,"0.92","13.47",0.00815,"21.72","21.83","21.78","7.6","7.66","7.63","Ch1","(07/26/22 03:01:30)","SMR","5.98000000000002","_2022_box"
"min724_730",724,"0.965","16.56",0.01222,"21.62","21.73","21.69","7.63","7.72","7.68","Ch1","(07/26/22 03:11:30)","SMR","5.98000000000002","_2022_box"
"min734_740",734,"0.927","13.55",0.00795,"21.55","21.65","21.6","7.66","7.72","7.69","Ch1","(07/26/22 03:21:30)","SMR","5.98000000000002","_2022_box"
"min744_750",744,"0.941","14.04",0.00851,"21.45","21.55","21.49","7.66","7.72","7.69","Ch1","(07/26/22 03:31:30)","SMR","5.97000000000003","_2022_box"
"min754_760",754,"0.883","12.37",0.0061,"21.34","21.44","21.39","7.73","7.78","7.76","Ch1","(07/26/22 03:41:30)","SMR","5.97000000000003","_2022_box"
"min764_770",764,"0.888","13.64",0.00765,"21.25","21.35","21.29","7.75","7.81","7.77","Ch1","(07/26/22 03:51:30)","SMR","5.96000000000004","_2022_box"
"min774_780",774,"0.93","14.2",0.00825,"21.12","21.26","21.21","7.76","7.82","7.79","Ch1","(07/26/22 04:01:30)","SMR","5.97000000000003","_2022_box"
"min784_790",784,"0.946","15.64",0.01001,"21.06","21.17","21.11","7.73","7.8","7.77","Ch1","(07/26/22 04:11:31)","SMR","5.97000000000003","_2022_box"
"min794_800",794,"0.958","16.44",0.01082,"20.97","21.07","21.03","7.77","7.85","7.81","Ch1","(07/26/22 04:21:31)","SMR","5.97000000000003","_2022_box"
"min804_810",804,"0.945","15.25",0.00923,"20.89","20.98","20.94","7.77","7.83","7.8","Ch1","(07/26/22 04:31:30)","SMR","5.98000000000002","_2022_box"
"min814_820",814,"0.941","16.46",0.01055,"20.76","20.9","20.83","7.8","7.88","7.84","Ch1","(07/26/22 04:41:30)","SMR","5.98000000000002","_2022_box"
"min824_830",824,"0.946","15.47",0.00919,"20.7","20.78","20.75","7.84","7.91","7.87","Ch1","(07/26/22 04:51:30)","SMR","5.97000000000003","_2022_box"
"min834_840",834,"0.957","19.17",0.0135,"20.58","20.7","20.65","7.82","7.91","7.86","Ch1","(07/26/22 05:01:30)","SMR","5.97000000000003","_2022_box"
"min844_850",844,"0.981","21.92",0.01662,"20.51","20.59","20.56","7.79","7.89","7.84","Ch1","(07/26/22 05:11:30)","SMR","5.96000000000004","_2022_box"
"min854_860",854,"0.974","22.4",0.01694,"20.39","20.51","20.47","7.82","7.94","7.89","Ch1","(07/26/22 05:21:30)","SMR","5.96000000000004","_2022_box"
"min864_870",864,"0.992","28.75",0.02411,"20.34","20.42","20.38","7.78","7.92","7.85","Ch1","(07/26/22 05:31:30)","SMR","5.97000000000003","_2022_box"
"min874_880",874,"0.992","29.48",0.02466,"20.24","20.34","20.29","7.78","7.93","7.85","Ch1","(07/26/22 05:41:31)","SMR","5.97000000000003","_2022_box"
"min884_890",884,"0.983","25.77",0.02016,"20.14","20.25","20.21","7.83","7.95","7.88","Ch1","(07/26/22 05:51:30)","SMR","5.98000000000002","_2022_box"
"min894_900",894,"0.981","22.64",0.01641,"20.09","20.18","20.14","7.86","7.98","7.92","Ch1","(07/26/22 06:01:30)","SMR","5.98000000000002","_2022_box"
"min904_910",904,"0.95","18.54",0.01167,"19.98","20.09","20.05","7.92","8","7.96","Ch1","(07/26/22 06:11:30)","SMR","5.97000000000003","_2022_box"
"min914_920",914,"0.93","14.98",0.00759,"19.94","20.01","19.98","7.99","8.06","8.03","Ch1","(07/26/22 06:21:30)","SMR","5.97000000000003","_2022_box"
"min924_930",924,"0.947","16.38",0.00901,"19.87","19.96","19.92","7.99","8.06","8.03","Ch1","(07/26/22 06:31:30)","SMR","5.97000000000003","_2022_box"
"min934_940",934,"0.979","21.71",0.01457,"19.82","19.89","19.86","8.01","8.1","8.06","Ch1","(07/26/22 06:41:30)","SMR","5.96000000000004","_2022_box"
"min944_950",944,"0.936","15.48",0.00779,"19.74","19.84","19.8","8.07","8.13","8.1","Ch1","(07/26/22 06:51:30)","SMR","5.97000000000003","_2022_box"
"min954_960",954,"0.948","15.77",0.00798,"19.69","19.76","19.73","8.1","8.16","8.13","Ch1","(07/26/22 07:01:30)","SMR","5.97000000000003","_2022_box"
"min964_970",964,"0.958","18.02",0.0102,"19.63","19.7","19.67","8.11","8.18","8.15","Ch1","(07/26/22 07:11:31)","SMR","5.97000000000003","_2022_box"
"min974_980",974,"0.937","16.46",0.00848,"19.58","19.64","19.61","8.15","8.21","8.18","Ch1","(07/26/22 07:21:30)","SMR","5.98000000000002","_2022_box"
"min984_990",984,"0.95","16.19",0.0081,"19.52","19.59","19.55","8.17","8.23","8.2","Ch1","(07/26/22 07:31:30)","SMR","5.98000000000002","_2022_box"
"min994_1000",994,"0.975","19.74",0.01156,"19.51","19.54","19.52","8.17","8.25","8.21","Ch1","(07/26/22 07:41:30)","SMR","5.98000000000002","_2022_box"
"min1004_1010",1004,"0.971","19.18",0.01088,"19.52","19.54","19.53","8.19","8.26","8.22","Ch1","(07/26/22 07:51:30)","SMR","5.97000000000003","_2022_box"
"min1014_1020",1014,"0.957","16.85",0.00848,"19.43","19.47","19.45","8.19","8.25","8.23","Ch1","(07/26/22 08:01:30)","SMR","5.97000000000003","_2022_box"
"min1024_1030",1024,"0.969","19.33",0.01084,"19.45","19.47","19.46","8.16","8.24","8.2","Ch1","(07/26/22 08:11:30)","SMR","5.96000000000004","_2022_box"
"min1034_1040",1034,"0.508","14.34",0.00594,"19.09","19.5","19.46","8.16","8.26","8.19","Ch1","(07/26/22 08:21:30)","SMR","5.97000000000003","_2022_box"
"min1044_1050",1044,"0.976","21.21",0.01245,"19.38","19.45","19.41","8.13","8.21","8.17","Ch1","(07/26/22 08:31:30)","SMR","5.97000000000003","_2022_box"
"min4_10",4,"0.97","8.55",0.01662,"23.36","23.5","23.42","8.37","8.5","8.44","Ch2","(07/25/22 15:11:30)","SMR","5.98","_2022_box"
"min14_20",14,"0.994","8.94",0.03863,"23.42","23.62","23.53","8.15","8.4","8.28","Ch2","(07/25/22 15:21:30)","SMR","5.98","_2022_box"
"min24_30",24,"0.989","8.98",0.02703,"23.73","23.9","23.82","8.17","8.33","8.25","Ch2","(07/25/22 15:31:30)","SMR","5.97","_2022_box"
"min34_40",34,"0.988","9.02",0.02061,"23.99","24.12","24.06","8.2","8.33","8.26","Ch2","(07/25/22 15:41:30)","SMR","5.97","_2022_box"
"min44_50",44,"0.984","9.88",0.03611,"24.11","24.3","24.18","8.06","8.28","8.18","Ch2","(07/25/22 15:51:30)","SMR","5.95999999999999","_2022_box"
"min54_60",54,"0.974","9.34",0.02114,"24.12","24.32","24.21","8.07","8.21","8.14","Ch2","(07/25/22 16:01:30)","SMR","5.97","_2022_box"
"min64_70",64,"0.975","9.31",0.01746,"24.19","24.28","24.22","8.09","8.2","8.14","Ch2","(07/25/22 16:11:31)","SMR","5.97","_2022_box"
"min74_80",74,"0.992","10.59",0.03281,"24.2","24.27","24.23","7.97","8.17","8.06","Ch2","(07/25/22 16:21:31)","SMR","5.97","_2022_box"
"min84_90",84,"0.991","10.37",0.02736,"24.2","24.26","24.23","7.9","8.08","7.99","Ch2","(07/25/22 16:31:30)","SMR","5.97999999999999","_2022_box"
"min94_100",94,"0.982","10.05",0.02149,"23.93","24.15","24.04","7.89","8.04","7.97","Ch2","(07/25/22 16:41:30)","SMR","5.97999999999999","_2022_box"
"min104_110",104,"0.969","9.97",0.01915,"23.8","23.9","23.85","7.85","7.98","7.92","Ch2","(07/25/22 16:51:30)","SMR","5.97","_2022_box"
"min114_120",114,"0.986","9.9",0.0172,"23.83","23.89","23.86","7.83","7.94","7.88","Ch2","(07/25/22 17:01:30)","SMR","5.97","_2022_box"
"min124_130",124,"0.987","9.99",0.01668,"23.89","23.96","23.93","7.82","7.92","7.87","Ch2","(07/25/22 17:11:30)","SMR","5.95999999999999","_2022_box"
"min134_140",134,"0.987","10.13",0.01671,"23.98","24.04","24.01","7.79","7.9","7.84","Ch2","(07/25/22 17:21:30)","SMR","5.95999999999998","_2022_box"
"min144_150",144,"0.986","10.47",0.01807,"24.06","24.11","24.07","7.75","7.87","7.82","Ch2","(07/25/22 17:31:30)","SMR","5.97","_2022_box"
"min154_160",154,"0.993","12.13",0.02804,"24.11","24.2","24.14","7.65","7.82","7.73","Ch2","(07/25/22 17:41:31)","SMR","5.97","_2022_box"
"min164_170",164,"0.995","12.19",0.02664,"24.17","24.22","24.2","7.66","7.82","7.74","Ch2","(07/25/22 17:51:30)","SMR","5.98000000000002","_2022_box"
"min174_180",174,"0.976","10.37",0.01486,"24.14","24.25","24.2","7.69","7.79","7.74","Ch2","(07/25/22 18:01:30)","SMR","5.98000000000002","_2022_box"
"min184_190",184,"0.983","10.44",0.01447,"23.93","24.05","23.99","7.69","7.78","7.73","Ch2","(07/25/22 18:11:30)","SMR","5.98000000000002","_2022_box"
"min194_200",194,"0.989","10.72",0.01544,"23.93","23.97","23.95","7.63","7.73","7.68","Ch2","(07/25/22 18:21:30)","SMR","5.97","_2022_box"
"min204_210",204,"0.925","9.62",0.00928,"23.73","23.99","23.89","7.67","7.73","7.7","Ch2","(07/25/22 18:31:30)","SMR","5.97","_2022_box"
"min214_220",214,"0.985","11.22",0.01636,"23.51","23.58","23.54","7.62","7.72","7.67","Ch2","(07/25/22 18:41:30)","SMR","5.97","_2022_box"
"min224_230",224,"0.994","11.78",0.01826,"23.61","23.7","23.66","7.57","7.69","7.63","Ch2","(07/25/22 18:51:31)","SMR","5.97","_2022_box"
"min234_240",234,"0.992","12.02",0.01849,"23.76","23.84","23.8","7.58","7.7","7.64","Ch2","(07/25/22 19:01:30)","SMR","5.98000000000002","_2022_box"
"min244_250",244,"0.989","13.67",0.0246,"23.89","23.96","23.92","7.51","7.66","7.59","Ch2","(07/25/22 19:11:30)","SMR","5.97","_2022_box"
"min254_260",254,"0.991","12.3",0.01825,"24","24.06","24.03","7.55","7.66","7.61","Ch2","(07/25/22 19:21:30)","SMR","5.96000000000001","_2022_box"
"min264_270",264,"0.99","15.73",0.03057,"24.09","24.14","24.11","7.47","7.65","7.57","Ch2","(07/25/22 19:31:30)","SMR","5.97000000000003","_2022_box"
"min274_280",274,"0.996","17.21",0.03506,"24.16","24.19","24.17","7.39","7.6","7.5","Ch2","(07/25/22 19:41:31)","SMR","5.96000000000004","_2022_box"
"min284_290",284,"0.992","17.14",0.03362,"24.19","24.22","24.2","7.4","7.59","7.49","Ch2","(07/25/22 19:51:30)","SMR","5.96000000000004","_2022_box"
"min294_300",294,"0.995","16.78",0.03148,"24.21","24.26","24.23","7.34","7.53","7.43","Ch2","(07/25/22 20:01:31)","SMR","5.97000000000003","_2022_box"
"min304_310",304,"0.991","12.84",0.01751,"24.22","24.26","24.24","7.41","7.52","7.46","Ch2","(07/25/22 20:11:30)","SMR","5.98000000000002","_2022_box"
"min314_320",314,"0.991","12.82",0.01684,"24.22","24.26","24.24","7.43","7.54","7.49","Ch2","(07/25/22 20:21:30)","SMR","5.97000000000003","_2022_box"
"min324_330",324,"0.99","14.74",0.02224,"24.2","24.24","24.21","7.39","7.53","7.47","Ch2","(07/25/22 20:31:30)","SMR","5.97000000000003","_2022_box"
"min334_340",334,"0.983","12.51",0.01499,"24.02","24.22","24.12","7.41","7.51","7.46","Ch2","(07/25/22 20:41:30)","SMR","5.97000000000003","_2022_box"
"min344_350",344,"0.983","12.34",0.01413,"23.81","23.95","23.87","7.4","7.48","7.44","Ch2","(07/25/22 20:51:31)","SMR","5.97000000000003","_2022_box"
"min354_360",354,"0.989","12.86",0.01523,"23.77","23.82","23.79","7.37","7.47","7.42","Ch2","(07/25/22 21:01:30)","SMR","5.98000000000002","_2022_box"
"min364_370",364,"0.989","13.1",0.01544,"23.75","23.79","23.77","7.38","7.49","7.44","Ch2","(07/25/22 21:11:30)","SMR","5.98000000000002","_2022_box"
"min374_380",374,"0.99","13.79",0.01696,"23.72","23.77","23.75","7.35","7.46","7.4","Ch2","(07/25/22 21:21:30)","SMR","5.97000000000003","_2022_box"
"min384_390",384,"0.99","13.5",0.01579,"23.7","23.75","23.73","7.34","7.44","7.39","Ch2","(07/25/22 21:31:30)","SMR","5.97000000000003","_2022_box"
"min394_400",394,"0.987","13.7",0.01582,"23.68","23.73","23.71","7.37","7.47","7.42","Ch2","(07/25/22 21:41:30)","SMR","5.96000000000004","_2022_box"
"min404_410",404,"0.991","13.88",0.01594,"23.67","23.72","23.69","7.35","7.45","7.4","Ch2","(07/25/22 21:51:30)","SMR","5.97000000000003","_2022_box"
"min414_420",414,"0.99","13.84",0.01545,"23.65","23.68","23.67","7.35","7.45","7.4","Ch2","(07/25/22 22:01:31)","SMR","5.97000000000003","_2022_box"
"min424_430",424,"0.988","13.94",0.0153,"23.61","23.66","23.64","7.36","7.45","7.41","Ch2","(07/25/22 22:11:30)","SMR","5.98000000000002","_2022_box"
"min434_440",434,"0.987","14.03",0.01508,"23.6","23.63","23.61","7.39","7.49","7.44","Ch2","(07/25/22 22:21:30)","SMR","5.98000000000002","_2022_box"
"min444_450",444,"0.99","14.58",0.01605,"23.57","23.6","23.59","7.35","7.46","7.4","Ch2","(07/25/22 22:31:30)","SMR","5.97000000000003","_2022_box"
"min454_460",454,"0.991","14.54",0.01556,"23.55","23.59","23.57","7.39","7.48","7.43","Ch2","(07/25/22 22:41:30)","SMR","5.96000000000004","_2022_box"
"min464_470",464,"0.99","14.45",0.01501,"23.53","23.57","23.55","7.39","7.48","7.44","Ch2","(07/25/22 22:51:30)","SMR","5.97000000000003","_2022_box"
"min474_480",474,"0.986","14.87",0.01559,"23.5","23.55","23.52","7.38","7.49","7.44","Ch2","(07/25/22 23:01:31)","SMR","5.97000000000003","_2022_box"
"min484_490",484,"0.989","15.01",0.01561,"23.45","23.51","23.48","7.36","7.46","7.41","Ch2","(07/25/22 23:11:30)","SMR","5.98000000000002","_2022_box"
"min494_500",494,"0.982","14.47",0.0142,"23.35","23.48","23.43","7.37","7.46","7.41","Ch2","(07/25/22 23:21:30)","SMR","5.98000000000002","_2022_box"
"min504_510",504,"0.974","14.06",0.01308,"23.17","23.3","23.21","7.38","7.47","7.43","Ch2","(07/25/22 23:31:30)","SMR","5.97000000000003","_2022_box"
"min514_520",514,"0.986","15.15",0.01494,"23.11","23.18","23.15","7.37","7.47","7.42","Ch2","(07/25/22 23:41:30)","SMR","5.97000000000003","_2022_box"
"min524_530",524,"0.986","15.16",0.01467,"23.08","23.14","23.12","7.38","7.48","7.43","Ch2","(07/25/22 23:51:30)","SMR","5.96000000000004","_2022_box"
"min534_540",534,"0.987","15.36",0.01471,"23.02","23.11","23.08","7.41","7.51","7.46","Ch2","(07/26/22 00:01:30)","SMR","5.97000000000003","_2022_box"
"min544_550",544,"0.981","15.64",0.01498,"22.99","23.06","23.02","7.4","7.5","7.45","Ch2","(07/26/22 00:11:31)","SMR","5.97000000000003","_2022_box"
"min554_560",554,"0.985","15.19",0.01386,"22.91","23.01","22.97","7.42","7.51","7.47","Ch2","(07/26/22 00:21:30)","SMR","5.98000000000002","_2022_box"
"min564_570",564,"0.985","15.46",0.01402,"22.89","22.95","22.92","7.46","7.55","7.51","Ch2","(07/26/22 00:31:30)","SMR","5.98000000000002","_2022_box"
"min574_580",574,"0.987","15.65",0.01414,"22.83","22.9","22.87","7.44","7.54","7.5","Ch2","(07/26/22 00:41:30)","SMR","5.98000000000002","_2022_box"
"min584_590",584,"0.986","15.52",0.01366,"22.77","22.84","22.81","7.46","7.55","7.5","Ch2","(07/26/22 00:51:30)","SMR","5.97000000000003","_2022_box"
"min594_600",594,"0.977","15.36",0.0131,"22.71","22.78","22.75","7.49","7.58","7.54","Ch2","(07/26/22 01:01:30)","SMR","5.97000000000003","_2022_box"
"min604_610",604,"0.982","15.73",0.01347,"22.65","22.73","22.68","7.51","7.59","7.55","Ch2","(07/26/22 01:11:30)","SMR","5.96000000000004","_2022_box"
"min614_620",614,"0.978","15.24",0.01247,"22.58","22.66","22.62","7.51","7.6","7.55","Ch2","(07/26/22 01:21:30)","SMR","5.97000000000003","_2022_box"
"min624_630",624,"0.981","15.61",0.0128,"22.51","22.59","22.55","7.54","7.62","7.59","Ch2","(07/26/22 01:31:31)","SMR","5.97000000000003","_2022_box"
"min634_640",634,"0.971","15.41",0.0123,"22.39","22.52","22.47","7.54","7.62","7.58","Ch2","(07/26/22 01:41:30)","SMR","5.98000000000002","_2022_box"
"min644_650",644,"0.966","15.06",0.0115,"22.32","22.42","22.37","7.58","7.66","7.62","Ch2","(07/26/22 01:51:30)","SMR","5.98000000000002","_2022_box"
"min654_660",654,"0.97","15.4",0.01183,"22.21","22.32","22.27","7.59","7.67","7.63","Ch2","(07/26/22 02:01:30)","SMR","5.98000000000002","_2022_box"
"min664_670",664,"0.978","16.41",0.01314,"22.14","22.24","22.19","7.6","7.69","7.65","Ch2","(07/26/22 02:11:30)","SMR","5.97000000000003","_2022_box"
"min674_680",674,"0.966","16.1",0.01245,"22.02","22.15","22.1","7.62","7.71","7.66","Ch2","(07/26/22 02:21:30)","SMR","5.97000000000003","_2022_box"
"min684_690",684,"0.977","16.41",0.01275,"21.96","22.08","22.03","7.61","7.69","7.65","Ch2","(07/26/22 02:31:30)","SMR","5.96000000000004","_2022_box"
"min694_700",694,"0.978","16.9",0.01324,"21.9","21.98","21.95","7.62","7.71","7.67","Ch2","(07/26/22 02:41:30)","SMR","5.97000000000003","_2022_box"
"min704_710",704,"0.968","16.69",0.01274,"21.79","21.91","21.87","7.64","7.72","7.68","Ch2","(07/26/22 02:51:31)","SMR","5.97000000000003","_2022_box"
"min714_720",714,"0.96","15.5",0.01084,"21.72","21.83","21.78","7.69","7.76","7.72","Ch2","(07/26/22 03:01:30)","SMR","5.98000000000002","_2022_box"
"min724_730",724,"0.967","16.89",0.01262,"21.62","21.73","21.69","7.68","7.76","7.72","Ch2","(07/26/22 03:11:30)","SMR","5.98000000000002","_2022_box"
"min734_740",734,"0.971","16.57",0.01199,"21.55","21.65","21.6","7.69","7.78","7.73","Ch2","(07/26/22 03:21:30)","SMR","5.98000000000002","_2022_box"
"min744_750",744,"0.967","16.1",0.01116,"21.45","21.55","21.49","7.73","7.81","7.77","Ch2","(07/26/22 03:31:30)","SMR","5.97000000000003","_2022_box"
"min754_760",754,"0.966","15.47",0.01016,"21.34","21.44","21.39","7.75","7.81","7.78","Ch2","(07/26/22 03:41:30)","SMR","5.97000000000003","_2022_box"
"min764_770",764,"0.931","15.38",0.00989,"21.25","21.35","21.29","7.76","7.84","7.8","Ch2","(07/26/22 03:51:30)","SMR","5.96000000000004","_2022_box"
"min774_780",774,"0.959","16.05",0.0106,"21.12","21.26","21.21","7.78","7.85","7.81","Ch2","(07/26/22 04:01:30)","SMR","5.97000000000003","_2022_box"
"min784_790",784,"0.959","15.98",0.01034,"21.06","21.17","21.11","7.81","7.88","7.85","Ch2","(07/26/22 04:11:31)","SMR","5.97000000000003","_2022_box"
"min794_800",794,"0.965","16.68",0.01109,"20.97","21.07","21.03","7.81","7.88","7.84","Ch2","(07/26/22 04:21:31)","SMR","5.97000000000003","_2022_box"
"min804_810",804,"0.969","17.32",0.01171,"20.89","20.98","20.94","7.83","7.91","7.87","Ch2","(07/26/22 04:31:30)","SMR","5.98000000000002","_2022_box"
"min814_820",814,"0.962","18.5",0.01303,"20.76","20.9","20.83","7.81","7.91","7.86","Ch2","(07/26/22 04:41:30)","SMR","5.98000000000002","_2022_box"
"min824_830",824,"0.964","16.61",0.01056,"20.7","20.78","20.75","7.85","7.92","7.88","Ch2","(07/26/22 04:51:30)","SMR","5.97000000000003","_2022_box"
"min834_840",834,"0.934","17.22",0.01113,"20.58","20.7","20.65","7.86","7.94","7.9","Ch2","(07/26/22 05:01:30)","SMR","5.97000000000003","_2022_box"
"min844_850",844,"0.987","31.78",0.02826,"20.51","20.59","20.56","7.75","7.93","7.85","Ch2","(07/26/22 05:11:30)","SMR","5.96000000000004","_2022_box"
"min854_860",854,"0.952","21.08",0.0154,"20.39","20.51","20.47","7.83","7.93","7.89","Ch2","(07/26/22 05:21:30)","SMR","5.96000000000004","_2022_box"
"min864_870",864,"0.985","31.45",0.02721,"20.34","20.42","20.38","7.77","7.94","7.86","Ch2","(07/26/22 05:31:30)","SMR","5.97000000000003","_2022_box"
"min874_880",874,"0.994","39.59",0.03621,"20.24","20.34","20.29","7.72","7.93","7.83","Ch2","(07/26/22 05:41:31)","SMR","5.97000000000003","_2022_box"
"min884_890",884,"0.984","32.5",0.02778,"20.14","20.25","20.21","7.77","7.94","7.87","Ch2","(07/26/22 05:51:30)","SMR","5.98000000000002","_2022_box"
"min894_900",894,"0.99","31.88",0.02673,"20.09","20.18","20.14","7.83","7.99","7.91","Ch2","(07/26/22 06:01:30)","SMR","5.98000000000002","_2022_box"
"min904_910",904,"0.961","28.22",0.02232,"19.98","20.09","20.05","7.89","8.04","7.98","Ch2","(07/26/22 06:11:30)","SMR","5.97000000000003","_2022_box"
"min914_920",914,"0.97","18.59",0.01156,"19.94","20.01","19.98","7.95","8.04","8","Ch2","(07/26/22 06:21:30)","SMR","5.97000000000003","_2022_box"
"min924_930",924,"0.972","18.17",0.0109,"19.87","19.96","19.92","8.03","8.1","8.07","Ch2","(07/26/22 06:31:30)","SMR","5.97000000000003","_2022_box"
"min934_940",934,"0.971","18.6",0.01124,"19.82","19.89","19.86","8.03","8.11","8.07","Ch2","(07/26/22 06:41:30)","SMR","5.96000000000004","_2022_box"
"min944_950",944,"0.961","21.08",0.01371,"19.74","19.84","19.8","8.04","8.14","8.1","Ch2","(07/26/22 06:51:30)","SMR","5.97000000000003","_2022_box"
"min954_960",954,"0.991","32.16",0.02518,"19.69","19.76","19.73","7.99","8.14","8.06","Ch2","(07/26/22 07:01:30)","SMR","5.97000000000003","_2022_box"
"min964_970",964,"0.973","18.04",0.01025,"19.63","19.7","19.67","8.1","8.16","8.13","Ch2","(07/26/22 07:11:31)","SMR","5.97000000000003","_2022_box"
"min974_980",974,"0.964","29.53",0.02189,"19.58","19.64","19.61","8.07","8.2","8.15","Ch2","(07/26/22 07:21:30)","SMR","5.98000000000002","_2022_box"
"min984_990",984,"0.977","19.52",0.01151,"19.52","19.59","19.55","8.12","8.2","8.16","Ch2","(07/26/22 07:31:30)","SMR","5.98000000000002","_2022_box"
"min994_1000",994,"0.982","20.37",0.0122,"19.51","19.54","19.52","8.17","8.24","8.21","Ch2","(07/26/22 07:41:30)","SMR","5.98000000000002","_2022_box"
"min1004_1010",1004,"0.98","20.05",0.01175,"19.52","19.54","19.53","8.18","8.26","8.22","Ch2","(07/26/22 07:51:30)","SMR","5.97000000000003","_2022_box"
"min1014_1020",1014,"0.972","20.18",0.01173,"19.43","19.47","19.45","8.2","8.29","8.25","Ch2","(07/26/22 08:01:30)","SMR","5.97000000000003","_2022_box"
"min1024_1030",1024,"0.979","27.69",0.01897,"19.45","19.47","19.46","8.14","8.27","8.21","Ch2","(07/26/22 08:11:30)","SMR","5.96000000000004","_2022_box"
"min1034_1040",1034,"0.706","17.73",0.00922,"19.09","19.5","19.46","8.14","8.24","8.17","Ch2","(07/26/22 08:21:30)","SMR","5.97000000000003","_2022_box"
"min1044_1050",1044,"0.987","24.15",0.01529,"19.38","19.45","19.41","8.09","8.19","8.14","Ch2","(07/26/22 08:31:30)","SMR","5.97000000000003","_2022_box"
"min4_10",4,"0.958","8.62",0.01483,"23.36","23.5","23.42","8.46","8.57","8.51","Ch3","(07/25/22 15:11:30)","SMR","5.98","_2022_box"
"min14_20",14,"0.99","8.84",0.02372,"23.42","23.62","23.53","8.37","8.52","8.44","Ch3","(07/25/22 15:21:30)","SMR","5.98","_2022_box"
"min24_30",24,"0.987","8.98",0.0219,"23.73","23.9","23.82","8.33","8.46","8.39","Ch3","(07/25/22 15:31:30)","SMR","5.97","_2022_box"
"min34_40",34,"0.987","9.33",0.02669,"23.99","24.12","24.06","8.26","8.42","8.34","Ch3","(07/25/22 15:41:30)","SMR","5.97","_2022_box"
"min44_50",44,"0.946","8.94",0.01356,"24.11","24.3","24.18","8.26","8.35","8.31","Ch3","(07/25/22 15:51:30)","SMR","5.95999999999999","_2022_box"
"min54_60",54,"0.963","9.36",0.01988,"24.12","24.32","24.21","8.17","8.3","8.23","Ch3","(07/25/22 16:01:30)","SMR","5.97","_2022_box"
"min64_70",64,"0.954","9.8",0.02397,"24.19","24.28","24.22","8.1","8.25","8.19","Ch3","(07/25/22 16:11:31)","SMR","5.97","_2022_box"
"min74_80",74,"0.969","10.43",0.02975,"24.2","24.27","24.23","8.03","8.22","8.14","Ch3","(07/25/22 16:21:31)","SMR","5.97","_2022_box"
"min84_90",84,"0.99","10.46",0.02762,"24.2","24.26","24.23","7.98","8.15","8.06","Ch3","(07/25/22 16:31:30)","SMR","5.97999999999999","_2022_box"
"min94_100",94,"0.971","9.74",0.01703,"23.93","24.15","24.04","8.02","8.14","8.08","Ch3","(07/25/22 16:41:30)","SMR","5.97999999999999","_2022_box"
"min104_110",104,"0.978","9.85",0.01689,"23.8","23.9","23.85","7.98","8.09","8.04","Ch3","(07/25/22 16:51:30)","SMR","5.97","_2022_box"
"min114_120",114,"0.983","10.24",0.01908,"23.83","23.89","23.86","7.95","8.07","8.01","Ch3","(07/25/22 17:01:30)","SMR","5.97","_2022_box"
"min124_130",124,"0.987","10.73",0.02166,"23.89","23.96","23.93","7.9","8.05","7.98","Ch3","(07/25/22 17:11:30)","SMR","5.95999999999999","_2022_box"
"min134_140",134,"0.988","10.53",0.01882,"23.98","24.04","24.01","7.89","8.01","7.95","Ch3","(07/25/22 17:21:30)","SMR","5.95999999999998","_2022_box"
"min144_150",144,"0.988","10.58",0.01796,"24.06","24.11","24.07","7.88","7.99","7.94","Ch3","(07/25/22 17:31:30)","SMR","5.97","_2022_box"
"min154_160",154,"0.988","10.92",0.0192,"24.11","24.2","24.14","7.85","7.97","7.91","Ch3","(07/25/22 17:41:31)","SMR","5.97","_2022_box"
"min164_170",164,"0.991","10.96",0.01847,"24.17","24.22","24.2","7.82","7.93","7.88","Ch3","(07/25/22 17:51:30)","SMR","5.98000000000002","_2022_box"
"min174_180",174,"0.981","10.55",0.01522,"24.14","24.25","24.2","7.81","7.91","7.85","Ch3","(07/25/22 18:01:30)","SMR","5.98000000000002","_2022_box"
"min184_190",184,"0.979","10.81",0.01599,"23.93","24.05","23.99","7.76","7.87","7.82","Ch3","(07/25/22 18:11:30)","SMR","5.98000000000002","_2022_box"
"min194_200",194,"0.988","11.2",0.01732,"23.93","23.97","23.95","7.73","7.85","7.79","Ch3","(07/25/22 18:21:30)","SMR","5.97","_2022_box"
"min204_210",204,"0.947","10.18",0.01149,"23.73","23.99","23.89","7.76","7.84","7.8","Ch3","(07/25/22 18:31:30)","SMR","5.97","_2022_box"
"min214_220",214,"0.982","11.07",0.01525,"23.51","23.58","23.54","7.7","7.81","7.76","Ch3","(07/25/22 18:41:30)","SMR","5.97","_2022_box"
"min224_230",224,"0.991","11.83",0.01801,"23.61","23.7","23.66","7.68","7.8","7.74","Ch3","(07/25/22 18:51:31)","SMR","5.97","_2022_box"
"min234_240",234,"0.991","12.68",0.02088,"23.76","23.84","23.8","7.66","7.8","7.73","Ch3","(07/25/22 19:01:30)","SMR","5.98000000000002","_2022_box"
"min244_250",244,"0.984","16.89",0.03733,"23.89","23.96","23.92","7.55","7.76","7.67","Ch3","(07/25/22 19:11:30)","SMR","5.97","_2022_box"
"min254_260",254,"0.993","13.02",0.02072,"24","24.06","24.03","7.63","7.76","7.69","Ch3","(07/25/22 19:21:30)","SMR","5.96000000000001","_2022_box"
"min264_270",264,"0.988","13.57",0.02204,"24.09","24.14","24.11","7.61","7.75","7.68","Ch3","(07/25/22 19:31:30)","SMR","5.97000000000003","_2022_box"
"min274_280",274,"0.985","15.61",0.02876,"24.16","24.19","24.17","7.55","7.73","7.65","Ch3","(07/25/22 19:41:31)","SMR","5.96000000000004","_2022_box"
"min284_290",284,"0.991","13.12",0.01908,"24.19","24.22","24.2","7.58","7.7","7.64","Ch3","(07/25/22 19:51:30)","SMR","5.96000000000004","_2022_box"
"min294_300",294,"0.986","12.89",0.01776,"24.21","24.26","24.23","7.56","7.67","7.62","Ch3","(07/25/22 20:01:31)","SMR","5.97000000000003","_2022_box"
"min304_310",304,"0.98","12.69",0.0166,"24.22","24.26","24.24","7.54","7.64","7.6","Ch3","(07/25/22 20:11:30)","SMR","5.98000000000002","_2022_box"
"min314_320",314,"0.991","13.52",0.01872,"24.22","24.26","24.24","7.52","7.64","7.58","Ch3","(07/25/22 20:21:30)","SMR","5.97000000000003","_2022_box"
"min324_330",324,"0.991","13.25",0.01737,"24.2","24.24","24.21","7.51","7.63","7.57","Ch3","(07/25/22 20:31:30)","SMR","5.97000000000003","_2022_box"
"min334_340",334,"0.971","12.25",0.01387,"24.02","24.22","24.12","7.52","7.62","7.57","Ch3","(07/25/22 20:41:30)","SMR","5.97000000000003","_2022_box"
"min344_350",344,"0.973","12.35",0.01388,"23.81","23.95","23.87","7.48","7.58","7.53","Ch3","(07/25/22 20:51:31)","SMR","5.97000000000003","_2022_box"
"min354_360",354,"0.988","13.1",0.01563,"23.77","23.82","23.79","7.47","7.58","7.52","Ch3","(07/25/22 21:01:30)","SMR","5.98000000000002","_2022_box"
"min364_370",364,"0.988","13.15",0.01531,"23.75","23.79","23.77","7.48","7.58","7.53","Ch3","(07/25/22 21:11:30)","SMR","5.98000000000002","_2022_box"
"min374_380",374,"0.986","13.34",0.01541,"23.72","23.77","23.75","7.48","7.58","7.53","Ch3","(07/25/22 21:21:30)","SMR","5.97000000000003","_2022_box"
"min384_390",384,"0.989","13.55",0.01554,"23.7","23.75","23.73","7.48","7.58","7.53","Ch3","(07/25/22 21:31:30)","SMR","5.97000000000003","_2022_box"
"min394_400",394,"0.99","14.33",0.01712,"23.68","23.73","23.71","7.47","7.58","7.53","Ch3","(07/25/22 21:41:30)","SMR","5.96000000000004","_2022_box"
"min404_410",404,"0.989","14.14",0.01623,"23.67","23.72","23.69","7.48","7.58","7.53","Ch3","(07/25/22 21:51:30)","SMR","5.97000000000003","_2022_box"
"min414_420",414,"0.992","14.52",0.01674,"23.65","23.68","23.67","7.48","7.59","7.53","Ch3","(07/25/22 22:01:31)","SMR","5.97000000000003","_2022_box"
"min424_430",424,"0.991","14.34",0.01593,"23.61","23.66","23.64","7.49","7.59","7.54","Ch3","(07/25/22 22:11:30)","SMR","5.98000000000002","_2022_box"
"min434_440",434,"0.99","14.27",0.01539,"23.6","23.63","23.61","7.5","7.59","7.55","Ch3","(07/25/22 22:21:30)","SMR","5.98000000000002","_2022_box"
"min444_450",444,"0.988","14.43",0.01541,"23.57","23.6","23.59","7.49","7.59","7.54","Ch3","(07/25/22 22:31:30)","SMR","5.97000000000003","_2022_box"
"min454_460",454,"0.99","14.86",0.01601,"23.55","23.59","23.57","7.5","7.59","7.55","Ch3","(07/25/22 22:41:30)","SMR","5.96000000000004","_2022_box"
"min464_470",464,"0.989","15.16",0.0163,"23.53","23.57","23.55","7.49","7.6","7.55","Ch3","(07/25/22 22:51:30)","SMR","5.97000000000003","_2022_box"
"min474_480",474,"0.989","15.02",0.01567,"23.5","23.55","23.52","7.5","7.6","7.55","Ch3","(07/25/22 23:01:31)","SMR","5.97000000000003","_2022_box"
"min484_490",484,"0.99","15.61",0.01655,"23.45","23.51","23.48","7.49","7.6","7.55","Ch3","(07/25/22 23:11:30)","SMR","5.98000000000002","_2022_box"
"min494_500",494,"0.984","14.71",0.01439,"23.35","23.48","23.43","7.51","7.6","7.56","Ch3","(07/25/22 23:21:30)","SMR","5.98000000000002","_2022_box"
"min504_510",504,"0.978","14.83",0.01434,"23.17","23.3","23.21","7.52","7.61","7.56","Ch3","(07/25/22 23:31:30)","SMR","5.97000000000003","_2022_box"
"min514_520",514,"0.985","15.46",0.01526,"23.11","23.18","23.15","7.52","7.62","7.57","Ch3","(07/25/22 23:41:30)","SMR","5.97000000000003","_2022_box"
"min524_530",524,"0.987","15.16",0.01436,"23.08","23.14","23.12","7.55","7.64","7.59","Ch3","(07/25/22 23:51:30)","SMR","5.96000000000004","_2022_box"
"min534_540",534,"0.982","15.34",0.01438,"23.02","23.11","23.08","7.56","7.65","7.61","Ch3","(07/26/22 00:01:30)","SMR","5.97000000000003","_2022_box"
"min544_550",544,"0.985","15.48",0.01436,"22.99","23.06","23.02","7.58","7.67","7.62","Ch3","(07/26/22 00:11:31)","SMR","5.97000000000003","_2022_box"
"min554_560",554,"0.985","15.79",0.01463,"22.91","23.01","22.97","7.59","7.68","7.64","Ch3","(07/26/22 00:21:30)","SMR","5.98000000000002","_2022_box"
"min564_570",564,"0.984","16.04",0.0148,"22.89","22.95","22.92","7.6","7.7","7.65","Ch3","(07/26/22 00:31:30)","SMR","5.98000000000002","_2022_box"
"min574_580",574,"0.986","16.01",0.01447,"22.83","22.9","22.87","7.61","7.7","7.66","Ch3","(07/26/22 00:41:30)","SMR","5.98000000000002","_2022_box"
"min584_590",584,"0.986","15.96",0.01412,"22.77","22.84","22.81","7.63","7.72","7.67","Ch3","(07/26/22 00:51:30)","SMR","5.97000000000003","_2022_box"
"min594_600",594,"0.978","15.67",0.01337,"22.71","22.78","22.75","7.64","7.73","7.69","Ch3","(07/26/22 01:01:30)","SMR","5.97000000000003","_2022_box"
"min604_610",604,"0.98","16.25",0.01409,"22.65","22.73","22.68","7.66","7.74","7.7","Ch3","(07/26/22 01:11:30)","SMR","5.96000000000004","_2022_box"
"min614_620",614,"0.977","15.79",0.01309,"22.58","22.66","22.62","7.67","7.77","7.72","Ch3","(07/26/22 01:21:30)","SMR","5.97000000000003","_2022_box"
"min624_630",624,"0.981","16.03",0.01322,"22.51","22.59","22.55","7.69","7.78","7.74","Ch3","(07/26/22 01:31:31)","SMR","5.97000000000003","_2022_box"
"min634_640",634,"0.969","16.03",0.01299,"22.39","22.52","22.47","7.71","7.8","7.75","Ch3","(07/26/22 01:41:30)","SMR","5.98000000000002","_2022_box"
"min644_650",644,"0.974","16.67",0.01377,"22.32","22.42","22.37","7.72","7.81","7.76","Ch3","(07/26/22 01:51:30)","SMR","5.98000000000002","_2022_box"
"min654_660",654,"0.956","15.39",0.01158,"22.21","22.32","22.27","7.74","7.81","7.78","Ch3","(07/26/22 02:01:30)","SMR","5.98000000000002","_2022_box"
"min664_670",664,"0.959","14.65",0.01026,"22.14","22.24","22.19","7.77","7.84","7.81","Ch3","(07/26/22 02:11:30)","SMR","5.97000000000003","_2022_box"
"min674_680",674,"0.953","15.55",0.01142,"22.02","22.15","22.1","7.78","7.86","7.82","Ch3","(07/26/22 02:21:30)","SMR","5.97000000000003","_2022_box"
"min684_690",684,"0.959","16.13",0.01207,"21.96","22.08","22.03","7.79","7.87","7.84","Ch3","(07/26/22 02:31:30)","SMR","5.96000000000004","_2022_box"
"min694_700",694,"0.978","16.57",0.01251,"21.9","21.98","21.95","7.81","7.89","7.85","Ch3","(07/26/22 02:41:30)","SMR","5.97000000000003","_2022_box"
"min704_710",704,"0.962","16.36",0.01201,"21.79","21.91","21.87","7.83","7.91","7.87","Ch3","(07/26/22 02:51:31)","SMR","5.97000000000003","_2022_box"
"min714_720",714,"0.96","15.93",0.01121,"21.72","21.83","21.78","7.85","7.93","7.89","Ch3","(07/26/22 03:01:30)","SMR","5.98000000000002","_2022_box"
"min724_730",724,"0.962","16.24",0.01146,"21.62","21.73","21.69","7.87","7.95","7.91","Ch3","(07/26/22 03:11:30)","SMR","5.98000000000002","_2022_box"
"min734_740",734,"0.976","16.57",0.01174,"21.55","21.65","21.6","7.87","7.95","7.92","Ch3","(07/26/22 03:21:30)","SMR","5.98000000000002","_2022_box"
"min744_750",744,"0.971","17.14",0.01231,"21.45","21.55","21.49","7.91","7.98","7.94","Ch3","(07/26/22 03:31:30)","SMR","5.97000000000003","_2022_box"
"min754_760",754,"0.973","16.54",0.01133,"21.34","21.44","21.39","7.93","8.01","7.96","Ch3","(07/26/22 03:41:30)","SMR","5.97000000000003","_2022_box"
"min764_770",764,"0.946","16.49",0.0111,"21.25","21.35","21.29","7.94","8.01","7.98","Ch3","(07/26/22 03:51:30)","SMR","5.96000000000004","_2022_box"
"min774_780",774,"0.966","16.68",0.01117,"21.12","21.26","21.21","7.96","8.04","8","Ch3","(07/26/22 04:01:30)","SMR","5.97000000000003","_2022_box"
"min784_790",784,"0.965","16.48",0.01075,"21.06","21.17","21.11","7.99","8.06","8.02","Ch3","(07/26/22 04:11:31)","SMR","5.97000000000003","_2022_box"
"min794_800",794,"0.971","17.89",0.01237,"20.97","21.07","21.03","7.99","8.07","8.03","Ch3","(07/26/22 04:21:31)","SMR","5.97000000000003","_2022_box"
"min804_810",804,"0.966","17.08",0.01118,"20.89","20.98","20.94","8.02","8.09","8.05","Ch3","(07/26/22 04:31:30)","SMR","5.98000000000002","_2022_box"
"min814_820",814,"0.964","18.43",0.0127,"20.76","20.9","20.83","8.01","8.11","8.06","Ch3","(07/26/22 04:41:30)","SMR","5.98000000000002","_2022_box"
"min824_830",824,"0.969","17.96",0.01194,"20.7","20.78","20.75","8.04","8.13","8.08","Ch3","(07/26/22 04:51:30)","SMR","5.97000000000003","_2022_box"
"min834_840",834,"0.965","22.79",0.01758,"20.58","20.7","20.65","8.02","8.14","8.08","Ch3","(07/26/22 05:01:30)","SMR","5.97000000000003","_2022_box"
"min844_850",844,"0.981","21.36",0.01566,"20.51","20.59","20.56","8.05","8.15","8.1","Ch3","(07/26/22 05:11:30)","SMR","5.96000000000004","_2022_box"
"min854_860",854,"0.984","30.15",0.02573,"20.39","20.51","20.47","8.02","8.18","8.11","Ch3","(07/26/22 05:21:30)","SMR","5.96000000000004","_2022_box"
"min864_870",864,"0.994","35.67",0.03184,"20.34","20.42","20.38","7.95","8.16","8.06","Ch3","(07/26/22 05:31:30)","SMR","5.97000000000003","_2022_box"
"min874_880",874,"0.988","32.34",0.02763,"20.24","20.34","20.29","8.01","8.18","8.11","Ch3","(07/26/22 05:41:31)","SMR","5.97000000000003","_2022_box"
"min884_890",884,"0.988","40.18",0.03616,"20.14","20.25","20.21","7.98","8.2","8.1","Ch3","(07/26/22 05:51:30)","SMR","5.98000000000002","_2022_box"
"min894_900",894,"0.993","34.21",0.02907,"20.09","20.18","20.14","8.04","8.22","8.14","Ch3","(07/26/22 06:01:30)","SMR","5.98000000000002","_2022_box"
"min904_910",904,"0.985","25.34",0.01893,"19.98","20.09","20.05","8.1","8.23","8.17","Ch3","(07/26/22 06:11:30)","SMR","5.97000000000003","_2022_box"
"min914_920",914,"0.995","38.15",0.0327,"19.94","20.01","19.98","8.05","8.26","8.16","Ch3","(07/26/22 06:21:30)","SMR","5.97000000000003","_2022_box"
"min924_930",924,"0.981","44.03",0.03868,"19.87","19.96","19.92","8.04","8.27","8.18","Ch3","(07/26/22 06:31:30)","SMR","5.97000000000003","_2022_box"
"min934_940",934,"0.985","25.02",0.01792,"19.82","19.89","19.86","8.17","8.29","8.23","Ch3","(07/26/22 06:41:30)","SMR","5.96000000000004","_2022_box"
"min944_950",944,"0.972","21.99",0.01447,"19.74","19.84","19.8","8.24","8.33","8.29","Ch3","(07/26/22 06:51:30)","SMR","5.97000000000003","_2022_box"
"min954_960",954,"0.973","33.51",0.02637,"19.69","19.76","19.73","8.19","8.35","8.28","Ch3","(07/26/22 07:01:30)","SMR","5.97000000000003","_2022_box"
"min964_970",964,"0.977","20.05",0.01211,"19.63","19.7","19.67","8.29","8.38","8.34","Ch3","(07/26/22 07:11:31)","SMR","5.97000000000003","_2022_box"
"min974_980",974,"0.964","20.01",0.01191,"19.58","19.64","19.61","8.33","8.41","8.37","Ch3","(07/26/22 07:21:30)","SMR","5.98000000000002","_2022_box"
"min984_990",984,"0.968","18.93",0.01069,"19.52","19.59","19.55","8.34","8.41","8.38","Ch3","(07/26/22 07:31:30)","SMR","5.98000000000002","_2022_box"
"min994_1000",994,"0.979","19.77",0.0114,"19.51","19.54","19.52","8.37","8.44","8.41","Ch3","(07/26/22 07:41:30)","SMR","5.98000000000002","_2022_box"
"min1004_1010",1004,"0.981","20.89",0.01238,"19.52","19.54","19.53","8.38","8.46","8.42","Ch3","(07/26/22 07:51:30)","SMR","5.97000000000003","_2022_box"
"min1014_1020",1014,"0.959","20.02",0.0114,"19.43","19.47","19.45","8.39","8.47","8.44","Ch3","(07/26/22 08:01:30)","SMR","5.97000000000003","_2022_box"
"min1024_1030",1024,"0.99","30.22",0.02129,"19.45","19.47","19.46","8.29","8.43","8.36","Ch3","(07/26/22 08:11:30)","SMR","5.96000000000004","_2022_box"
"min1034_1040",1034,"0.805","25.07",0.01618,"19.09","19.5","19.46","8.25","8.36","8.29","Ch3","(07/26/22 08:21:30)","SMR","5.97000000000003","_2022_box"
"min1044_1050",1044,"0.985","25.63",0.01646,"19.38","19.45","19.41","8.34","8.45","8.4","Ch3","(07/26/22 08:31:30)","SMR","5.97000000000003","_2022_box"
"min4_10",4,"0.003","8.34",0.00015,"23.36","23.5","23.42","8.32","8.35","8.33","Ch4","(07/25/22 15:11:30)","SMR","5.98","_2022_box"
"min14_20",14,"0.923","8.44",0.01019,"23.42","23.62","23.53","8.24","8.32","8.27","Ch4","(07/25/22 15:21:30)","SMR","5.98","_2022_box"
"min24_30",24,"0.892","8.41",0.00802,"23.73","23.9","23.82","8.17","8.23","8.2","Ch4","(07/25/22 15:31:30)","SMR","5.97","_2022_box"
"min34_40",34,"0.718","8.3",0.00441,"23.99","24.12","24.06","8.12","8.16","8.13","Ch4","(07/25/22 15:41:30)","SMR","5.97","_2022_box"
"min44_50",44,"0.2","8.17",0.00155,"24.11","24.3","24.18","8.08","8.11","8.09","Ch4","(07/25/22 15:51:30)","SMR","5.95999999999999","_2022_box"
"min54_60",54,"0.847","8.51",0.00852,"24.12","24.32","24.21","7.99","8.07","8.02","Ch4","(07/25/22 16:01:30)","SMR","5.97","_2022_box"
"min64_70",64,"0.596","8.21",0.00313,"24.19","24.28","24.22","7.98","8.02","8","Ch4","(07/25/22 16:11:31)","SMR","5.97","_2022_box"
"min74_80",74,"0.743","8.38",0.00539,"24.2","24.27","24.23","7.95","7.99","7.96","Ch4","(07/25/22 16:21:31)","SMR","5.97","_2022_box"
"min84_90",84,"0.855","8.42",0.00563,"24.2","24.26","24.23","7.91","7.95","7.93","Ch4","(07/25/22 16:31:30)","SMR","5.97999999999999","_2022_box"
"min94_100",94,"0.087","8.01",9e-04,"23.93","24.15","24.04","7.9","7.94","7.92","Ch4","(07/25/22 16:41:30)","SMR","5.97999999999999","_2022_box"
"min104_110",104,"0.72","8.62",0.00735,"23.8","23.9","23.85","7.81","7.88","7.83","Ch4","(07/25/22 16:51:30)","SMR","5.97","_2022_box"
"min114_120",114,"0.818","8.37",0.00478,"23.83","23.89","23.86","7.79","7.83","7.81","Ch4","(07/25/22 17:01:30)","SMR","5.97","_2022_box"
"min124_130",124,"0.205","7.92",0.00108,"23.89","23.96","23.93","7.77","7.79","7.78","Ch4","(07/25/22 17:11:30)","SMR","5.95999999999999","_2022_box"
"min134_140",134,"0.701","8.22",0.0033,"23.98","24.04","24.01","7.75","7.78","7.76","Ch4","(07/25/22 17:21:30)","SMR","5.95999999999998","_2022_box"
"min144_150",144,"0.842","8.42",0.00467,"24.06","24.11","24.07","7.72","7.75","7.74","Ch4","(07/25/22 17:31:30)","SMR","5.97","_2022_box"
"min154_160",154,"0.859","8.53",0.00521,"24.11","24.2","24.14","7.69","7.73","7.71","Ch4","(07/25/22 17:41:31)","SMR","5.97","_2022_box"
"min164_170",164,"0.921","8.8",0.0067,"24.17","24.22","24.2","7.65","7.7","7.68","Ch4","(07/25/22 17:51:30)","SMR","5.98000000000002","_2022_box"
"min174_180",174,"0.559","8.13",0.0028,"24.14","24.25","24.2","7.62","7.65","7.63","Ch4","(07/25/22 18:01:30)","SMR","5.98000000000002","_2022_box"
"min184_190",184,"0.722","8.67",0.0058,"23.93","24.05","23.99","7.57","7.62","7.59","Ch4","(07/25/22 18:11:30)","SMR","5.98000000000002","_2022_box"
"min194_200",194,"0.712","8.34",0.00401,"23.93","23.97","23.95","7.53","7.57","7.55","Ch4","(07/25/22 18:21:30)","SMR","5.97","_2022_box"
"min204_210",204,"0.167","7.28",0.0013,"23.73","23.99","23.89","7.53","7.56","7.55","Ch4","(07/25/22 18:31:30)","SMR","5.97","_2022_box"
"min214_220",214,"0.129","7.73",0.00092,"23.51","23.58","23.54","7.51","7.54","7.53","Ch4","(07/25/22 18:41:30)","SMR","5.97","_2022_box"
"min224_230",224,"0.445","8.67",0.00554,"23.61","23.7","23.66","7.39","7.46","7.41","Ch4","(07/25/22 18:51:31)","SMR","5.97","_2022_box"
"min234_240",234,"0.279","7.16",0.0012,"23.76","23.84","23.8","7.44","7.46","7.45","Ch4","(07/25/22 19:01:30)","SMR","5.98000000000002","_2022_box"
"min244_250",244,"0.791","8.5",0.00416,"23.89","23.96","23.92","7.45","7.49","7.47","Ch4","(07/25/22 19:11:30)","SMR","5.97","_2022_box"
"min254_260",254,"0.875","8.87",0.00547,"24","24.06","24.03","7.44","7.48","7.47","Ch4","(07/25/22 19:21:30)","SMR","5.96000000000001","_2022_box"
"min264_270",264,"0.82","8.62",0.00435,"24.09","24.14","24.11","7.44","7.48","7.46","Ch4","(07/25/22 19:31:30)","SMR","5.97000000000003","_2022_box"
"min274_280",274,"0.853","8.77",0.00476,"24.16","24.19","24.17","7.44","7.48","7.46","Ch4","(07/25/22 19:41:31)","SMR","5.96000000000004","_2022_box"
"min284_290",284,"0.938","9.9",0.00863,"24.19","24.22","24.2","7.39","7.45","7.42","Ch4","(07/25/22 19:51:30)","SMR","5.96000000000004","_2022_box"
"min294_300",294,"0.862","9.09",0.0057,"24.21","24.26","24.23","7.37","7.42","7.4","Ch4","(07/25/22 20:01:31)","SMR","5.97000000000003","_2022_box"
"min304_310",304,"0.925","9.24",0.00613,"24.22","24.26","24.24","7.33","7.38","7.36","Ch4","(07/25/22 20:11:30)","SMR","5.98000000000002","_2022_box"
"min314_320",314,"0.936","9.74",0.00765,"24.22","24.26","24.24","7.29","7.34","7.32","Ch4","(07/25/22 20:21:30)","SMR","5.97000000000003","_2022_box"
"min324_330",324,"0.016","7.41",3e-04,"24.2","24.24","24.21","7.3","7.32","7.31","Ch4","(07/25/22 20:31:30)","SMR","5.97000000000003","_2022_box"
"min334_340",334,"0.915","9.98",0.00799,"24.02","24.22","24.12","7.26","7.32","7.29","Ch4","(07/25/22 20:41:30)","SMR","5.97000000000003","_2022_box"
"min344_350",344,"0.315","7.8",0.0016,"23.81","23.95","23.87","7.23","7.26","7.25","Ch4","(07/25/22 20:51:31)","SMR","5.97000000000003","_2022_box"
"min354_360",354,"0.636","8.07",0.00231,"23.77","23.82","23.79","7.23","7.26","7.24","Ch4","(07/25/22 21:01:30)","SMR","5.98000000000002","_2022_box"
"min364_370",364,"0.19","7.64",0.00105,"23.75","23.79","23.77","7.24","7.26","7.25","Ch4","(07/25/22 21:11:30)","SMR","5.98000000000002","_2022_box"
"min374_380",374,"0.375","7.95",0.00184,"23.72","23.77","23.75","7.25","7.27","7.26","Ch4","(07/25/22 21:21:30)","SMR","5.97000000000003","_2022_box"
"min384_390",384,"0.932","10.14",0.00748,"23.7","23.75","23.73","7.22","7.26","7.24","Ch4","(07/25/22 21:31:30)","SMR","5.97000000000003","_2022_box"
"min394_400",394,"0.608","8.25",0.00258,"23.68","23.73","23.71","7.2","7.23","7.22","Ch4","(07/25/22 21:41:30)","SMR","5.96000000000004","_2022_box"
"min404_410",404,"0.215","7.65",0.00105,"23.67","23.72","23.69","7.21","7.24","7.22","Ch4","(07/25/22 21:51:30)","SMR","5.97000000000003","_2022_box"
"min414_420",414,"0.504","8.1",0.00208,"23.65","23.68","23.67","7.22","7.24","7.23","Ch4","(07/25/22 22:01:31)","SMR","5.97000000000003","_2022_box"
"min424_430",424,"0.725","8.65",0.00333,"23.61","23.66","23.64","7.21","7.24","7.23","Ch4","(07/25/22 22:11:30)","SMR","5.98000000000002","_2022_box"
"min434_440",434,"0.656","8.54",0.003,"23.6","23.63","23.61","7.21","7.25","7.23","Ch4","(07/25/22 22:21:30)","SMR","5.98000000000002","_2022_box"
"min444_450",444,"0.825","8.97",0.00394,"23.57","23.6","23.59","7.2","7.23","7.21","Ch4","(07/25/22 22:31:30)","SMR","5.97000000000003","_2022_box"
"min454_460",454,"0.31","7.82",0.00133,"23.55","23.59","23.57","7.2","7.22","7.21","Ch4","(07/25/22 22:41:30)","SMR","5.96000000000004","_2022_box"
"min464_470",464,"0.11","7.59",0.00079,"23.53","23.57","23.55","7.21","7.23","7.22","Ch4","(07/25/22 22:51:30)","SMR","5.97000000000003","_2022_box"
"min474_480",474,"0.003","7.32",0.00016,"23.5","23.55","23.52","7.22","7.25","7.24","Ch4","(07/25/22 23:01:31)","SMR","5.97000000000003","_2022_box"
"min484_490",484,"0.113","7.66",0.00084,"23.45","23.51","23.48","7.24","7.26","7.25","Ch4","(07/25/22 23:11:30)","SMR","5.98000000000002","_2022_box"
"min494_500",494,"0.037","7.49",0.00047,"23.35","23.48","23.43","7.25","7.27","7.26","Ch4","(07/25/22 23:21:30)","SMR","5.98000000000002","_2022_box"
"min504_510",504,"0.001","7.31",6e-05,"23.17","23.3","23.21","7.27","7.29","7.28","Ch4","(07/25/22 23:31:30)","SMR","5.97000000000003","_2022_box"
"min514_520",514,"0.206","7.9",0.0012,"23.11","23.18","23.15","7.27","7.29","7.28","Ch4","(07/25/22 23:41:30)","SMR","5.97000000000003","_2022_box"
"min524_530",524,"0.112","7.68",0.00076,"23.08","23.14","23.12","7.26","7.29","7.27","Ch4","(07/25/22 23:51:30)","SMR","5.96000000000004","_2022_box"
"min534_540",534,"0.048","6.98",6e-04,"23.02","23.11","23.08","7.28","7.31","7.3","Ch4","(07/26/22 00:01:30)","SMR","5.97000000000003","_2022_box"
"min544_550",544,"0.004","7.41",0.00016,"22.99","23.06","23.02","7.3","7.33","7.32","Ch4","(07/26/22 00:11:31)","SMR","5.97000000000003","_2022_box"
"min554_560",554,"0.29","8.22",0.0016,"22.91","23.01","22.97","7.31","7.34","7.33","Ch4","(07/26/22 00:21:30)","SMR","5.98000000000002","_2022_box"
"min564_570",564,"0.003","7.25",0.00016,"22.89","22.95","22.92","7.33","7.36","7.34","Ch4","(07/26/22 00:31:30)","SMR","5.98000000000002","_2022_box"
"min574_580",574,"0.033","7.73",0.00062,"22.83","22.9","22.87","7.36","7.39","7.37","Ch4","(07/26/22 00:41:30)","SMR","5.98000000000002","_2022_box"
"min584_590",584,"0.557","8.79",0.0024,"22.77","22.84","22.81","7.37","7.39","7.38","Ch4","(07/26/22 00:51:30)","SMR","5.97000000000003","_2022_box"
"min594_600",594,"0.011","7.2",0.00033,"22.71","22.78","22.75","7.39","7.41","7.4","Ch4","(07/26/22 01:01:30)","SMR","5.97000000000003","_2022_box"
"min604_610",604,"0.175","8.16",0.00122,"22.65","22.73","22.68","7.4","7.43","7.42","Ch4","(07/26/22 01:11:30)","SMR","5.96000000000004","_2022_box"
"min614_620",614,"0.023","7.67",0.00039,"22.58","22.66","22.62","7.42","7.44","7.43","Ch4","(07/26/22 01:21:30)","SMR","5.97000000000003","_2022_box"
"min624_630",624,"0.025","7.76",0.00049,"22.51","22.59","22.55","7.44","7.46","7.45","Ch4","(07/26/22 01:31:31)","SMR","5.97000000000003","_2022_box"
"min634_640",634,"0","7.44",5e-05,"22.39","22.52","22.47","7.45","7.48","7.47","Ch4","(07/26/22 01:41:30)","SMR","5.98000000000002","_2022_box"
"min644_650",644,"0.026","7.21",0.00042,"22.32","22.42","22.37","7.47","7.5","7.48","Ch4","(07/26/22 01:51:30)","SMR","5.98000000000002","_2022_box"
"min654_660",654,"0.149","6.73",0.00119,"22.21","22.32","22.27","7.49","7.53","7.51","Ch4","(07/26/22 02:01:30)","SMR","5.98000000000002","_2022_box"
"min664_670",664,"0.018","7.27",0.00038,"22.14","22.24","22.19","7.51","7.54","7.53","Ch4","(07/26/22 02:11:30)","SMR","5.97000000000003","_2022_box"
"min674_680",674,"0.126","6.82",0.00107,"22.02","22.15","22.1","7.53","7.57","7.54","Ch4","(07/26/22 02:21:30)","SMR","5.97000000000003","_2022_box"
"min684_690",684,"0.034","7.2",0.00053,"21.96","22.08","22.03","7.55","7.58","7.56","Ch4","(07/26/22 02:31:30)","SMR","5.96000000000004","_2022_box"
"min694_700",694,"0.141","6.88",0.00101,"21.9","21.98","21.95","7.57","7.6","7.58","Ch4","(07/26/22 02:41:30)","SMR","5.97000000000003","_2022_box"
"min704_710",704,"0.025","7.92",0.00045,"21.79","21.91","21.87","7.59","7.63","7.6","Ch4","(07/26/22 02:51:31)","SMR","5.97000000000003","_2022_box"
"min714_720",714,"0.203","6.51",0.00155,"21.72","21.83","21.78","7.6","7.63","7.62","Ch4","(07/26/22 03:01:30)","SMR","5.98000000000002","_2022_box"
"min724_730",724,"0.168","6.91",0.00101,"21.62","21.73","21.69","7.62","7.65","7.64","Ch4","(07/26/22 03:11:30)","SMR","5.98000000000002","_2022_box"
"min734_740",734,"0.252","6.62",0.00141,"21.55","21.65","21.6","7.64","7.67","7.66","Ch4","(07/26/22 03:21:30)","SMR","5.98000000000002","_2022_box"
"min744_750",744,"0.39","6.24",0.00192,"21.45","21.55","21.49","7.66","7.69","7.68","Ch4","(07/26/22 03:31:30)","SMR","5.97000000000003","_2022_box"
"min754_760",754,"0.382","6.32",0.00183,"21.34","21.44","21.39","7.7","7.72","7.71","Ch4","(07/26/22 03:41:30)","SMR","5.97000000000003","_2022_box"
"min764_770",764,"0.037","7.3",0.00056,"21.25","21.35","21.29","7.72","7.75","7.73","Ch4","(07/26/22 03:51:30)","SMR","5.96000000000004","_2022_box"
"min774_780",774,"0.212","6.9",0.00109,"21.12","21.26","21.21","7.74","7.77","7.75","Ch4","(07/26/22 04:01:30)","SMR","5.97000000000003","_2022_box"
"min784_790",784,"0.302","6.36",0.0018,"21.06","21.17","21.11","7.76","7.79","7.78","Ch4","(07/26/22 04:11:31)","SMR","5.97000000000003","_2022_box"
"min794_800",794,"0.155","6.92",0.00111,"20.97","21.07","21.03","7.79","7.82","7.8","Ch4","(07/26/22 04:21:31)","SMR","5.97000000000003","_2022_box"
"min804_810",804,"0.081","7.23",0.00073,"20.89","20.98","20.94","7.81","7.83","7.82","Ch4","(07/26/22 04:31:30)","SMR","5.98000000000002","_2022_box"
"min814_820",814,"0.37","5.91",0.00237,"20.76","20.9","20.83","7.83","7.87","7.85","Ch4","(07/26/22 04:41:30)","SMR","5.98000000000002","_2022_box"
"min824_830",824,"0.018","7.61",0.00031,"20.7","20.78","20.75","7.85","7.88","7.87","Ch4","(07/26/22 04:51:30)","SMR","5.97000000000003","_2022_box"
"min834_840",834,"0.06","7.2",0.00082,"20.58","20.7","20.65","7.87","7.91","7.89","Ch4","(07/26/22 05:01:30)","SMR","5.97000000000003","_2022_box"
"min844_850",844,"0.025","7.6",0.00037,"20.51","20.59","20.56","7.89","7.92","7.91","Ch4","(07/26/22 05:11:30)","SMR","5.96000000000004","_2022_box"
"min854_860",854,"0.182","6.97",0.00111,"20.39","20.51","20.47","7.91","7.94","7.92","Ch4","(07/26/22 05:21:30)","SMR","5.96000000000004","_2022_box"
"min864_870",864,"0.025","7.6",4e-04,"20.34","20.42","20.38","7.93","7.95","7.94","Ch4","(07/26/22 05:31:30)","SMR","5.97000000000003","_2022_box"
"min874_880",874,"0.57","10.22",0.0026,"20.24","20.34","20.29","7.93","7.96","7.95","Ch4","(07/26/22 05:41:31)","SMR","5.97000000000003","_2022_box"
"min884_890",884,"0.015","8.23",0.00031,"20.14","20.25","20.21","7.94","7.97","7.95","Ch4","(07/26/22 05:51:30)","SMR","5.98000000000002","_2022_box"
"min894_900",894,"0.321","6.62",0.00151,"20.09","20.18","20.14","7.96","7.98","7.97","Ch4","(07/26/22 06:01:30)","SMR","5.98000000000002","_2022_box"
"min904_910",904,"0.235","6.6",0.00155,"19.98","20.09","20.05","7.99","8.02","8","Ch4","(07/26/22 06:11:30)","SMR","5.97000000000003","_2022_box"
"min914_920",914,"0.531","10.17",0.00236,"19.94","20.01","19.98","7.99","8.02","8.01","Ch4","(07/26/22 06:21:30)","SMR","5.97000000000003","_2022_box"
"min924_930",924,"0.585","5.58",0.00263,"19.87","19.96","19.92","8","8.03","8.02","Ch4","(07/26/22 06:31:30)","SMR","5.97000000000003","_2022_box"
"min934_940",934,"0.441","6.1",0.00208,"19.82","19.89","19.86","8.03","8.06","8.05","Ch4","(07/26/22 06:41:30)","SMR","5.96000000000004","_2022_box"
"min944_950",944,"0.238","6.79",0.00136,"19.74","19.84","19.8","8.06","8.09","8.08","Ch4","(07/26/22 06:51:30)","SMR","5.97000000000003","_2022_box"
"min954_960",954,"0.231","6.92",0.00124,"19.69","19.76","19.73","8.09","8.11","8.1","Ch4","(07/26/22 07:01:30)","SMR","5.97000000000003","_2022_box"
"min964_970",964,"0.272","6.9",0.00126,"19.63","19.7","19.67","8.11","8.13","8.12","Ch4","(07/26/22 07:11:31)","SMR","5.97000000000003","_2022_box"
"min974_980",974,"0.28","6.73",0.00145,"19.58","19.64","19.61","8.13","8.16","8.15","Ch4","(07/26/22 07:21:30)","SMR","5.98000000000002","_2022_box"
"min984_990",984,"0.021","7.83",0.00035,"19.52","19.59","19.55","8.16","8.18","8.17","Ch4","(07/26/22 07:31:30)","SMR","5.98000000000002","_2022_box"
"min994_1000",994,"0.017","7.91",0.00028,"19.51","19.54","19.52","8.18","8.2","8.19","Ch4","(07/26/22 07:41:30)","SMR","5.98000000000002","_2022_box"
"min1004_1010",1004,"0.006","8.35",0.00015,"19.52","19.54","19.53","8.19","8.2","8.2","Ch4","(07/26/22 07:51:30)","SMR","5.97000000000003","_2022_box"
"min1014_1020",1014,"0.266","6.66",0.00154,"19.43","19.47","19.45","8.21","8.23","8.22","Ch4","(07/26/22 08:01:30)","SMR","5.97000000000003","_2022_box"
"min1024_1030",1024,"0.404","10.09",0.00181,"19.45","19.47","19.46","8.21","8.24","8.23","Ch4","(07/26/22 08:11:30)","SMR","5.96000000000004","_2022_box"
"min1034_1040",1034,"0.209","4.92",0.00319,"19.09","19.5","19.46","8.21","8.31","8.22","Ch4","(07/26/22 08:21:30)","SMR","5.97000000000003","_2022_box"
"min1044_1050",1044,"0.856","13.9",0.00543,"19.38","19.45","19.41","8.19","8.23","8.22","Ch4","(07/26/22 08:31:30)","SMR","5.97000000000003","_2022_box"
